ISO-10303-21;
HEADER;
/* Generated by software containing ST-Developer
 * from STEP Tools, Inc. (www.steptools.com) 
 */

FILE_DESCRIPTION(
/* description */ (''),
/* implementation_level */ '2;1');

FILE_NAME(
/* name */ 'bottom.step',
/* time_stamp */ '2026-09-01T18:10:12+05:30',
/* author */ (''),
/* organization */ (''),
/* preprocessor_version */ 'ST-DEVELOPER v20.1',
/* originating_system */ 'Autodesk Translation Framework v15.8.0.0',
/* authorisation */ '');

FILE_SCHEMA (('AUTOMOTIVE_DESIGN { 1 0 10303 214 3 1 1 }'));
ENDSEC;

DATA;
#10=MECHANICAL_DESIGN_GEOMETRIC_PRESENTATION_REPRESENTATION('',(#13),#5882);
#11=SHAPE_REPRESENTATION_RELATIONSHIP('SRR','None',#5889,#12);
#12=ADVANCED_BREP_SHAPE_REPRESENTATION('',(#14),#5881);
#13=STYLED_ITEM('',(#5898),#14);
#14=MANIFOLD_SOLID_BREP('Bottom ',#3548);
#15=FACE_BOUND('',#1191,.T.);
#16=FACE_BOUND('',#1193,.T.);
#17=FACE_BOUND('',#1196,.T.);
#18=FACE_BOUND('',#1198,.T.);
#19=FACE_BOUND('',#1201,.T.);
#20=FACE_BOUND('',#1203,.T.);
#21=FACE_BOUND('',#1206,.T.);
#22=FACE_BOUND('',#1208,.T.);
#23=FACE_BOUND('',#1218,.T.);
#24=FACE_BOUND('',#1219,.T.);
#25=FACE_BOUND('',#1220,.T.);
#26=FACE_BOUND('',#1226,.T.);
#27=FACE_BOUND('',#1262,.T.);
#28=FACE_BOUND('',#1263,.T.);
#29=FACE_BOUND('',#1264,.T.);
#30=FACE_BOUND('',#1265,.T.);
#31=FACE_BOUND('',#1266,.T.);
#32=FACE_BOUND('',#1267,.T.);
#33=FACE_BOUND('',#1276,.T.);
#34=CYLINDRICAL_SURFACE('',#3574,1.9);
#35=CYLINDRICAL_SURFACE('',#3581,1.9);
#36=CYLINDRICAL_SURFACE('',#3588,1.9);
#37=CYLINDRICAL_SURFACE('',#3595,1.9);
#38=CYLINDRICAL_SURFACE('',#3602,1.49999999999999);
#39=CYLINDRICAL_SURFACE('',#3604,1.5);
#40=CYLINDRICAL_SURFACE('',#3606,1.5);
#41=CYLINDRICAL_SURFACE('',#3608,1.5);
#42=CYLINDRICAL_SURFACE('',#3610,6.75662329713975);
#43=CYLINDRICAL_SURFACE('',#3662,4.50236170658601);
#44=CYLINDRICAL_SURFACE('',#3668,4.50234327678967);
#45=CYLINDRICAL_SURFACE('',#3674,4.50242318727164);
#46=CYLINDRICAL_SURFACE('',#3680,4.50236153971899);
#47=CYLINDRICAL_SURFACE('',#3707,1.5);
#48=CYLINDRICAL_SURFACE('',#3710,1.5);
#49=CYLINDRICAL_SURFACE('',#3713,1.1);
#50=CYLINDRICAL_SURFACE('',#3716,1.1);
#51=CYLINDRICAL_SURFACE('',#3719,1.5);
#52=CYLINDRICAL_SURFACE('',#3722,1.49999999999999);
#53=CYLINDRICAL_SURFACE('',#3728,4.2603115136457);
#54=CYLINDRICAL_SURFACE('',#3730,4.26047632711653);
#55=CYLINDRICAL_SURFACE('',#3733,4.26031256437361);
#56=CYLINDRICAL_SURFACE('',#3735,4.26047533500497);
#57=CYLINDRICAL_SURFACE('',#3736,3.075);
#58=CYLINDRICAL_SURFACE('',#3739,4.26047533500497);
#59=CYLINDRICAL_SURFACE('',#3741,4.29999973083103);
#60=CYLINDRICAL_SURFACE('',#3742,3.075);
#61=CYLINDRICAL_SURFACE('',#3745,4.29999973083103);
#62=CYLINDRICAL_SURFACE('',#3748,4.299999730831);
#63=CYLINDRICAL_SURFACE('',#3752,1.575);
#64=CYLINDRICAL_SURFACE('',#3759,1.575);
#65=CYLINDRICAL_SURFACE('',#3763,1.575);
#66=CYLINDRICAL_SURFACE('',#3767,1.6);
#67=CYLINDRICAL_SURFACE('',#3768,3.1);
#68=CYLINDRICAL_SURFACE('',#3769,3.075);
#69=CYLINDRICAL_SURFACE('',#3770,3.075);
#70=CYLINDRICAL_SURFACE('',#3771,3.075);
#71=CYLINDRICAL_SURFACE('',#3797,4.50422996030243);
#72=CYLINDRICAL_SURFACE('',#3800,4.50173311456927);
#73=CYLINDRICAL_SURFACE('',#3804,4.50242318727165);
#74=CYLINDRICAL_SURFACE('',#3807,4.50376919092119);
#75=CYLINDRICAL_SURFACE('',#3812,5.50376919092118);
#76=CYLINDRICAL_SURFACE('',#3815,5.50173311456927);
#77=CYLINDRICAL_SURFACE('',#3817,5.50422996030243);
#78=CYLINDRICAL_SURFACE('',#3838,4.29999973083102);
#79=CYLINDRICAL_SURFACE('',#3839,4.299999730831);
#80=CYLINDRICAL_SURFACE('',#3840,5.50242318727165);
#81=CYLINDRICAL_SURFACE('',#3844,5.50236153971899);
#82=CYLINDRICAL_SURFACE('',#3847,5.50236170658601);
#83=CYLINDRICAL_SURFACE('',#3851,5.50234327678967);
#84=LINE('',#4861,#479);
#85=LINE('',#4863,#480);
#86=LINE('',#4864,#481);
#87=LINE('',#4875,#482);
#88=LINE('',#4877,#483);
#89=LINE('',#4878,#484);
#90=LINE('',#4882,#485);
#91=LINE('',#4884,#486);
#92=LINE('',#4886,#487);
#93=LINE('',#4887,#488);
#94=LINE('',#4890,#489);
#95=LINE('',#4892,#490);
#96=LINE('',#4893,#491);
#97=LINE('',#4896,#492);
#98=LINE('',#4898,#493);
#99=LINE('',#4899,#494);
#100=LINE('',#4902,#495);
#101=LINE('',#4904,#496);
#102=LINE('',#4906,#497);
#103=LINE('',#4907,#498);
#104=LINE('',#4912,#499);
#105=LINE('',#4924,#500);
#106=LINE('',#4936,#501);
#107=LINE('',#4948,#502);
#108=LINE('',#4959,#503);
#109=LINE('',#4963,#504);
#110=LINE('',#4967,#505);
#111=LINE('',#4971,#506);
#112=LINE('',#4977,#507);
#113=LINE('',#4980,#508);
#114=LINE('',#4982,#509);
#115=LINE('',#4986,#510);
#116=LINE('',#4988,#511);
#117=LINE('',#4990,#512);
#118=LINE('',#4992,#513);
#119=LINE('',#4994,#514);
#120=LINE('',#4996,#515);
#121=LINE('',#4998,#516);
#122=LINE('',#4999,#517);
#123=LINE('',#5003,#518);
#124=LINE('',#5004,#519);
#125=LINE('',#5005,#520);
#126=LINE('',#5007,#521);
#127=LINE('',#5009,#522);
#128=LINE('',#5011,#523);
#129=LINE('',#5013,#524);
#130=LINE('',#5015,#525);
#131=LINE('',#5017,#526);
#132=LINE('',#5019,#527);
#133=LINE('',#5021,#528);
#134=LINE('',#5023,#529);
#135=LINE('',#5025,#530);
#136=LINE('',#5027,#531);
#137=LINE('',#5029,#532);
#138=LINE('',#5030,#533);
#139=LINE('',#5033,#534);
#140=LINE('',#5035,#535);
#141=LINE('',#5037,#536);
#142=LINE('',#5045,#537);
#143=LINE('',#5053,#538);
#144=LINE('',#5057,#539);
#145=LINE('',#5059,#540);
#146=LINE('',#5061,#541);
#147=LINE('',#5065,#542);
#148=LINE('',#5069,#543);
#149=LINE('',#5071,#544);
#150=LINE('',#5073,#545);
#151=LINE('',#5075,#546);
#152=LINE('',#5077,#547);
#153=LINE('',#5079,#548);
#154=LINE('',#5083,#549);
#155=LINE('',#5085,#550);
#156=LINE('',#5087,#551);
#157=LINE('',#5091,#552);
#158=LINE('',#5093,#553);
#159=LINE('',#5095,#554);
#160=LINE('',#5099,#555);
#161=LINE('',#5100,#556);
#162=LINE('',#5110,#557);
#163=LINE('',#5111,#558);
#164=LINE('',#5113,#559);
#165=LINE('',#5115,#560);
#166=LINE('',#5117,#561);
#167=LINE('',#5119,#562);
#168=LINE('',#5120,#563);
#169=LINE('',#5123,#564);
#170=LINE('',#5124,#565);
#171=LINE('',#5127,#566);
#172=LINE('',#5128,#567);
#173=LINE('',#5130,#568);
#174=LINE('',#5133,#569);
#175=LINE('',#5135,#570);
#176=LINE('',#5139,#571);
#177=LINE('',#5141,#572);
#178=LINE('',#5143,#573);
#179=LINE('',#5145,#574);
#180=LINE('',#5149,#575);
#181=LINE('',#5151,#576);
#182=LINE('',#5153,#577);
#183=LINE('',#5155,#578);
#184=LINE('',#5157,#579);
#185=LINE('',#5159,#580);
#186=LINE('',#5161,#581);
#187=LINE('',#5163,#582);
#188=LINE('',#5165,#583);
#189=LINE('',#5169,#584);
#190=LINE('',#5171,#585);
#191=LINE('',#5173,#586);
#192=LINE('',#5176,#587);
#193=LINE('',#5182,#588);
#194=LINE('',#5184,#589);
#195=LINE('',#5186,#590);
#196=LINE('',#5187,#591);
#197=LINE('',#5191,#592);
#198=LINE('',#5192,#593);
#199=LINE('',#5194,#594);
#200=LINE('',#5195,#595);
#201=LINE('',#5198,#596);
#202=LINE('',#5200,#597);
#203=LINE('',#5201,#598);
#204=LINE('',#5204,#599);
#205=LINE('',#5205,#600);
#206=LINE('',#5206,#601);
#207=LINE('',#5208,#602);
#208=LINE('',#5211,#603);
#209=LINE('',#5213,#604);
#210=LINE('',#5215,#605);
#211=LINE('',#5219,#606);
#212=LINE('',#5221,#607);
#213=LINE('',#5223,#608);
#214=LINE('',#5225,#609);
#215=LINE('',#5227,#610);
#216=LINE('',#5231,#611);
#217=LINE('',#5232,#612);
#218=LINE('',#5236,#613);
#219=LINE('',#5238,#614);
#220=LINE('',#5240,#615);
#221=LINE('',#5241,#616);
#222=LINE('',#5244,#617);
#223=LINE('',#5246,#618);
#224=LINE('',#5247,#619);
#225=LINE('',#5249,#620);
#226=LINE('',#5250,#621);
#227=LINE('',#5253,#622);
#228=LINE('',#5255,#623);
#229=LINE('',#5259,#624);
#230=LINE('',#5260,#625);
#231=LINE('',#5262,#626);
#232=LINE('',#5264,#627);
#233=LINE('',#5268,#628);
#234=LINE('',#5269,#629);
#235=LINE('',#5271,#630);
#236=LINE('',#5273,#631);
#237=LINE('',#5274,#632);
#238=LINE('',#5278,#633);
#239=LINE('',#5280,#634);
#240=LINE('',#5282,#635);
#241=LINE('',#5283,#636);
#242=LINE('',#5285,#637);
#243=LINE('',#5286,#638);
#244=LINE('',#5290,#639);
#245=LINE('',#5292,#640);
#246=LINE('',#5294,#641);
#247=LINE('',#5295,#642);
#248=LINE('',#5298,#643);
#249=LINE('',#5300,#644);
#250=LINE('',#5301,#645);
#251=LINE('',#5306,#646);
#252=LINE('',#5310,#647);
#253=LINE('',#5312,#648);
#254=LINE('',#5313,#649);
#255=LINE('',#5316,#650);
#256=LINE('',#5318,#651);
#257=LINE('',#5319,#652);
#258=LINE('',#5322,#653);
#259=LINE('',#5324,#654);
#260=LINE('',#5325,#655);
#261=LINE('',#5330,#656);
#262=LINE('',#5334,#657);
#263=LINE('',#5336,#658);
#264=LINE('',#5337,#659);
#265=LINE('',#5340,#660);
#266=LINE('',#5342,#661);
#267=LINE('',#5343,#662);
#268=LINE('',#5346,#663);
#269=LINE('',#5348,#664);
#270=LINE('',#5349,#665);
#271=LINE('',#5354,#666);
#272=LINE('',#5358,#667);
#273=LINE('',#5360,#668);
#274=LINE('',#5361,#669);
#275=LINE('',#5364,#670);
#276=LINE('',#5366,#671);
#277=LINE('',#5367,#672);
#278=LINE('',#5370,#673);
#279=LINE('',#5372,#674);
#280=LINE('',#5373,#675);
#281=LINE('',#5378,#676);
#282=LINE('',#5382,#677);
#283=LINE('',#5384,#678);
#284=LINE('',#5385,#679);
#285=LINE('',#5388,#680);
#286=LINE('',#5390,#681);
#287=LINE('',#5391,#682);
#288=LINE('',#5393,#683);
#289=LINE('',#5394,#684);
#290=LINE('',#5396,#685);
#291=LINE('',#5400,#686);
#292=LINE('',#5402,#687);
#293=LINE('',#5404,#688);
#294=LINE('',#5408,#689);
#295=LINE('',#5410,#690);
#296=LINE('',#5412,#691);
#297=LINE('',#5416,#692);
#298=LINE('',#5418,#693);
#299=LINE('',#5420,#694);
#300=LINE('',#5423,#695);
#301=LINE('',#5426,#696);
#302=LINE('',#5428,#697);
#303=LINE('',#5429,#698);
#304=LINE('',#5432,#699);
#305=LINE('',#5434,#700);
#306=LINE('',#5435,#701);
#307=LINE('',#5438,#702);
#308=LINE('',#5440,#703);
#309=LINE('',#5444,#704);
#310=LINE('',#5448,#705);
#311=LINE('',#5456,#706);
#312=LINE('',#5463,#707);
#313=LINE('',#5465,#708);
#314=LINE('',#5467,#709);
#315=LINE('',#5471,#710);
#316=LINE('',#5475,#711);
#317=LINE('',#5479,#712);
#318=LINE('',#5482,#713);
#319=LINE('',#5489,#714);
#320=LINE('',#5494,#715);
#321=LINE('',#5502,#716);
#322=LINE('',#5505,#717);
#323=LINE('',#5511,#718);
#324=LINE('',#5516,#719);
#325=LINE('',#5522,#720);
#326=LINE('',#5524,#721);
#327=LINE('',#5525,#722);
#328=LINE('',#5528,#723);
#329=LINE('',#5529,#724);
#330=LINE('',#5531,#725);
#331=LINE('',#5532,#726);
#332=LINE('',#5534,#727);
#333=LINE('',#5536,#728);
#334=LINE('',#5538,#729);
#335=LINE('',#5540,#730);
#336=LINE('',#5541,#731);
#337=LINE('',#5544,#732);
#338=LINE('',#5546,#733);
#339=LINE('',#5547,#734);
#340=LINE('',#5549,#735);
#341=LINE('',#5550,#736);
#342=LINE('',#5552,#737);
#343=LINE('',#5555,#738);
#344=LINE('',#5556,#739);
#345=LINE('',#5559,#740);
#346=LINE('',#5564,#741);
#347=LINE('',#5565,#742);
#348=LINE('',#5567,#743);
#349=LINE('',#5570,#744);
#350=LINE('',#5571,#745);
#351=LINE('',#5574,#746);
#352=LINE('',#5579,#747);
#353=LINE('',#5580,#748);
#354=LINE('',#5582,#749);
#355=LINE('',#5584,#750);
#356=LINE('',#5585,#751);
#357=LINE('',#5588,#752);
#358=LINE('',#5589,#753);
#359=LINE('',#5590,#754);
#360=LINE('',#5592,#755);
#361=LINE('',#5595,#756);
#362=LINE('',#5596,#757);
#363=LINE('',#5599,#758);
#364=LINE('',#5603,#759);
#365=LINE('',#5607,#760);
#366=LINE('',#5612,#761);
#367=LINE('',#5615,#762);
#368=LINE('',#5619,#763);
#369=LINE('',#5622,#764);
#370=LINE('',#5627,#765);
#371=LINE('',#5630,#766);
#372=LINE('',#5632,#767);
#373=LINE('',#5635,#768);
#374=LINE('',#5638,#769);
#375=LINE('',#5642,#770);
#376=LINE('',#5643,#771);
#377=LINE('',#5645,#772);
#378=LINE('',#5647,#773);
#379=LINE('',#5648,#774);
#380=LINE('',#5650,#775);
#381=LINE('',#5652,#776);
#382=LINE('',#5653,#777);
#383=LINE('',#5655,#778);
#384=LINE('',#5657,#779);
#385=LINE('',#5658,#780);
#386=LINE('',#5660,#781);
#387=LINE('',#5664,#782);
#388=LINE('',#5666,#783);
#389=LINE('',#5668,#784);
#390=LINE('',#5669,#785);
#391=LINE('',#5672,#786);
#392=LINE('',#5674,#787);
#393=LINE('',#5676,#788);
#394=LINE('',#5677,#789);
#395=LINE('',#5680,#790);
#396=LINE('',#5684,#791);
#397=LINE('',#5686,#792);
#398=LINE('',#5688,#793);
#399=LINE('',#5692,#794);
#400=LINE('',#5693,#795);
#401=LINE('',#5695,#796);
#402=LINE('',#5697,#797);
#403=LINE('',#5701,#798);
#404=LINE('',#5703,#799);
#405=LINE('',#5705,#800);
#406=LINE('',#5709,#801);
#407=LINE('',#5710,#802);
#408=LINE('',#5712,#803);
#409=LINE('',#5713,#804);
#410=LINE('',#5715,#805);
#411=LINE('',#5716,#806);
#412=LINE('',#5718,#807);
#413=LINE('',#5722,#808);
#414=LINE('',#5726,#809);
#415=LINE('',#5727,#810);
#416=LINE('',#5733,#811);
#417=LINE('',#5736,#812);
#418=LINE('',#5738,#813);
#419=LINE('',#5740,#814);
#420=LINE('',#5743,#815);
#421=LINE('',#5745,#816);
#422=LINE('',#5747,#817);
#423=LINE('',#5749,#818);
#424=LINE('',#5751,#819);
#425=LINE('',#5753,#820);
#426=LINE('',#5756,#821);
#427=LINE('',#5758,#822);
#428=LINE('',#5760,#823);
#429=LINE('',#5764,#824);
#430=LINE('',#5765,#825);
#431=LINE('',#5768,#826);
#432=LINE('',#5769,#827);
#433=LINE('',#5775,#828);
#434=LINE('',#5779,#829);
#435=LINE('',#5780,#830);
#436=LINE('',#5784,#831);
#437=LINE('',#5785,#832);
#438=LINE('',#5787,#833);
#439=LINE('',#5790,#834);
#440=LINE('',#5793,#835);
#441=LINE('',#5796,#836);
#442=LINE('',#5799,#837);
#443=LINE('',#5803,#838);
#444=LINE('',#5806,#839);
#445=LINE('',#5809,#840);
#446=LINE('',#5810,#841);
#447=LINE('',#5813,#842);
#448=LINE('',#5814,#843);
#449=LINE('',#5816,#844);
#450=LINE('',#5820,#845);
#451=LINE('',#5821,#846);
#452=LINE('',#5824,#847);
#453=LINE('',#5825,#848);
#454=LINE('',#5827,#849);
#455=LINE('',#5831,#850);
#456=LINE('',#5832,#851);
#457=LINE('',#5834,#852);
#458=LINE('',#5835,#853);
#459=LINE('',#5839,#854);
#460=LINE('',#5840,#855);
#461=LINE('',#5842,#856);
#462=LINE('',#5844,#857);
#463=LINE('',#5846,#858);
#464=LINE('',#5848,#859);
#465=LINE('',#5851,#860);
#466=LINE('',#5853,#861);
#467=LINE('',#5856,#862);
#468=LINE('',#5858,#863);
#469=LINE('',#5859,#864);
#470=LINE('',#5862,#865);
#471=LINE('',#5864,#866);
#472=LINE('',#5865,#867);
#473=LINE('',#5867,#868);
#474=LINE('',#5869,#869);
#475=LINE('',#5872,#870);
#476=LINE('',#5873,#871);
#477=LINE('',#5876,#872);
#478=LINE('',#5877,#873);
#479=VECTOR('',#3865,10.);
#480=VECTOR('',#3866,10.);
#481=VECTOR('',#3867,10.);
#482=VECTOR('',#3876,10.);
#483=VECTOR('',#3877,10.);
#484=VECTOR('',#3878,10.);
#485=VECTOR('',#3881,10.);
#486=VECTOR('',#3882,10.);
#487=VECTOR('',#3883,10.);
#488=VECTOR('',#3884,10.);
#489=VECTOR('',#3887,10.);
#490=VECTOR('',#3888,10.);
#491=VECTOR('',#3889,10.);
#492=VECTOR('',#3892,10.);
#493=VECTOR('',#3893,10.);
#494=VECTOR('',#3894,10.);
#495=VECTOR('',#3897,10.);
#496=VECTOR('',#3898,10.);
#497=VECTOR('',#3899,10.);
#498=VECTOR('',#3900,10.);
#499=VECTOR('',#3905,1.9);
#500=VECTOR('',#3920,1.9);
#501=VECTOR('',#3935,1.9);
#502=VECTOR('',#3950,1.9);
#503=VECTOR('',#3965,1.49999999999999);
#504=VECTOR('',#3970,1.5);
#505=VECTOR('',#3975,1.5);
#506=VECTOR('',#3980,1.5);
#507=VECTOR('',#3985,10.);
#508=VECTOR('',#3988,10.);
#509=VECTOR('',#3991,10.);
#510=VECTOR('',#3994,10.);
#511=VECTOR('',#3995,10.);
#512=VECTOR('',#3996,10.);
#513=VECTOR('',#3997,10.);
#514=VECTOR('',#3998,10.);
#515=VECTOR('',#3999,10.);
#516=VECTOR('',#4000,10.);
#517=VECTOR('',#4001,10.);
#518=VECTOR('',#4004,10.);
#519=VECTOR('',#4005,10.);
#520=VECTOR('',#4006,10.);
#521=VECTOR('',#4007,10.);
#522=VECTOR('',#4008,10.);
#523=VECTOR('',#4009,10.);
#524=VECTOR('',#4010,10.);
#525=VECTOR('',#4011,10.);
#526=VECTOR('',#4012,10.);
#527=VECTOR('',#4013,10.);
#528=VECTOR('',#4014,10.);
#529=VECTOR('',#4015,10.);
#530=VECTOR('',#4016,10.);
#531=VECTOR('',#4017,10.);
#532=VECTOR('',#4018,10.);
#533=VECTOR('',#4019,10.);
#534=VECTOR('',#4022,10.);
#535=VECTOR('',#4023,10.);
#536=VECTOR('',#4024,10.);
#537=VECTOR('',#4031,10.);
#538=VECTOR('',#4038,10.);
#539=VECTOR('',#4041,10.);
#540=VECTOR('',#4042,10.);
#541=VECTOR('',#4043,10.);
#542=VECTOR('',#4046,10.);
#543=VECTOR('',#4049,10.);
#544=VECTOR('',#4050,10.);
#545=VECTOR('',#4051,10.);
#546=VECTOR('',#4052,10.);
#547=VECTOR('',#4053,10.);
#548=VECTOR('',#4054,10.);
#549=VECTOR('',#4057,10.);
#550=VECTOR('',#4058,10.);
#551=VECTOR('',#4059,10.);
#552=VECTOR('',#4062,10.);
#553=VECTOR('',#4063,10.);
#554=VECTOR('',#4064,10.);
#555=VECTOR('',#4067,10.);
#556=VECTOR('',#4068,10.);
#557=VECTOR('',#4077,10.);
#558=VECTOR('',#4078,10.);
#559=VECTOR('',#4079,10.);
#560=VECTOR('',#4080,10.);
#561=VECTOR('',#4081,10.);
#562=VECTOR('',#4082,10.);
#563=VECTOR('',#4083,10.);
#564=VECTOR('',#4086,10.);
#565=VECTOR('',#4087,10.);
#566=VECTOR('',#4090,10.);
#567=VECTOR('',#4091,10.);
#568=VECTOR('',#4094,10.);
#569=VECTOR('',#4097,10.);
#570=VECTOR('',#4098,10.);
#571=VECTOR('',#4101,10.);
#572=VECTOR('',#4102,10.);
#573=VECTOR('',#4103,10.);
#574=VECTOR('',#4104,10.);
#575=VECTOR('',#4107,10.);
#576=VECTOR('',#4108,10.);
#577=VECTOR('',#4109,10.);
#578=VECTOR('',#4110,10.);
#579=VECTOR('',#4111,10.);
#580=VECTOR('',#4112,10.);
#581=VECTOR('',#4113,10.);
#582=VECTOR('',#4114,10.);
#583=VECTOR('',#4115,10.);
#584=VECTOR('',#4118,10.);
#585=VECTOR('',#4119,10.);
#586=VECTOR('',#4120,10.);
#587=VECTOR('',#4123,10.);
#588=VECTOR('',#4128,10.);
#589=VECTOR('',#4129,10.);
#590=VECTOR('',#4130,10.);
#591=VECTOR('',#4131,10.);
#592=VECTOR('',#4134,10.);
#593=VECTOR('',#4135,10.);
#594=VECTOR('',#4136,10.);
#595=VECTOR('',#4137,10.);
#596=VECTOR('',#4140,10.);
#597=VECTOR('',#4141,10.);
#598=VECTOR('',#4142,10.);
#599=VECTOR('',#4145,10.);
#600=VECTOR('',#4146,10.);
#601=VECTOR('',#4147,10.);
#602=VECTOR('',#4150,10.);
#603=VECTOR('',#4155,10.);
#604=VECTOR('',#4156,10.);
#605=VECTOR('',#4157,10.);
#606=VECTOR('',#4160,10.);
#607=VECTOR('',#4161,10.);
#608=VECTOR('',#4162,10.);
#609=VECTOR('',#4163,10.);
#610=VECTOR('',#4164,10.);
#611=VECTOR('',#4167,10.);
#612=VECTOR('',#4168,10.);
#613=VECTOR('',#4171,10.);
#614=VECTOR('',#4172,10.);
#615=VECTOR('',#4173,10.);
#616=VECTOR('',#4174,10.);
#617=VECTOR('',#4177,10.);
#618=VECTOR('',#4178,10.);
#619=VECTOR('',#4179,10.);
#620=VECTOR('',#4182,10.);
#621=VECTOR('',#4183,10.);
#622=VECTOR('',#4186,10.);
#623=VECTOR('',#4187,10.);
#624=VECTOR('',#4190,10.);
#625=VECTOR('',#4191,10.);
#626=VECTOR('',#4192,10.);
#627=VECTOR('',#4193,10.);
#628=VECTOR('',#4196,10.);
#629=VECTOR('',#4197,10.);
#630=VECTOR('',#4200,10.);
#631=VECTOR('',#4201,10.);
#632=VECTOR('',#4202,10.);
#633=VECTOR('',#4205,10.);
#634=VECTOR('',#4206,10.);
#635=VECTOR('',#4207,10.);
#636=VECTOR('',#4208,10.);
#637=VECTOR('',#4211,10.);
#638=VECTOR('',#4212,10.);
#639=VECTOR('',#4215,10.);
#640=VECTOR('',#4216,10.);
#641=VECTOR('',#4217,10.);
#642=VECTOR('',#4218,10.);
#643=VECTOR('',#4221,10.);
#644=VECTOR('',#4222,10.);
#645=VECTOR('',#4223,10.);
#646=VECTOR('',#4228,10.);
#647=VECTOR('',#4233,10.);
#648=VECTOR('',#4234,10.);
#649=VECTOR('',#4235,10.);
#650=VECTOR('',#4238,10.);
#651=VECTOR('',#4239,10.);
#652=VECTOR('',#4240,10.);
#653=VECTOR('',#4243,10.);
#654=VECTOR('',#4244,10.);
#655=VECTOR('',#4245,10.);
#656=VECTOR('',#4250,10.);
#657=VECTOR('',#4255,10.);
#658=VECTOR('',#4256,10.);
#659=VECTOR('',#4257,10.);
#660=VECTOR('',#4260,10.);
#661=VECTOR('',#4261,10.);
#662=VECTOR('',#4262,10.);
#663=VECTOR('',#4265,10.);
#664=VECTOR('',#4266,10.);
#665=VECTOR('',#4267,10.);
#666=VECTOR('',#4272,10.);
#667=VECTOR('',#4277,10.);
#668=VECTOR('',#4278,10.);
#669=VECTOR('',#4279,10.);
#670=VECTOR('',#4282,10.);
#671=VECTOR('',#4283,10.);
#672=VECTOR('',#4284,10.);
#673=VECTOR('',#4287,10.);
#674=VECTOR('',#4288,10.);
#675=VECTOR('',#4289,10.);
#676=VECTOR('',#4294,10.);
#677=VECTOR('',#4299,10.);
#678=VECTOR('',#4300,10.);
#679=VECTOR('',#4301,10.);
#680=VECTOR('',#4304,10.);
#681=VECTOR('',#4305,10.);
#682=VECTOR('',#4306,10.);
#683=VECTOR('',#4309,10.);
#684=VECTOR('',#4310,10.);
#685=VECTOR('',#4311,10.);
#686=VECTOR('',#4314,10.);
#687=VECTOR('',#4315,10.);
#688=VECTOR('',#4316,10.);
#689=VECTOR('',#4319,10.);
#690=VECTOR('',#4320,10.);
#691=VECTOR('',#4321,10.);
#692=VECTOR('',#4324,10.);
#693=VECTOR('',#4325,10.);
#694=VECTOR('',#4326,10.);
#695=VECTOR('',#4329,10.);
#696=VECTOR('',#4332,10.);
#697=VECTOR('',#4333,10.);
#698=VECTOR('',#4334,10.);
#699=VECTOR('',#4337,10.);
#700=VECTOR('',#4338,10.);
#701=VECTOR('',#4339,10.);
#702=VECTOR('',#4342,10.);
#703=VECTOR('',#4343,10.);
#704=VECTOR('',#4346,10.);
#705=VECTOR('',#4349,10.);
#706=VECTOR('',#4356,10.);
#707=VECTOR('',#4363,10.);
#708=VECTOR('',#4364,10.);
#709=VECTOR('',#4365,10.);
#710=VECTOR('',#4368,10.);
#711=VECTOR('',#4371,10.);
#712=VECTOR('',#4374,10.);
#713=VECTOR('',#4377,10.);
#714=VECTOR('',#4384,1.5);
#715=VECTOR('',#4391,1.5);
#716=VECTOR('',#4400,10.);
#717=VECTOR('',#4403,10.);
#718=VECTOR('',#4412,1.5);
#719=VECTOR('',#4419,1.49999999999999);
#720=VECTOR('',#4428,10.);
#721=VECTOR('',#4429,10.);
#722=VECTOR('',#4430,10.);
#723=VECTOR('',#4433,10.);
#724=VECTOR('',#4434,10.);
#725=VECTOR('',#4437,10.);
#726=VECTOR('',#4438,10.);
#727=VECTOR('',#4441,10.);
#728=VECTOR('',#4444,10.);
#729=VECTOR('',#4447,10.);
#730=VECTOR('',#4448,10.);
#731=VECTOR('',#4449,10.);
#732=VECTOR('',#4452,10.);
#733=VECTOR('',#4453,10.);
#734=VECTOR('',#4454,10.);
#735=VECTOR('',#4457,10.);
#736=VECTOR('',#4458,10.);
#737=VECTOR('',#4461,10.);
#738=VECTOR('',#4464,10.);
#739=VECTOR('',#4465,10.);
#740=VECTOR('',#4468,10.);
#741=VECTOR('',#4475,10.);
#742=VECTOR('',#4476,10.);
#743=VECTOR('',#4479,10.);
#744=VECTOR('',#4482,10.);
#745=VECTOR('',#4483,10.);
#746=VECTOR('',#4486,10.);
#747=VECTOR('',#4493,10.);
#748=VECTOR('',#4494,10.);
#749=VECTOR('',#4497,10.);
#750=VECTOR('',#4498,10.);
#751=VECTOR('',#4499,10.);
#752=VECTOR('',#4502,10.);
#753=VECTOR('',#4503,10.);
#754=VECTOR('',#4504,10.);
#755=VECTOR('',#4507,10.);
#756=VECTOR('',#4510,10.);
#757=VECTOR('',#4511,10.);
#758=VECTOR('',#4514,2.325);
#759=VECTOR('',#4519,1.575);
#760=VECTOR('',#4524,2.325);
#761=VECTOR('',#4531,2.325);
#762=VECTOR('',#4536,1.575);
#763=VECTOR('',#4541,2.325);
#764=VECTOR('',#4546,1.575);
#765=VECTOR('',#4551,2.35);
#766=VECTOR('',#4556,1.6);
#767=VECTOR('',#4559,3.1);
#768=VECTOR('',#4564,3.075);
#769=VECTOR('',#4569,10.);
#770=VECTOR('',#4574,10.);
#771=VECTOR('',#4575,10.);
#772=VECTOR('',#4578,10.);
#773=VECTOR('',#4581,10.);
#774=VECTOR('',#4582,10.);
#775=VECTOR('',#4583,10.);
#776=VECTOR('',#4584,10.);
#777=VECTOR('',#4585,10.);
#778=VECTOR('',#4586,10.);
#779=VECTOR('',#4587,10.);
#780=VECTOR('',#4588,10.);
#781=VECTOR('',#4591,10.);
#782=VECTOR('',#4596,10.);
#783=VECTOR('',#4597,10.);
#784=VECTOR('',#4598,10.);
#785=VECTOR('',#4599,10.);
#786=VECTOR('',#4602,10.);
#787=VECTOR('',#4603,10.);
#788=VECTOR('',#4604,10.);
#789=VECTOR('',#4605,10.);
#790=VECTOR('',#4608,10.);
#791=VECTOR('',#4611,10.);
#792=VECTOR('',#4612,10.);
#793=VECTOR('',#4613,10.);
#794=VECTOR('',#4616,10.);
#795=VECTOR('',#4617,10.);
#796=VECTOR('',#4618,10.);
#797=VECTOR('',#4619,10.);
#798=VECTOR('',#4622,10.);
#799=VECTOR('',#4623,10.);
#800=VECTOR('',#4624,10.);
#801=VECTOR('',#4627,10.);
#802=VECTOR('',#4628,10.);
#803=VECTOR('',#4631,10.);
#804=VECTOR('',#4632,10.);
#805=VECTOR('',#4635,10.);
#806=VECTOR('',#4636,10.);
#807=VECTOR('',#4639,10.);
#808=VECTOR('',#4644,10.);
#809=VECTOR('',#4647,10.);
#810=VECTOR('',#4648,10.);
#811=VECTOR('',#4653,10.);
#812=VECTOR('',#4658,10.);
#813=VECTOR('',#4661,10.);
#814=VECTOR('',#4664,10.);
#815=VECTOR('',#4669,10.);
#816=VECTOR('',#4672,10.);
#817=VECTOR('',#4675,10.);
#818=VECTOR('',#4678,10.);
#819=VECTOR('',#4681,10.);
#820=VECTOR('',#4684,10.);
#821=VECTOR('',#4689,10.);
#822=VECTOR('',#4692,10.);
#823=VECTOR('',#4695,10.);
#824=VECTOR('',#4700,10.);
#825=VECTOR('',#4701,10.);
#826=VECTOR('',#4704,10.);
#827=VECTOR('',#4705,10.);
#828=VECTOR('',#4712,10.);
#829=VECTOR('',#4717,10.);
#830=VECTOR('',#4718,10.);
#831=VECTOR('',#4723,10.);
#832=VECTOR('',#4724,10.);
#833=VECTOR('',#4727,10.);
#834=VECTOR('',#4732,10.);
#835=VECTOR('',#4735,10.);
#836=VECTOR('',#4738,10.);
#837=VECTOR('',#4741,10.);
#838=VECTOR('',#4746,10.);
#839=VECTOR('',#4749,10.);
#840=VECTOR('',#4752,10.);
#841=VECTOR('',#4753,10.);
#842=VECTOR('',#4756,10.);
#843=VECTOR('',#4757,10.);
#844=VECTOR('',#4760,10.);
#845=VECTOR('',#4765,10.);
#846=VECTOR('',#4766,10.);
#847=VECTOR('',#4769,10.);
#848=VECTOR('',#4770,10.);
#849=VECTOR('',#4773,10.);
#850=VECTOR('',#4778,10.);
#851=VECTOR('',#4779,10.);
#852=VECTOR('',#4782,10.);
#853=VECTOR('',#4783,10.);
#854=VECTOR('',#4790,10.);
#855=VECTOR('',#4791,10.);
#856=VECTOR('',#4794,10.);
#857=VECTOR('',#4797,10.);
#858=VECTOR('',#4800,10.);
#859=VECTOR('',#4803,10.);
#860=VECTOR('',#4808,10.);
#861=VECTOR('',#4811,10.);
#862=VECTOR('',#4814,10.);
#863=VECTOR('',#4815,10.);
#864=VECTOR('',#4816,10.);
#865=VECTOR('',#4819,10.);
#866=VECTOR('',#4820,10.);
#867=VECTOR('',#4821,10.);
#868=VECTOR('',#4824,10.);
#869=VECTOR('',#4827,10.);
#870=VECTOR('',#4830,10.);
#871=VECTOR('',#4831,10.);
#872=VECTOR('',#4834,10.);
#873=VECTOR('',#4835,10.);
#874=PLANE('',#3565);
#875=PLANE('',#3569);
#876=PLANE('',#3570);
#877=PLANE('',#3571);
#878=PLANE('',#3572);
#879=PLANE('',#3573);
#880=PLANE('',#3577);
#881=PLANE('',#3579);
#882=PLANE('',#3584);
#883=PLANE('',#3586);
#884=PLANE('',#3591);
#885=PLANE('',#3593);
#886=PLANE('',#3598);
#887=PLANE('',#3600);
#888=PLANE('',#3613);
#889=PLANE('',#3614);
#890=PLANE('',#3615);
#891=PLANE('',#3616);
#892=PLANE('',#3632);
#893=PLANE('',#3633);
#894=PLANE('',#3634);
#895=PLANE('',#3635);
#896=PLANE('',#3636);
#897=PLANE('',#3642);
#898=PLANE('',#3643);
#899=PLANE('',#3644);
#900=PLANE('',#3645);
#901=PLANE('',#3646);
#902=PLANE('',#3647);
#903=PLANE('',#3648);
#904=PLANE('',#3651);
#905=PLANE('',#3652);
#906=PLANE('',#3653);
#907=PLANE('',#3654);
#908=PLANE('',#3657);
#909=PLANE('',#3658);
#910=PLANE('',#3659);
#911=PLANE('',#3660);
#912=PLANE('',#3661);
#913=PLANE('',#3665);
#914=PLANE('',#3666);
#915=PLANE('',#3667);
#916=PLANE('',#3671);
#917=PLANE('',#3672);
#918=PLANE('',#3673);
#919=PLANE('',#3677);
#920=PLANE('',#3678);
#921=PLANE('',#3679);
#922=PLANE('',#3683);
#923=PLANE('',#3684);
#924=PLANE('',#3685);
#925=PLANE('',#3690);
#926=PLANE('',#3691);
#927=PLANE('',#3692);
#928=PLANE('',#3709);
#929=PLANE('',#3712);
#930=PLANE('',#3721);
#931=PLANE('',#3724);
#932=PLANE('',#3725);
#933=PLANE('',#3726);
#934=PLANE('',#3727);
#935=PLANE('',#3729);
#936=PLANE('',#3731);
#937=PLANE('',#3732);
#938=PLANE('',#3734);
#939=PLANE('',#3740);
#940=PLANE('',#3746);
#941=PLANE('',#3747);
#942=PLANE('',#3749);
#943=PLANE('',#3772);
#944=PLANE('',#3773);
#945=PLANE('',#3774);
#946=PLANE('',#3775);
#947=PLANE('',#3776);
#948=PLANE('',#3777);
#949=PLANE('',#3778);
#950=PLANE('',#3779);
#951=PLANE('',#3780);
#952=PLANE('',#3781);
#953=PLANE('',#3786);
#954=PLANE('',#3787);
#955=PLANE('',#3788);
#956=PLANE('',#3789);
#957=PLANE('',#3790);
#958=PLANE('',#3792);
#959=PLANE('',#3795);
#960=PLANE('',#3796);
#961=PLANE('',#3798);
#962=PLANE('',#3799);
#963=PLANE('',#3801);
#964=PLANE('',#3802);
#965=PLANE('',#3803);
#966=PLANE('',#3805);
#967=PLANE('',#3806);
#968=PLANE('',#3808);
#969=PLANE('',#3809);
#970=PLANE('',#3810);
#971=PLANE('',#3811);
#972=PLANE('',#3819);
#973=PLANE('',#3820);
#974=PLANE('',#3821);
#975=PLANE('',#3822);
#976=PLANE('',#3824);
#977=PLANE('',#3826);
#978=PLANE('',#3828);
#979=PLANE('',#3829);
#980=PLANE('',#3830);
#981=PLANE('',#3831);
#982=PLANE('',#3832);
#983=PLANE('',#3833);
#984=PLANE('',#3834);
#985=PLANE('',#3835);
#986=PLANE('',#3836);
#987=PLANE('',#3837);
#988=PLANE('',#3841);
#989=PLANE('',#3842);
#990=PLANE('',#3843);
#991=PLANE('',#3845);
#992=PLANE('',#3846);
#993=PLANE('',#3848);
#994=PLANE('',#3849);
#995=PLANE('',#3850);
#996=PLANE('',#3852);
#997=PLANE('',#3853);
#998=PLANE('',#3854);
#999=FACE_OUTER_BOUND('',#1181,.T.);
#1000=FACE_OUTER_BOUND('',#1182,.T.);
#1001=FACE_OUTER_BOUND('',#1183,.T.);
#1002=FACE_OUTER_BOUND('',#1184,.T.);
#1003=FACE_OUTER_BOUND('',#1185,.T.);
#1004=FACE_OUTER_BOUND('',#1186,.T.);
#1005=FACE_OUTER_BOUND('',#1187,.T.);
#1006=FACE_OUTER_BOUND('',#1188,.T.);
#1007=FACE_OUTER_BOUND('',#1189,.T.);
#1008=FACE_OUTER_BOUND('',#1190,.T.);
#1009=FACE_OUTER_BOUND('',#1192,.T.);
#1010=FACE_OUTER_BOUND('',#1194,.T.);
#1011=FACE_OUTER_BOUND('',#1195,.T.);
#1012=FACE_OUTER_BOUND('',#1197,.T.);
#1013=FACE_OUTER_BOUND('',#1199,.T.);
#1014=FACE_OUTER_BOUND('',#1200,.T.);
#1015=FACE_OUTER_BOUND('',#1202,.T.);
#1016=FACE_OUTER_BOUND('',#1204,.T.);
#1017=FACE_OUTER_BOUND('',#1205,.T.);
#1018=FACE_OUTER_BOUND('',#1207,.T.);
#1019=FACE_OUTER_BOUND('',#1209,.T.);
#1020=FACE_OUTER_BOUND('',#1210,.T.);
#1021=FACE_OUTER_BOUND('',#1211,.T.);
#1022=FACE_OUTER_BOUND('',#1212,.T.);
#1023=FACE_OUTER_BOUND('',#1213,.T.);
#1024=FACE_OUTER_BOUND('',#1214,.T.);
#1025=FACE_OUTER_BOUND('',#1215,.T.);
#1026=FACE_OUTER_BOUND('',#1216,.T.);
#1027=FACE_OUTER_BOUND('',#1217,.T.);
#1028=FACE_OUTER_BOUND('',#1221,.T.);
#1029=FACE_OUTER_BOUND('',#1222,.T.);
#1030=FACE_OUTER_BOUND('',#1223,.T.);
#1031=FACE_OUTER_BOUND('',#1224,.T.);
#1032=FACE_OUTER_BOUND('',#1225,.T.);
#1033=FACE_OUTER_BOUND('',#1227,.T.);
#1034=FACE_OUTER_BOUND('',#1228,.T.);
#1035=FACE_OUTER_BOUND('',#1229,.T.);
#1036=FACE_OUTER_BOUND('',#1230,.T.);
#1037=FACE_OUTER_BOUND('',#1231,.T.);
#1038=FACE_OUTER_BOUND('',#1232,.T.);
#1039=FACE_OUTER_BOUND('',#1233,.T.);
#1040=FACE_OUTER_BOUND('',#1234,.T.);
#1041=FACE_OUTER_BOUND('',#1235,.T.);
#1042=FACE_OUTER_BOUND('',#1236,.T.);
#1043=FACE_OUTER_BOUND('',#1237,.T.);
#1044=FACE_OUTER_BOUND('',#1238,.T.);
#1045=FACE_OUTER_BOUND('',#1239,.T.);
#1046=FACE_OUTER_BOUND('',#1240,.T.);
#1047=FACE_OUTER_BOUND('',#1241,.T.);
#1048=FACE_OUTER_BOUND('',#1242,.T.);
#1049=FACE_OUTER_BOUND('',#1243,.T.);
#1050=FACE_OUTER_BOUND('',#1244,.T.);
#1051=FACE_OUTER_BOUND('',#1245,.T.);
#1052=FACE_OUTER_BOUND('',#1246,.T.);
#1053=FACE_OUTER_BOUND('',#1247,.T.);
#1054=FACE_OUTER_BOUND('',#1248,.T.);
#1055=FACE_OUTER_BOUND('',#1249,.T.);
#1056=FACE_OUTER_BOUND('',#1250,.T.);
#1057=FACE_OUTER_BOUND('',#1251,.T.);
#1058=FACE_OUTER_BOUND('',#1252,.T.);
#1059=FACE_OUTER_BOUND('',#1253,.T.);
#1060=FACE_OUTER_BOUND('',#1254,.T.);
#1061=FACE_OUTER_BOUND('',#1255,.T.);
#1062=FACE_OUTER_BOUND('',#1256,.T.);
#1063=FACE_OUTER_BOUND('',#1257,.T.);
#1064=FACE_OUTER_BOUND('',#1258,.T.);
#1065=FACE_OUTER_BOUND('',#1259,.T.);
#1066=FACE_OUTER_BOUND('',#1260,.T.);
#1067=FACE_OUTER_BOUND('',#1261,.T.);
#1068=FACE_OUTER_BOUND('',#1268,.T.);
#1069=FACE_OUTER_BOUND('',#1269,.T.);
#1070=FACE_OUTER_BOUND('',#1270,.T.);
#1071=FACE_OUTER_BOUND('',#1271,.T.);
#1072=FACE_OUTER_BOUND('',#1272,.T.);
#1073=FACE_OUTER_BOUND('',#1273,.T.);
#1074=FACE_OUTER_BOUND('',#1274,.T.);
#1075=FACE_OUTER_BOUND('',#1275,.T.);
#1076=FACE_OUTER_BOUND('',#1277,.T.);
#1077=FACE_OUTER_BOUND('',#1278,.T.);
#1078=FACE_OUTER_BOUND('',#1279,.T.);
#1079=FACE_OUTER_BOUND('',#1280,.T.);
#1080=FACE_OUTER_BOUND('',#1281,.T.);
#1081=FACE_OUTER_BOUND('',#1282,.T.);
#1082=FACE_OUTER_BOUND('',#1283,.T.);
#1083=FACE_OUTER_BOUND('',#1284,.T.);
#1084=FACE_OUTER_BOUND('',#1285,.T.);
#1085=FACE_OUTER_BOUND('',#1286,.T.);
#1086=FACE_OUTER_BOUND('',#1287,.T.);
#1087=FACE_OUTER_BOUND('',#1288,.T.);
#1088=FACE_OUTER_BOUND('',#1289,.T.);
#1089=FACE_OUTER_BOUND('',#1290,.T.);
#1090=FACE_OUTER_BOUND('',#1291,.T.);
#1091=FACE_OUTER_BOUND('',#1292,.T.);
#1092=FACE_OUTER_BOUND('',#1293,.T.);
#1093=FACE_OUTER_BOUND('',#1294,.T.);
#1094=FACE_OUTER_BOUND('',#1295,.T.);
#1095=FACE_OUTER_BOUND('',#1296,.T.);
#1096=FACE_OUTER_BOUND('',#1297,.T.);
#1097=FACE_OUTER_BOUND('',#1298,.T.);
#1098=FACE_OUTER_BOUND('',#1299,.T.);
#1099=FACE_OUTER_BOUND('',#1300,.T.);
#1100=FACE_OUTER_BOUND('',#1301,.T.);
#1101=FACE_OUTER_BOUND('',#1302,.T.);
#1102=FACE_OUTER_BOUND('',#1303,.T.);
#1103=FACE_OUTER_BOUND('',#1304,.T.);
#1104=FACE_OUTER_BOUND('',#1305,.T.);
#1105=FACE_OUTER_BOUND('',#1306,.T.);
#1106=FACE_OUTER_BOUND('',#1307,.T.);
#1107=FACE_OUTER_BOUND('',#1308,.T.);
#1108=FACE_OUTER_BOUND('',#1309,.T.);
#1109=FACE_OUTER_BOUND('',#1310,.T.);
#1110=FACE_OUTER_BOUND('',#1311,.T.);
#1111=FACE_OUTER_BOUND('',#1312,.T.);
#1112=FACE_OUTER_BOUND('',#1313,.T.);
#1113=FACE_OUTER_BOUND('',#1314,.T.);
#1114=FACE_OUTER_BOUND('',#1315,.T.);
#1115=FACE_OUTER_BOUND('',#1316,.T.);
#1116=FACE_OUTER_BOUND('',#1317,.T.);
#1117=FACE_OUTER_BOUND('',#1318,.T.);
#1118=FACE_OUTER_BOUND('',#1319,.T.);
#1119=FACE_OUTER_BOUND('',#1320,.T.);
#1120=FACE_OUTER_BOUND('',#1321,.T.);
#1121=FACE_OUTER_BOUND('',#1322,.T.);
#1122=FACE_OUTER_BOUND('',#1323,.T.);
#1123=FACE_OUTER_BOUND('',#1324,.T.);
#1124=FACE_OUTER_BOUND('',#1325,.T.);
#1125=FACE_OUTER_BOUND('',#1326,.T.);
#1126=FACE_OUTER_BOUND('',#1327,.T.);
#1127=FACE_OUTER_BOUND('',#1328,.T.);
#1128=FACE_OUTER_BOUND('',#1329,.T.);
#1129=FACE_OUTER_BOUND('',#1330,.T.);
#1130=FACE_OUTER_BOUND('',#1331,.T.);
#1131=FACE_OUTER_BOUND('',#1332,.T.);
#1132=FACE_OUTER_BOUND('',#1333,.T.);
#1133=FACE_OUTER_BOUND('',#1334,.T.);
#1134=FACE_OUTER_BOUND('',#1335,.T.);
#1135=FACE_OUTER_BOUND('',#1336,.T.);
#1136=FACE_OUTER_BOUND('',#1337,.T.);
#1137=FACE_OUTER_BOUND('',#1338,.T.);
#1138=FACE_OUTER_BOUND('',#1339,.T.);
#1139=FACE_OUTER_BOUND('',#1340,.T.);
#1140=FACE_OUTER_BOUND('',#1341,.T.);
#1141=FACE_OUTER_BOUND('',#1342,.T.);
#1142=FACE_OUTER_BOUND('',#1343,.T.);
#1143=FACE_OUTER_BOUND('',#1344,.T.);
#1144=FACE_OUTER_BOUND('',#1345,.T.);
#1145=FACE_OUTER_BOUND('',#1346,.T.);
#1146=FACE_OUTER_BOUND('',#1347,.T.);
#1147=FACE_OUTER_BOUND('',#1348,.T.);
#1148=FACE_OUTER_BOUND('',#1349,.T.);
#1149=FACE_OUTER_BOUND('',#1350,.T.);
#1150=FACE_OUTER_BOUND('',#1351,.T.);
#1151=FACE_OUTER_BOUND('',#1352,.T.);
#1152=FACE_OUTER_BOUND('',#1353,.T.);
#1153=FACE_OUTER_BOUND('',#1354,.T.);
#1154=FACE_OUTER_BOUND('',#1355,.T.);
#1155=FACE_OUTER_BOUND('',#1356,.T.);
#1156=FACE_OUTER_BOUND('',#1357,.T.);
#1157=FACE_OUTER_BOUND('',#1358,.T.);
#1158=FACE_OUTER_BOUND('',#1359,.T.);
#1159=FACE_OUTER_BOUND('',#1360,.T.);
#1160=FACE_OUTER_BOUND('',#1361,.T.);
#1161=FACE_OUTER_BOUND('',#1362,.T.);
#1162=FACE_OUTER_BOUND('',#1363,.T.);
#1163=FACE_OUTER_BOUND('',#1364,.T.);
#1164=FACE_OUTER_BOUND('',#1365,.T.);
#1165=FACE_OUTER_BOUND('',#1366,.T.);
#1166=FACE_OUTER_BOUND('',#1367,.T.);
#1167=FACE_OUTER_BOUND('',#1368,.T.);
#1168=FACE_OUTER_BOUND('',#1369,.T.);
#1169=FACE_OUTER_BOUND('',#1370,.T.);
#1170=FACE_OUTER_BOUND('',#1371,.T.);
#1171=FACE_OUTER_BOUND('',#1372,.T.);
#1172=FACE_OUTER_BOUND('',#1373,.T.);
#1173=FACE_OUTER_BOUND('',#1374,.T.);
#1174=FACE_OUTER_BOUND('',#1375,.T.);
#1175=FACE_OUTER_BOUND('',#1376,.T.);
#1176=FACE_OUTER_BOUND('',#1377,.T.);
#1177=FACE_OUTER_BOUND('',#1378,.T.);
#1178=FACE_OUTER_BOUND('',#1379,.T.);
#1179=FACE_OUTER_BOUND('',#1380,.T.);
#1180=FACE_OUTER_BOUND('',#1381,.T.);
#1181=EDGE_LOOP('',(#2341,#2342,#2343,#2344));
#1182=EDGE_LOOP('',(#2345,#2346,#2347,#2348));
#1183=EDGE_LOOP('',(#2349,#2350,#2351,#2352));
#1184=EDGE_LOOP('',(#2353,#2354,#2355,#2356));
#1185=EDGE_LOOP('',(#2357,#2358,#2359,#2360));
#1186=EDGE_LOOP('',(#2361,#2362,#2363,#2364));
#1187=EDGE_LOOP('',(#2365,#2366,#2367,#2368));
#1188=EDGE_LOOP('',(#2369,#2370,#2371,#2372,#2373,#2374,#2375));
#1189=EDGE_LOOP('',(#2376,#2377,#2378,#2379));
#1190=EDGE_LOOP('',(#2380));
#1191=EDGE_LOOP('',(#2381));
#1192=EDGE_LOOP('',(#2382));
#1193=EDGE_LOOP('',(#2383));
#1194=EDGE_LOOP('',(#2384,#2385,#2386,#2387));
#1195=EDGE_LOOP('',(#2388));
#1196=EDGE_LOOP('',(#2389));
#1197=EDGE_LOOP('',(#2390));
#1198=EDGE_LOOP('',(#2391));
#1199=EDGE_LOOP('',(#2392,#2393,#2394,#2395));
#1200=EDGE_LOOP('',(#2396));
#1201=EDGE_LOOP('',(#2397));
#1202=EDGE_LOOP('',(#2398));
#1203=EDGE_LOOP('',(#2399));
#1204=EDGE_LOOP('',(#2400,#2401,#2402,#2403));
#1205=EDGE_LOOP('',(#2404));
#1206=EDGE_LOOP('',(#2405));
#1207=EDGE_LOOP('',(#2406));
#1208=EDGE_LOOP('',(#2407));
#1209=EDGE_LOOP('',(#2408,#2409,#2410,#2411));
#1210=EDGE_LOOP('',(#2412,#2413,#2414,#2415));
#1211=EDGE_LOOP('',(#2416,#2417,#2418,#2419));
#1212=EDGE_LOOP('',(#2420,#2421,#2422,#2423));
#1213=EDGE_LOOP('',(#2424,#2425,#2426,#2427));
#1214=EDGE_LOOP('',(#2428,#2429));
#1215=EDGE_LOOP('',(#2430,#2431,#2432,#2433,#2434,#2435,#2436,#2437));
#1216=EDGE_LOOP('',(#2438,#2439,#2440,#2441,#2442,#2443,#2444,#2445,#2446,
#2447,#2448,#2449,#2450,#2451,#2452,#2453,#2454,#2455));
#1217=EDGE_LOOP('',(#2456,#2457,#2458,#2459,#2460,#2461,#2462,#2463,#2464,
#2465,#2466,#2467,#2468,#2469,#2470,#2471,#2472,#2473,#2474,#2475,#2476,
#2477,#2478,#2479,#2480,#2481,#2482,#2483,#2484,#2485,#2486,#2487,#2488,
#2489,#2490,#2491));
#1218=EDGE_LOOP('',(#2492));
#1219=EDGE_LOOP('',(#2493));
#1220=EDGE_LOOP('',(#2494));
#1221=EDGE_LOOP('',(#2495,#2496,#2497,#2498,#2499,#2500,#2501,#2502));
#1222=EDGE_LOOP('',(#2503,#2504,#2505,#2506));
#1223=EDGE_LOOP('',(#2507,#2508,#2509,#2510,#2511,#2512,#2513,#2514,#2515,
#2516));
#1224=EDGE_LOOP('',(#2517,#2518,#2519,#2520));
#1225=EDGE_LOOP('',(#2521,#2522,#2523,#2524,#2525,#2526,#2527,#2528,#2529,
#2530,#2531,#2532,#2533,#2534,#2535,#2536,#2537,#2538,#2539,#2540,#2541,
#2542,#2543,#2544));
#1226=EDGE_LOOP('',(#2545));
#1227=EDGE_LOOP('',(#2546,#2547,#2548,#2549));
#1228=EDGE_LOOP('',(#2550,#2551,#2552,#2553,#2554));
#1229=EDGE_LOOP('',(#2555,#2556,#2557,#2558));
#1230=EDGE_LOOP('',(#2559,#2560,#2561,#2562,#2563));
#1231=EDGE_LOOP('',(#2564,#2565,#2566,#2567));
#1232=EDGE_LOOP('',(#2568,#2569,#2570,#2571));
#1233=EDGE_LOOP('',(#2572,#2573,#2574,#2575,#2576,#2577,#2578,#2579,#2580,
#2581,#2582,#2583,#2584,#2585,#2586,#2587));
#1234=EDGE_LOOP('',(#2588,#2589,#2590,#2591));
#1235=EDGE_LOOP('',(#2592,#2593,#2594,#2595));
#1236=EDGE_LOOP('',(#2596,#2597,#2598,#2599));
#1237=EDGE_LOOP('',(#2600,#2601,#2602,#2603,#2604,#2605,#2606,#2607,#2608,
#2609,#2610,#2611));
#1238=EDGE_LOOP('',(#2612,#2613,#2614,#2615,#2616,#2617,#2618,#2619,#2620,
#2621,#2622,#2623));
#1239=EDGE_LOOP('',(#2624,#2625,#2626,#2627));
#1240=EDGE_LOOP('',(#2628,#2629,#2630,#2631));
#1241=EDGE_LOOP('',(#2632,#2633,#2634,#2635));
#1242=EDGE_LOOP('',(#2636,#2637,#2638,#2639));
#1243=EDGE_LOOP('',(#2640,#2641,#2642,#2643));
#1244=EDGE_LOOP('',(#2644,#2645,#2646,#2647));
#1245=EDGE_LOOP('',(#2648,#2649,#2650,#2651));
#1246=EDGE_LOOP('',(#2652,#2653,#2654,#2655));
#1247=EDGE_LOOP('',(#2656,#2657,#2658,#2659));
#1248=EDGE_LOOP('',(#2660,#2661,#2662,#2663));
#1249=EDGE_LOOP('',(#2664,#2665,#2666,#2667));
#1250=EDGE_LOOP('',(#2668,#2669,#2670,#2671));
#1251=EDGE_LOOP('',(#2672,#2673,#2674,#2675));
#1252=EDGE_LOOP('',(#2676,#2677,#2678,#2679));
#1253=EDGE_LOOP('',(#2680,#2681,#2682,#2683));
#1254=EDGE_LOOP('',(#2684,#2685,#2686,#2687));
#1255=EDGE_LOOP('',(#2688,#2689,#2690,#2691));
#1256=EDGE_LOOP('',(#2692,#2693,#2694,#2695));
#1257=EDGE_LOOP('',(#2696,#2697,#2698,#2699));
#1258=EDGE_LOOP('',(#2700,#2701,#2702,#2703,#2704,#2705,#2706,#2707,#2708,
#2709,#2710,#2711,#2712,#2713,#2714,#2715,#2716,#2717,#2718,#2719,#2720,
#2721,#2722,#2723,#2724,#2725,#2726,#2727,#2728,#2729,#2730,#2731,#2732,
#2733,#2734,#2735));
#1259=EDGE_LOOP('',(#2736,#2737,#2738,#2739,#2740,#2741));
#1260=EDGE_LOOP('',(#2742,#2743,#2744,#2745,#2746,#2747));
#1261=EDGE_LOOP('',(#2748,#2749,#2750,#2751,#2752,#2753,#2754,#2755,#2756,
#2757,#2758,#2759,#2760,#2761,#2762,#2763,#2764,#2765,#2766,#2767,#2768,
#2769,#2770,#2771,#2772,#2773,#2774,#2775,#2776,#2777,#2778,#2779,#2780,
#2781,#2782,#2783,#2784,#2785,#2786,#2787,#2788,#2789,#2790,#2791));
#1262=EDGE_LOOP('',(#2792));
#1263=EDGE_LOOP('',(#2793));
#1264=EDGE_LOOP('',(#2794));
#1265=EDGE_LOOP('',(#2795));
#1266=EDGE_LOOP('',(#2796));
#1267=EDGE_LOOP('',(#2797));
#1268=EDGE_LOOP('',(#2798,#2799,#2800,#2801));
#1269=EDGE_LOOP('',(#2802));
#1270=EDGE_LOOP('',(#2803,#2804,#2805,#2806));
#1271=EDGE_LOOP('',(#2807));
#1272=EDGE_LOOP('',(#2808,#2809,#2810,#2811));
#1273=EDGE_LOOP('',(#2812,#2813,#2814,#2815));
#1274=EDGE_LOOP('',(#2816,#2817,#2818,#2819));
#1275=EDGE_LOOP('',(#2820));
#1276=EDGE_LOOP('',(#2821,#2822));
#1277=EDGE_LOOP('',(#2823,#2824,#2825,#2826));
#1278=EDGE_LOOP('',(#2827));
#1279=EDGE_LOOP('',(#2828,#2829));
#1280=EDGE_LOOP('',(#2830,#2831,#2832,#2833));
#1281=EDGE_LOOP('',(#2834,#2835,#2836,#2837));
#1282=EDGE_LOOP('',(#2838,#2839,#2840,#2841));
#1283=EDGE_LOOP('',(#2842,#2843,#2844,#2845));
#1284=EDGE_LOOP('',(#2846,#2847,#2848,#2849));
#1285=EDGE_LOOP('',(#2850,#2851,#2852,#2853,#2854,#2855,#2856,#2857));
#1286=EDGE_LOOP('',(#2858,#2859,#2860,#2861));
#1287=EDGE_LOOP('',(#2862,#2863,#2864,#2865));
#1288=EDGE_LOOP('',(#2866,#2867,#2868,#2869));
#1289=EDGE_LOOP('',(#2870,#2871,#2872,#2873,#2874));
#1290=EDGE_LOOP('',(#2875,#2876,#2877,#2878,#2879));
#1291=EDGE_LOOP('',(#2880,#2881,#2882,#2883,#2884));
#1292=EDGE_LOOP('',(#2885,#2886,#2887,#2888));
#1293=EDGE_LOOP('',(#2889,#2890,#2891,#2892,#2893));
#1294=EDGE_LOOP('',(#2894,#2895,#2896,#2897,#2898));
#1295=EDGE_LOOP('',(#2899,#2900,#2901,#2902,#2903));
#1296=EDGE_LOOP('',(#2904,#2905,#2906,#2907,#2908,#2909,#2910,#2911,#2912,
#2913,#2914,#2915));
#1297=EDGE_LOOP('',(#2916,#2917,#2918,#2919,#2920,#2921,#2922,#2923));
#1298=EDGE_LOOP('',(#2924,#2925,#2926,#2927));
#1299=EDGE_LOOP('',(#2928,#2929,#2930,#2931,#2932,#2933,#2934,#2935));
#1300=EDGE_LOOP('',(#2936,#2937,#2938,#2939));
#1301=EDGE_LOOP('',(#2940,#2941,#2942,#2943));
#1302=EDGE_LOOP('',(#2944,#2945,#2946,#2947));
#1303=EDGE_LOOP('',(#2948,#2949,#2950,#2951,#2952,#2953));
#1304=EDGE_LOOP('',(#2954,#2955,#2956,#2957));
#1305=EDGE_LOOP('',(#2958,#2959,#2960,#2961,#2962,#2963));
#1306=EDGE_LOOP('',(#2964,#2965,#2966,#2967));
#1307=EDGE_LOOP('',(#2968,#2969,#2970,#2971));
#1308=EDGE_LOOP('',(#2972,#2973,#2974,#2975));
#1309=EDGE_LOOP('',(#2976,#2977,#2978,#2979));
#1310=EDGE_LOOP('',(#2980,#2981,#2982,#2983));
#1311=EDGE_LOOP('',(#2984,#2985,#2986,#2987));
#1312=EDGE_LOOP('',(#2988,#2989,#2990,#2991));
#1313=EDGE_LOOP('',(#2992,#2993,#2994,#2995));
#1314=EDGE_LOOP('',(#2996,#2997,#2998,#2999,#3000,#3001));
#1315=EDGE_LOOP('',(#3002,#3003,#3004,#3005));
#1316=EDGE_LOOP('',(#3006,#3007,#3008,#3009,#3010,#3011));
#1317=EDGE_LOOP('',(#3012,#3013,#3014,#3015,#3016,#3017,#3018,#3019,#3020,
#3021,#3022,#3023,#3024,#3025,#3026,#3027));
#1318=EDGE_LOOP('',(#3028,#3029,#3030,#3031));
#1319=EDGE_LOOP('',(#3032,#3033,#3034,#3035));
#1320=EDGE_LOOP('',(#3036,#3037,#3038,#3039,#3040,#3041));
#1321=EDGE_LOOP('',(#3042,#3043,#3044,#3045,#3046,#3047,#3048));
#1322=EDGE_LOOP('',(#3049,#3050,#3051,#3052,#3053,#3054,#3055,#3056,#3057,
#3058,#3059,#3060,#3061,#3062,#3063,#3064,#3065,#3066,#3067,#3068));
#1323=EDGE_LOOP('',(#3069,#3070,#3071,#3072));
#1324=EDGE_LOOP('',(#3073,#3074,#3075,#3076));
#1325=EDGE_LOOP('',(#3077,#3078,#3079,#3080));
#1326=EDGE_LOOP('',(#3081,#3082,#3083,#3084));
#1327=EDGE_LOOP('',(#3085,#3086,#3087,#3088,#3089,#3090));
#1328=EDGE_LOOP('',(#3091,#3092,#3093));
#1329=EDGE_LOOP('',(#3094,#3095,#3096,#3097,#3098,#3099));
#1330=EDGE_LOOP('',(#3100,#3101,#3102,#3103));
#1331=EDGE_LOOP('',(#3104,#3105,#3106,#3107));
#1332=EDGE_LOOP('',(#3108,#3109,#3110,#3111));
#1333=EDGE_LOOP('',(#3112,#3113,#3114,#3115));
#1334=EDGE_LOOP('',(#3116,#3117,#3118,#3119));
#1335=EDGE_LOOP('',(#3120,#3121,#3122,#3123));
#1336=EDGE_LOOP('',(#3124,#3125,#3126,#3127));
#1337=EDGE_LOOP('',(#3128,#3129,#3130,#3131));
#1338=EDGE_LOOP('',(#3132,#3133,#3134,#3135));
#1339=EDGE_LOOP('',(#3136,#3137,#3138,#3139));
#1340=EDGE_LOOP('',(#3140,#3141,#3142,#3143));
#1341=EDGE_LOOP('',(#3144,#3145,#3146,#3147));
#1342=EDGE_LOOP('',(#3148,#3149,#3150,#3151));
#1343=EDGE_LOOP('',(#3152,#3153,#3154,#3155));
#1344=EDGE_LOOP('',(#3156,#3157,#3158,#3159));
#1345=EDGE_LOOP('',(#3160,#3161,#3162,#3163));
#1346=EDGE_LOOP('',(#3164,#3165,#3166,#3167,#3168));
#1347=EDGE_LOOP('',(#3169,#3170,#3171,#3172,#3173));
#1348=EDGE_LOOP('',(#3174,#3175,#3176,#3177,#3178));
#1349=EDGE_LOOP('',(#3179,#3180,#3181,#3182));
#1350=EDGE_LOOP('',(#3183,#3184,#3185,#3186));
#1351=EDGE_LOOP('',(#3187,#3188,#3189,#3190,#3191,#3192));
#1352=EDGE_LOOP('',(#3193,#3194,#3195,#3196));
#1353=EDGE_LOOP('',(#3197,#3198,#3199));
#1354=EDGE_LOOP('',(#3200,#3201,#3202,#3203));
#1355=EDGE_LOOP('',(#3204,#3205,#3206,#3207));
#1356=EDGE_LOOP('',(#3208,#3209,#3210,#3211));
#1357=EDGE_LOOP('',(#3212,#3213,#3214,#3215));
#1358=EDGE_LOOP('',(#3216,#3217,#3218,#3219));
#1359=EDGE_LOOP('',(#3220,#3221,#3222,#3223));
#1360=EDGE_LOOP('',(#3224,#3225,#3226,#3227));
#1361=EDGE_LOOP('',(#3228,#3229,#3230,#3231));
#1362=EDGE_LOOP('',(#3232,#3233,#3234,#3235));
#1363=EDGE_LOOP('',(#3236,#3237,#3238,#3239,#3240,#3241));
#1364=EDGE_LOOP('',(#3242,#3243,#3244,#3245,#3246,#3247,#3248,#3249,#3250,
#3251));
#1365=EDGE_LOOP('',(#3252,#3253,#3254,#3255));
#1366=EDGE_LOOP('',(#3256,#3257,#3258,#3259));
#1367=EDGE_LOOP('',(#3260,#3261,#3262,#3263));
#1368=EDGE_LOOP('',(#3264,#3265,#3266,#3267));
#1369=EDGE_LOOP('',(#3268,#3269,#3270,#3271,#3272,#3273,#3274,#3275,#3276,
#3277,#3278,#3279));
#1370=EDGE_LOOP('',(#3280,#3281,#3282,#3283,#3284,#3285));
#1371=EDGE_LOOP('',(#3286,#3287,#3288,#3289));
#1372=EDGE_LOOP('',(#3290,#3291,#3292,#3293,#3294));
#1373=EDGE_LOOP('',(#3295,#3296,#3297,#3298,#3299));
#1374=EDGE_LOOP('',(#3300,#3301,#3302,#3303));
#1375=EDGE_LOOP('',(#3304,#3305,#3306,#3307,#3308,#3309,#3310,#3311));
#1376=EDGE_LOOP('',(#3312,#3313,#3314,#3315,#3316,#3317,#3318,#3319,#3320,
#3321,#3322,#3323,#3324,#3325,#3326,#3327));
#1377=EDGE_LOOP('',(#3328,#3329,#3330,#3331,#3332,#3333,#3334,#3335));
#1378=EDGE_LOOP('',(#3336,#3337,#3338,#3339,#3340));
#1379=EDGE_LOOP('',(#3341,#3342,#3343,#3344,#3345,#3346,#3347));
#1380=EDGE_LOOP('',(#3348,#3349,#3350,#3351,#3352,#3353));
#1381=EDGE_LOOP('',(#3354,#3355,#3356,#3357,#3358));
#1382=(
BOUNDED_CURVE()
B_SPLINE_CURVE(2,(#4855,#4856,#4857),.UNSPECIFIED.,.F.,.F.)
B_SPLINE_CURVE_WITH_KNOTS((3,3),(0.,0.18297574131228),.UNSPECIFIED.)
CURVE()
GEOMETRIC_REPRESENTATION_ITEM()
RATIONAL_B_SPLINE_CURVE((1.,1.04055469368789,1.))
REPRESENTATION_ITEM('')
);
#1383=(
BOUNDED_CURVE()
B_SPLINE_CURVE(2,(#4868,#4869,#4870),.UNSPECIFIED.,.F.,.F.)
B_SPLINE_CURVE_WITH_KNOTS((3,3),(0.430503331511168,0.573857125075571),
 .UNSPECIFIED.)
CURVE()
GEOMETRIC_REPRESENTATION_ITEM()
RATIONAL_B_SPLINE_CURVE((1.23228803716591,1.1548189473117,1.))
REPRESENTATION_ITEM('')
);
#1384=CIRCLE('',#3563,3.26494588774255);
#1385=CIRCLE('',#3564,2.26494588774255);
#1386=CIRCLE('',#3567,3.28);
#1387=CIRCLE('',#3568,2.28);
#1388=CIRCLE('',#3575,1.9);
#1389=CIRCLE('',#3576,1.9);
#1390=CIRCLE('',#3578,1.49999999999999);
#1391=CIRCLE('',#3580,1.49999999999999);
#1392=CIRCLE('',#3582,1.9);
#1393=CIRCLE('',#3583,1.9);
#1394=CIRCLE('',#3585,1.5);
#1395=CIRCLE('',#3587,1.5);
#1396=CIRCLE('',#3589,1.9);
#1397=CIRCLE('',#3590,1.9);
#1398=CIRCLE('',#3592,1.5);
#1399=CIRCLE('',#3594,1.5);
#1400=CIRCLE('',#3596,1.9);
#1401=CIRCLE('',#3597,1.9);
#1402=CIRCLE('',#3599,1.5);
#1403=CIRCLE('',#3601,1.5);
#1404=CIRCLE('',#3603,1.49999999999999);
#1405=CIRCLE('',#3605,1.5);
#1406=CIRCLE('',#3607,1.5);
#1407=CIRCLE('',#3609,1.5);
#1408=CIRCLE('',#3611,6.75662329713975);
#1409=CIRCLE('',#3612,6.75662329713975);
#1410=CIRCLE('',#3617,4.29999973083103);
#1411=CIRCLE('',#3618,3.075);
#1412=CIRCLE('',#3619,4.29999973083103);
#1413=CIRCLE('',#3620,4.26047533500497);
#1414=CIRCLE('',#3621,3.075);
#1415=CIRCLE('',#3622,4.26047533500497);
#1416=CIRCLE('',#3623,4.26031256437361);
#1417=CIRCLE('',#3624,4.26047632711653);
#1418=CIRCLE('',#3625,4.2603115136457);
#1419=CIRCLE('',#3626,4.50173311456927);
#1420=CIRCLE('',#3627,4.50242318727165);
#1421=CIRCLE('',#3628,4.50376919092119);
#1422=CIRCLE('',#3629,1.575);
#1423=CIRCLE('',#3630,1.6);
#1424=CIRCLE('',#3631,1.575);
#1425=CIRCLE('',#3637,4.50422996030243);
#1426=CIRCLE('',#3638,4.299999730831);
#1427=CIRCLE('',#3639,4.29999973083102);
#1428=CIRCLE('',#3640,4.299999730831);
#1429=CIRCLE('',#3641,2.575);
#1430=CIRCLE('',#3649,5.50422996030243);
#1431=CIRCLE('',#3650,4.50422996030243);
#1432=CIRCLE('',#3655,5.50376919092118);
#1433=CIRCLE('',#3656,4.50376919092119);
#1434=CIRCLE('',#3663,4.50236170658601);
#1435=CIRCLE('',#3664,4.50236170658601);
#1436=CIRCLE('',#3669,4.50234327678967);
#1437=CIRCLE('',#3670,4.50234327678967);
#1438=CIRCLE('',#3675,4.50242318727164);
#1439=CIRCLE('',#3676,4.50242318727164);
#1440=CIRCLE('',#3681,4.50236153971899);
#1441=CIRCLE('',#3682,4.50236153971899);
#1442=CIRCLE('',#3686,5.50236153971899);
#1443=CIRCLE('',#3687,5.50242318727165);
#1444=CIRCLE('',#3688,5.50234327678967);
#1445=CIRCLE('',#3689,5.50236170658601);
#1446=CIRCLE('',#3693,4.299999730831);
#1447=CIRCLE('',#3694,4.26031256437361);
#1448=CIRCLE('',#3695,4.26047533500497);
#1449=CIRCLE('',#3696,3.075);
#1450=CIRCLE('',#3697,4.26047533500497);
#1451=CIRCLE('',#3698,4.29999973083103);
#1452=CIRCLE('',#3699,3.075);
#1453=CIRCLE('',#3700,4.29999973083103);
#1454=CIRCLE('',#3701,4.299999730831);
#1455=CIRCLE('',#3702,4.2603115136457);
#1456=CIRCLE('',#3703,4.26047632711653);
#1457=CIRCLE('',#3704,4.29999973083102);
#1458=CIRCLE('',#3705,3.1);
#1459=CIRCLE('',#3706,3.075);
#1460=CIRCLE('',#3708,1.5);
#1461=CIRCLE('',#3711,1.5);
#1462=CIRCLE('',#3714,1.1);
#1463=CIRCLE('',#3715,1.1);
#1464=CIRCLE('',#3717,1.1);
#1465=CIRCLE('',#3718,1.1);
#1466=CIRCLE('',#3720,1.5);
#1467=CIRCLE('',#3723,1.49999999999999);
#1468=CIRCLE('',#3737,3.075);
#1469=CIRCLE('',#3738,3.075);
#1470=CIRCLE('',#3743,3.075);
#1471=CIRCLE('',#3744,3.075);
#1472=CIRCLE('',#3751,1.575);
#1473=CIRCLE('',#3753,1.575);
#1474=CIRCLE('',#3755,3.075);
#1475=CIRCLE('',#3757,1.575);
#1476=CIRCLE('',#3758,3.075);
#1477=CIRCLE('',#3761,1.575);
#1478=CIRCLE('',#3762,3.075);
#1479=CIRCLE('',#3765,1.6);
#1480=CIRCLE('',#3766,3.1);
#1481=CIRCLE('',#3782,4.50242318727165);
#1482=CIRCLE('',#3783,4.50173311456927);
#1483=CIRCLE('',#3784,5.50173311456927);
#1484=CIRCLE('',#3785,5.50242318727165);
#1485=CIRCLE('',#3791,5.50422996030243);
#1486=CIRCLE('',#3793,5.50234327678967);
#1487=CIRCLE('',#3794,5.50173311456927);
#1488=CIRCLE('',#3813,5.50376919092118);
#1489=CIRCLE('',#3814,5.50376919092118);
#1490=CIRCLE('',#3816,5.50173311456927);
#1491=CIRCLE('',#3818,5.50422996030243);
#1492=CIRCLE('',#3823,5.50236153971899);
#1493=CIRCLE('',#3825,5.50234327678967);
#1494=CIRCLE('',#3827,5.50236170658601);
#1495=B_SPLINE_CURVE_WITH_KNOTS('',3,(#4842,#4843,#4844,#4845,#4846,#4847,
#4848,#4849,#4850,#4851),.UNSPECIFIED.,.F.,.F.,(4,2,2,2,4),(0.,0.12787023045033,
0.25574046090066,0.38361069135099,0.51148092180132),.UNSPECIFIED.);
#1496=VERTEX_POINT('',#4840);
#1497=VERTEX_POINT('',#4841);
#1498=VERTEX_POINT('',#4852);
#1499=VERTEX_POINT('',#4854);
#1500=VERTEX_POINT('',#4860);
#1501=VERTEX_POINT('',#4862);
#1502=VERTEX_POINT('',#4866);
#1503=VERTEX_POINT('',#4867);
#1504=VERTEX_POINT('',#4874);
#1505=VERTEX_POINT('',#4876);
#1506=VERTEX_POINT('',#4880);
#1507=VERTEX_POINT('',#4881);
#1508=VERTEX_POINT('',#4883);
#1509=VERTEX_POINT('',#4885);
#1510=VERTEX_POINT('',#4889);
#1511=VERTEX_POINT('',#4891);
#1512=VERTEX_POINT('',#4895);
#1513=VERTEX_POINT('',#4897);
#1514=VERTEX_POINT('',#4901);
#1515=VERTEX_POINT('',#4903);
#1516=VERTEX_POINT('',#4905);
#1517=VERTEX_POINT('',#4909);
#1518=VERTEX_POINT('',#4911);
#1519=VERTEX_POINT('',#4915);
#1520=VERTEX_POINT('',#4918);
#1521=VERTEX_POINT('',#4921);
#1522=VERTEX_POINT('',#4923);
#1523=VERTEX_POINT('',#4927);
#1524=VERTEX_POINT('',#4930);
#1525=VERTEX_POINT('',#4933);
#1526=VERTEX_POINT('',#4935);
#1527=VERTEX_POINT('',#4939);
#1528=VERTEX_POINT('',#4942);
#1529=VERTEX_POINT('',#4945);
#1530=VERTEX_POINT('',#4947);
#1531=VERTEX_POINT('',#4951);
#1532=VERTEX_POINT('',#4954);
#1533=VERTEX_POINT('',#4957);
#1534=VERTEX_POINT('',#4961);
#1535=VERTEX_POINT('',#4965);
#1536=VERTEX_POINT('',#4969);
#1537=VERTEX_POINT('',#4973);
#1538=VERTEX_POINT('',#4974);
#1539=VERTEX_POINT('',#4976);
#1540=VERTEX_POINT('',#4978);
#1541=VERTEX_POINT('',#4984);
#1542=VERTEX_POINT('',#4985);
#1543=VERTEX_POINT('',#4987);
#1544=VERTEX_POINT('',#4989);
#1545=VERTEX_POINT('',#4991);
#1546=VERTEX_POINT('',#4993);
#1547=VERTEX_POINT('',#4995);
#1548=VERTEX_POINT('',#4997);
#1549=VERTEX_POINT('',#5001);
#1550=VERTEX_POINT('',#5002);
#1551=VERTEX_POINT('',#5006);
#1552=VERTEX_POINT('',#5008);
#1553=VERTEX_POINT('',#5010);
#1554=VERTEX_POINT('',#5012);
#1555=VERTEX_POINT('',#5014);
#1556=VERTEX_POINT('',#5016);
#1557=VERTEX_POINT('',#5018);
#1558=VERTEX_POINT('',#5020);
#1559=VERTEX_POINT('',#5022);
#1560=VERTEX_POINT('',#5024);
#1561=VERTEX_POINT('',#5026);
#1562=VERTEX_POINT('',#5028);
#1563=VERTEX_POINT('',#5032);
#1564=VERTEX_POINT('',#5034);
#1565=VERTEX_POINT('',#5036);
#1566=VERTEX_POINT('',#5038);
#1567=VERTEX_POINT('',#5040);
#1568=VERTEX_POINT('',#5042);
#1569=VERTEX_POINT('',#5044);
#1570=VERTEX_POINT('',#5046);
#1571=VERTEX_POINT('',#5048);
#1572=VERTEX_POINT('',#5050);
#1573=VERTEX_POINT('',#5052);
#1574=VERTEX_POINT('',#5054);
#1575=VERTEX_POINT('',#5056);
#1576=VERTEX_POINT('',#5058);
#1577=VERTEX_POINT('',#5060);
#1578=VERTEX_POINT('',#5062);
#1579=VERTEX_POINT('',#5064);
#1580=VERTEX_POINT('',#5066);
#1581=VERTEX_POINT('',#5068);
#1582=VERTEX_POINT('',#5070);
#1583=VERTEX_POINT('',#5072);
#1584=VERTEX_POINT('',#5074);
#1585=VERTEX_POINT('',#5076);
#1586=VERTEX_POINT('',#5078);
#1587=VERTEX_POINT('',#5080);
#1588=VERTEX_POINT('',#5082);
#1589=VERTEX_POINT('',#5084);
#1590=VERTEX_POINT('',#5086);
#1591=VERTEX_POINT('',#5088);
#1592=VERTEX_POINT('',#5090);
#1593=VERTEX_POINT('',#5092);
#1594=VERTEX_POINT('',#5094);
#1595=VERTEX_POINT('',#5096);
#1596=VERTEX_POINT('',#5098);
#1597=VERTEX_POINT('',#5101);
#1598=VERTEX_POINT('',#5103);
#1599=VERTEX_POINT('',#5105);
#1600=VERTEX_POINT('',#5108);
#1601=VERTEX_POINT('',#5109);
#1602=VERTEX_POINT('',#5112);
#1603=VERTEX_POINT('',#5114);
#1604=VERTEX_POINT('',#5116);
#1605=VERTEX_POINT('',#5118);
#1606=VERTEX_POINT('',#5122);
#1607=VERTEX_POINT('',#5126);
#1608=VERTEX_POINT('',#5132);
#1609=VERTEX_POINT('',#5134);
#1610=VERTEX_POINT('',#5136);
#1611=VERTEX_POINT('',#5138);
#1612=VERTEX_POINT('',#5140);
#1613=VERTEX_POINT('',#5142);
#1614=VERTEX_POINT('',#5144);
#1615=VERTEX_POINT('',#5146);
#1616=VERTEX_POINT('',#5148);
#1617=VERTEX_POINT('',#5150);
#1618=VERTEX_POINT('',#5152);
#1619=VERTEX_POINT('',#5154);
#1620=VERTEX_POINT('',#5156);
#1621=VERTEX_POINT('',#5158);
#1622=VERTEX_POINT('',#5160);
#1623=VERTEX_POINT('',#5162);
#1624=VERTEX_POINT('',#5164);
#1625=VERTEX_POINT('',#5166);
#1626=VERTEX_POINT('',#5168);
#1627=VERTEX_POINT('',#5170);
#1628=VERTEX_POINT('',#5172);
#1629=VERTEX_POINT('',#5174);
#1630=VERTEX_POINT('',#5177);
#1631=VERTEX_POINT('',#5180);
#1632=VERTEX_POINT('',#5181);
#1633=VERTEX_POINT('',#5183);
#1634=VERTEX_POINT('',#5185);
#1635=VERTEX_POINT('',#5189);
#1636=VERTEX_POINT('',#5190);
#1637=VERTEX_POINT('',#5193);
#1638=VERTEX_POINT('',#5197);
#1639=VERTEX_POINT('',#5199);
#1640=VERTEX_POINT('',#5203);
#1641=VERTEX_POINT('',#5212);
#1642=VERTEX_POINT('',#5214);
#1643=VERTEX_POINT('',#5216);
#1644=VERTEX_POINT('',#5218);
#1645=VERTEX_POINT('',#5220);
#1646=VERTEX_POINT('',#5222);
#1647=VERTEX_POINT('',#5224);
#1648=VERTEX_POINT('',#5226);
#1649=VERTEX_POINT('',#5228);
#1650=VERTEX_POINT('',#5230);
#1651=VERTEX_POINT('',#5234);
#1652=VERTEX_POINT('',#5235);
#1653=VERTEX_POINT('',#5237);
#1654=VERTEX_POINT('',#5239);
#1655=VERTEX_POINT('',#5243);
#1656=VERTEX_POINT('',#5245);
#1657=VERTEX_POINT('',#5252);
#1658=VERTEX_POINT('',#5254);
#1659=VERTEX_POINT('',#5256);
#1660=VERTEX_POINT('',#5258);
#1661=VERTEX_POINT('',#5261);
#1662=VERTEX_POINT('',#5263);
#1663=VERTEX_POINT('',#5265);
#1664=VERTEX_POINT('',#5267);
#1665=VERTEX_POINT('',#5272);
#1666=VERTEX_POINT('',#5276);
#1667=VERTEX_POINT('',#5277);
#1668=VERTEX_POINT('',#5279);
#1669=VERTEX_POINT('',#5281);
#1670=VERTEX_POINT('',#5288);
#1671=VERTEX_POINT('',#5289);
#1672=VERTEX_POINT('',#5291);
#1673=VERTEX_POINT('',#5293);
#1674=VERTEX_POINT('',#5297);
#1675=VERTEX_POINT('',#5299);
#1676=VERTEX_POINT('',#5303);
#1677=VERTEX_POINT('',#5305);
#1678=VERTEX_POINT('',#5309);
#1679=VERTEX_POINT('',#5311);
#1680=VERTEX_POINT('',#5315);
#1681=VERTEX_POINT('',#5317);
#1682=VERTEX_POINT('',#5321);
#1683=VERTEX_POINT('',#5323);
#1684=VERTEX_POINT('',#5327);
#1685=VERTEX_POINT('',#5329);
#1686=VERTEX_POINT('',#5333);
#1687=VERTEX_POINT('',#5335);
#1688=VERTEX_POINT('',#5339);
#1689=VERTEX_POINT('',#5341);
#1690=VERTEX_POINT('',#5345);
#1691=VERTEX_POINT('',#5347);
#1692=VERTEX_POINT('',#5351);
#1693=VERTEX_POINT('',#5353);
#1694=VERTEX_POINT('',#5357);
#1695=VERTEX_POINT('',#5359);
#1696=VERTEX_POINT('',#5363);
#1697=VERTEX_POINT('',#5365);
#1698=VERTEX_POINT('',#5369);
#1699=VERTEX_POINT('',#5371);
#1700=VERTEX_POINT('',#5375);
#1701=VERTEX_POINT('',#5377);
#1702=VERTEX_POINT('',#5381);
#1703=VERTEX_POINT('',#5383);
#1704=VERTEX_POINT('',#5387);
#1705=VERTEX_POINT('',#5389);
#1706=VERTEX_POINT('',#5395);
#1707=VERTEX_POINT('',#5397);
#1708=VERTEX_POINT('',#5399);
#1709=VERTEX_POINT('',#5401);
#1710=VERTEX_POINT('',#5403);
#1711=VERTEX_POINT('',#5405);
#1712=VERTEX_POINT('',#5407);
#1713=VERTEX_POINT('',#5409);
#1714=VERTEX_POINT('',#5411);
#1715=VERTEX_POINT('',#5413);
#1716=VERTEX_POINT('',#5415);
#1717=VERTEX_POINT('',#5417);
#1718=VERTEX_POINT('',#5419);
#1719=VERTEX_POINT('',#5421);
#1720=VERTEX_POINT('',#5425);
#1721=VERTEX_POINT('',#5427);
#1722=VERTEX_POINT('',#5431);
#1723=VERTEX_POINT('',#5433);
#1724=VERTEX_POINT('',#5437);
#1725=VERTEX_POINT('',#5439);
#1726=VERTEX_POINT('',#5441);
#1727=VERTEX_POINT('',#5443);
#1728=VERTEX_POINT('',#5445);
#1729=VERTEX_POINT('',#5447);
#1730=VERTEX_POINT('',#5449);
#1731=VERTEX_POINT('',#5451);
#1732=VERTEX_POINT('',#5453);
#1733=VERTEX_POINT('',#5455);
#1734=VERTEX_POINT('',#5457);
#1735=VERTEX_POINT('',#5459);
#1736=VERTEX_POINT('',#5461);
#1737=VERTEX_POINT('',#5464);
#1738=VERTEX_POINT('',#5466);
#1739=VERTEX_POINT('',#5468);
#1740=VERTEX_POINT('',#5470);
#1741=VERTEX_POINT('',#5472);
#1742=VERTEX_POINT('',#5474);
#1743=VERTEX_POINT('',#5476);
#1744=VERTEX_POINT('',#5478);
#1745=VERTEX_POINT('',#5480);
#1746=VERTEX_POINT('',#5483);
#1747=VERTEX_POINT('',#5485);
#1748=VERTEX_POINT('',#5488);
#1749=VERTEX_POINT('',#5493);
#1750=VERTEX_POINT('',#5498);
#1751=VERTEX_POINT('',#5499);
#1752=VERTEX_POINT('',#5501);
#1753=VERTEX_POINT('',#5503);
#1754=VERTEX_POINT('',#5510);
#1755=VERTEX_POINT('',#5515);
#1756=VERTEX_POINT('',#5521);
#1757=VERTEX_POINT('',#5523);
#1758=VERTEX_POINT('',#5527);
#1759=VERTEX_POINT('',#5539);
#1760=VERTEX_POINT('',#5543);
#1761=VERTEX_POINT('',#5545);
#1762=VERTEX_POINT('',#5554);
#1763=VERTEX_POINT('',#5558);
#1764=VERTEX_POINT('',#5560);
#1765=VERTEX_POINT('',#5569);
#1766=VERTEX_POINT('',#5573);
#1767=VERTEX_POINT('',#5575);
#1768=VERTEX_POINT('',#5583);
#1769=VERTEX_POINT('',#5587);
#1770=VERTEX_POINT('',#5594);
#1771=VERTEX_POINT('',#5598);
#1772=VERTEX_POINT('',#5602);
#1773=VERTEX_POINT('',#5606);
#1774=VERTEX_POINT('',#5610);
#1775=VERTEX_POINT('',#5617);
#1776=VERTEX_POINT('',#5624);
#1777=VERTEX_POINT('',#5626);
#1778=VERTEX_POINT('',#5641);
#1779=VERTEX_POINT('',#5649);
#1780=VERTEX_POINT('',#5651);
#1781=VERTEX_POINT('',#5654);
#1782=VERTEX_POINT('',#5656);
#1783=VERTEX_POINT('',#5663);
#1784=VERTEX_POINT('',#5665);
#1785=VERTEX_POINT('',#5667);
#1786=VERTEX_POINT('',#5671);
#1787=VERTEX_POINT('',#5673);
#1788=VERTEX_POINT('',#5675);
#1789=VERTEX_POINT('',#5679);
#1790=VERTEX_POINT('',#5681);
#1791=VERTEX_POINT('',#5683);
#1792=VERTEX_POINT('',#5685);
#1793=VERTEX_POINT('',#5687);
#1794=VERTEX_POINT('',#5689);
#1795=VERTEX_POINT('',#5691);
#1796=VERTEX_POINT('',#5694);
#1797=VERTEX_POINT('',#5696);
#1798=VERTEX_POINT('',#5698);
#1799=VERTEX_POINT('',#5700);
#1800=VERTEX_POINT('',#5702);
#1801=VERTEX_POINT('',#5704);
#1802=VERTEX_POINT('',#5706);
#1803=VERTEX_POINT('',#5708);
#1804=VERTEX_POINT('',#5721);
#1805=VERTEX_POINT('',#5723);
#1806=VERTEX_POINT('',#5725);
#1807=VERTEX_POINT('',#5729);
#1808=VERTEX_POINT('',#5730);
#1809=VERTEX_POINT('',#5732);
#1810=VERTEX_POINT('',#5763);
#1811=VERTEX_POINT('',#5767);
#1812=VERTEX_POINT('',#5771);
#1813=VERTEX_POINT('',#5772);
#1814=VERTEX_POINT('',#5777);
#1815=VERTEX_POINT('',#5782);
#1816=VERTEX_POINT('',#5792);
#1817=VERTEX_POINT('',#5794);
#1818=VERTEX_POINT('',#5798);
#1819=VERTEX_POINT('',#5802);
#1820=VERTEX_POINT('',#5804);
#1821=VERTEX_POINT('',#5808);
#1822=VERTEX_POINT('',#5812);
#1823=VERTEX_POINT('',#5819);
#1824=VERTEX_POINT('',#5823);
#1825=VERTEX_POINT('',#5830);
#1826=VERTEX_POINT('',#5855);
#1827=VERTEX_POINT('',#5857);
#1828=VERTEX_POINT('',#5861);
#1829=VERTEX_POINT('',#5863);
#1830=VERTEX_POINT('',#5871);
#1831=VERTEX_POINT('',#5875);
#1832=EDGE_CURVE('',#1496,#1497,#1495,.T.);
#1833=EDGE_CURVE('',#1497,#1498,#1384,.T.);
#1834=EDGE_CURVE('',#1498,#1499,#1382,.T.);
#1835=EDGE_CURVE('',#1496,#1499,#1385,.T.);
#1836=EDGE_CURVE('',#1500,#1496,#84,.T.);
#1837=EDGE_CURVE('',#1500,#1501,#85,.T.);
#1838=EDGE_CURVE('',#1501,#1497,#86,.T.);
#1839=EDGE_CURVE('',#1502,#1503,#1383,.T.);
#1840=EDGE_CURVE('',#1503,#1501,#1386,.T.);
#1841=EDGE_CURVE('',#1502,#1500,#1387,.T.);
#1842=EDGE_CURVE('',#1498,#1504,#87,.T.);
#1843=EDGE_CURVE('',#1504,#1505,#88,.T.);
#1844=EDGE_CURVE('',#1505,#1499,#89,.T.);
#1845=EDGE_CURVE('',#1506,#1507,#90,.T.);
#1846=EDGE_CURVE('',#1507,#1508,#91,.T.);
#1847=EDGE_CURVE('',#1508,#1509,#92,.T.);
#1848=EDGE_CURVE('',#1509,#1506,#93,.T.);
#1849=EDGE_CURVE('',#1510,#1507,#94,.T.);
#1850=EDGE_CURVE('',#1511,#1510,#95,.T.);
#1851=EDGE_CURVE('',#1508,#1511,#96,.T.);
#1852=EDGE_CURVE('',#1510,#1512,#97,.T.);
#1853=EDGE_CURVE('',#1512,#1513,#98,.T.);
#1854=EDGE_CURVE('',#1513,#1511,#99,.T.);
#1855=EDGE_CURVE('',#1506,#1514,#100,.T.);
#1856=EDGE_CURVE('',#1515,#1514,#101,.T.);
#1857=EDGE_CURVE('',#1516,#1515,#102,.T.);
#1858=EDGE_CURVE('',#1516,#1512,#103,.T.);
#1859=EDGE_CURVE('',#1517,#1517,#1388,.T.);
#1860=EDGE_CURVE('',#1517,#1518,#104,.T.);
#1861=EDGE_CURVE('',#1518,#1518,#1389,.T.);
#1862=EDGE_CURVE('',#1519,#1519,#1390,.T.);
#1863=EDGE_CURVE('',#1520,#1520,#1391,.T.);
#1864=EDGE_CURVE('',#1521,#1521,#1392,.T.);
#1865=EDGE_CURVE('',#1521,#1522,#105,.T.);
#1866=EDGE_CURVE('',#1522,#1522,#1393,.T.);
#1867=EDGE_CURVE('',#1523,#1523,#1394,.T.);
#1868=EDGE_CURVE('',#1524,#1524,#1395,.T.);
#1869=EDGE_CURVE('',#1525,#1525,#1396,.T.);
#1870=EDGE_CURVE('',#1525,#1526,#106,.T.);
#1871=EDGE_CURVE('',#1526,#1526,#1397,.T.);
#1872=EDGE_CURVE('',#1527,#1527,#1398,.T.);
#1873=EDGE_CURVE('',#1528,#1528,#1399,.T.);
#1874=EDGE_CURVE('',#1529,#1529,#1400,.T.);
#1875=EDGE_CURVE('',#1529,#1530,#107,.T.);
#1876=EDGE_CURVE('',#1530,#1530,#1401,.T.);
#1877=EDGE_CURVE('',#1531,#1531,#1402,.T.);
#1878=EDGE_CURVE('',#1532,#1532,#1403,.T.);
#1879=EDGE_CURVE('',#1533,#1533,#1404,.T.);
#1880=EDGE_CURVE('',#1533,#1520,#108,.T.);
#1881=EDGE_CURVE('',#1534,#1534,#1405,.T.);
#1882=EDGE_CURVE('',#1534,#1524,#109,.T.);
#1883=EDGE_CURVE('',#1535,#1535,#1406,.T.);
#1884=EDGE_CURVE('',#1535,#1528,#110,.T.);
#1885=EDGE_CURVE('',#1536,#1536,#1407,.T.);
#1886=EDGE_CURVE('',#1536,#1532,#111,.T.);
#1887=EDGE_CURVE('',#1537,#1538,#1408,.T.);
#1888=EDGE_CURVE('',#1537,#1539,#112,.T.);
#1889=EDGE_CURVE('',#1539,#1540,#1409,.T.);
#1890=EDGE_CURVE('',#1538,#1540,#113,.T.);
#1891=EDGE_CURVE('',#1539,#1540,#114,.T.);
#1892=EDGE_CURVE('',#1541,#1542,#115,.T.);
#1893=EDGE_CURVE('',#1543,#1541,#116,.T.);
#1894=EDGE_CURVE('',#1544,#1543,#117,.T.);
#1895=EDGE_CURVE('',#1545,#1544,#118,.T.);
#1896=EDGE_CURVE('',#1546,#1545,#119,.T.);
#1897=EDGE_CURVE('',#1546,#1547,#120,.T.);
#1898=EDGE_CURVE('',#1548,#1547,#121,.T.);
#1899=EDGE_CURVE('',#1542,#1548,#122,.T.);
#1900=EDGE_CURVE('',#1549,#1550,#123,.T.);
#1901=EDGE_CURVE('',#1550,#1537,#124,.T.);
#1902=EDGE_CURVE('',#1538,#1546,#125,.T.);
#1903=EDGE_CURVE('',#1551,#1545,#126,.T.);
#1904=EDGE_CURVE('',#1551,#1552,#127,.T.);
#1905=EDGE_CURVE('',#1552,#1553,#128,.T.);
#1906=EDGE_CURVE('',#1553,#1554,#129,.T.);
#1907=EDGE_CURVE('',#1554,#1555,#130,.T.);
#1908=EDGE_CURVE('',#1555,#1556,#131,.T.);
#1909=EDGE_CURVE('',#1556,#1557,#132,.T.);
#1910=EDGE_CURVE('',#1557,#1558,#133,.T.);
#1911=EDGE_CURVE('',#1558,#1559,#134,.T.);
#1912=EDGE_CURVE('',#1559,#1560,#135,.T.);
#1913=EDGE_CURVE('',#1560,#1561,#136,.T.);
#1914=EDGE_CURVE('',#1562,#1561,#137,.T.);
#1915=EDGE_CURVE('',#1549,#1562,#138,.T.);
#1916=EDGE_CURVE('',#1548,#1563,#139,.T.);
#1917=EDGE_CURVE('',#1563,#1564,#140,.T.);
#1918=EDGE_CURVE('',#1565,#1564,#141,.T.);
#1919=EDGE_CURVE('',#1566,#1565,#1410,.T.);
#1920=EDGE_CURVE('',#1567,#1566,#1411,.T.);
#1921=EDGE_CURVE('',#1568,#1567,#1412,.T.);
#1922=EDGE_CURVE('',#1569,#1568,#142,.T.);
#1923=EDGE_CURVE('',#1570,#1569,#1413,.T.);
#1924=EDGE_CURVE('',#1571,#1570,#1414,.T.);
#1925=EDGE_CURVE('',#1572,#1571,#1415,.T.);
#1926=EDGE_CURVE('',#1573,#1572,#143,.T.);
#1927=EDGE_CURVE('',#1574,#1573,#1416,.T.);
#1928=EDGE_CURVE('',#1575,#1574,#144,.T.);
#1929=EDGE_CURVE('',#1576,#1575,#145,.T.);
#1930=EDGE_CURVE('',#1577,#1576,#146,.T.);
#1931=EDGE_CURVE('',#1578,#1577,#1417,.T.);
#1932=EDGE_CURVE('',#1579,#1578,#147,.T.);
#1933=EDGE_CURVE('',#1580,#1579,#1418,.T.);
#1934=EDGE_CURVE('',#1581,#1580,#148,.T.);
#1935=EDGE_CURVE('',#1582,#1581,#149,.T.);
#1936=EDGE_CURVE('',#1583,#1582,#150,.T.);
#1937=EDGE_CURVE('',#1584,#1583,#151,.T.);
#1938=EDGE_CURVE('',#1585,#1584,#152,.T.);
#1939=EDGE_CURVE('',#1586,#1585,#153,.T.);
#1940=EDGE_CURVE('',#1587,#1586,#1419,.T.);
#1941=EDGE_CURVE('',#1588,#1587,#154,.T.);
#1942=EDGE_CURVE('',#1589,#1588,#155,.T.);
#1943=EDGE_CURVE('',#1590,#1589,#156,.T.);
#1944=EDGE_CURVE('',#1591,#1590,#1420,.T.);
#1945=EDGE_CURVE('',#1592,#1591,#157,.T.);
#1946=EDGE_CURVE('',#1593,#1592,#158,.T.);
#1947=EDGE_CURVE('',#1594,#1593,#159,.T.);
#1948=EDGE_CURVE('',#1595,#1594,#1421,.T.);
#1949=EDGE_CURVE('',#1596,#1595,#160,.T.);
#1950=EDGE_CURVE('',#1542,#1596,#161,.T.);
#1951=EDGE_CURVE('',#1597,#1597,#1422,.T.);
#1952=EDGE_CURVE('',#1598,#1598,#1423,.T.);
#1953=EDGE_CURVE('',#1599,#1599,#1424,.T.);
#1954=EDGE_CURVE('',#1600,#1601,#162,.T.);
#1955=EDGE_CURVE('',#1550,#1600,#163,.T.);
#1956=EDGE_CURVE('',#1549,#1602,#164,.T.);
#1957=EDGE_CURVE('',#1602,#1603,#165,.T.);
#1958=EDGE_CURVE('',#1604,#1603,#166,.T.);
#1959=EDGE_CURVE('',#1605,#1604,#167,.T.);
#1960=EDGE_CURVE('',#1601,#1605,#168,.T.);
#1961=EDGE_CURVE('',#1547,#1606,#169,.T.);
#1962=EDGE_CURVE('',#1606,#1563,#170,.T.);
#1963=EDGE_CURVE('',#1607,#1600,#171,.T.);
#1964=EDGE_CURVE('',#1606,#1607,#172,.T.);
#1965=EDGE_CURVE('',#1564,#1607,#173,.T.);
#1966=EDGE_CURVE('',#1608,#1605,#174,.T.);
#1967=EDGE_CURVE('',#1609,#1608,#175,.T.);
#1968=EDGE_CURVE('',#1610,#1609,#1425,.T.);
#1969=EDGE_CURVE('',#1611,#1610,#176,.T.);
#1970=EDGE_CURVE('',#1612,#1611,#177,.T.);
#1971=EDGE_CURVE('',#1613,#1612,#178,.T.);
#1972=EDGE_CURVE('',#1614,#1613,#179,.T.);
#1973=EDGE_CURVE('',#1615,#1614,#1426,.T.);
#1974=EDGE_CURVE('',#1616,#1615,#180,.T.);
#1975=EDGE_CURVE('',#1617,#1616,#181,.T.);
#1976=EDGE_CURVE('',#1618,#1617,#182,.T.);
#1977=EDGE_CURVE('',#1619,#1618,#183,.T.);
#1978=EDGE_CURVE('',#1620,#1619,#184,.T.);
#1979=EDGE_CURVE('',#1621,#1620,#185,.T.);
#1980=EDGE_CURVE('',#1622,#1621,#186,.T.);
#1981=EDGE_CURVE('',#1623,#1622,#187,.T.);
#1982=EDGE_CURVE('',#1624,#1623,#188,.T.);
#1983=EDGE_CURVE('',#1625,#1624,#1427,.T.);
#1984=EDGE_CURVE('',#1626,#1625,#189,.T.);
#1985=EDGE_CURVE('',#1627,#1626,#190,.T.);
#1986=EDGE_CURVE('',#1628,#1627,#191,.T.);
#1987=EDGE_CURVE('',#1629,#1628,#1428,.T.);
#1988=EDGE_CURVE('',#1601,#1629,#192,.T.);
#1989=EDGE_CURVE('',#1630,#1630,#1429,.T.);
#1990=EDGE_CURVE('',#1631,#1632,#193,.T.);
#1991=EDGE_CURVE('',#1632,#1633,#194,.T.);
#1992=EDGE_CURVE('',#1634,#1633,#195,.T.);
#1993=EDGE_CURVE('',#1631,#1634,#196,.T.);
#1994=EDGE_CURVE('',#1635,#1636,#197,.T.);
#1995=EDGE_CURVE('',#1631,#1636,#198,.T.);
#1996=EDGE_CURVE('',#1637,#1634,#199,.T.);
#1997=EDGE_CURVE('',#1635,#1637,#200,.T.);
#1998=EDGE_CURVE('',#1638,#1635,#201,.T.);
#1999=EDGE_CURVE('',#1639,#1637,#202,.T.);
#2000=EDGE_CURVE('',#1638,#1639,#203,.T.);
#2001=EDGE_CURVE('',#1638,#1640,#204,.T.);
#2002=EDGE_CURVE('',#1633,#1639,#205,.T.);
#2003=EDGE_CURVE('',#1640,#1632,#206,.T.);
#2004=EDGE_CURVE('',#1636,#1640,#207,.T.);
#2005=EDGE_CURVE('',#1632,#1604,#208,.T.);
#2006=EDGE_CURVE('',#1603,#1641,#209,.T.);
#2007=EDGE_CURVE('',#1641,#1642,#210,.T.);
#2008=EDGE_CURVE('',#1642,#1643,#1430,.T.);
#2009=EDGE_CURVE('',#1643,#1644,#211,.T.);
#2010=EDGE_CURVE('',#1644,#1645,#212,.T.);
#2011=EDGE_CURVE('',#1645,#1646,#213,.T.);
#2012=EDGE_CURVE('',#1646,#1647,#214,.T.);
#2013=EDGE_CURVE('',#1647,#1648,#215,.T.);
#2014=EDGE_CURVE('',#1648,#1649,#1431,.T.);
#2015=EDGE_CURVE('',#1649,#1650,#216,.T.);
#2016=EDGE_CURVE('',#1650,#1631,#217,.T.);
#2017=EDGE_CURVE('',#1651,#1652,#218,.T.);
#2018=EDGE_CURVE('',#1653,#1652,#219,.T.);
#2019=EDGE_CURVE('',#1654,#1653,#220,.T.);
#2020=EDGE_CURVE('',#1651,#1654,#221,.T.);
#2021=EDGE_CURVE('',#1655,#1651,#222,.T.);
#2022=EDGE_CURVE('',#1656,#1654,#223,.T.);
#2023=EDGE_CURVE('',#1655,#1656,#224,.T.);
#2024=EDGE_CURVE('',#1504,#1655,#225,.T.);
#2025=EDGE_CURVE('',#1505,#1656,#226,.T.);
#2026=EDGE_CURVE('',#1652,#1657,#227,.T.);
#2027=EDGE_CURVE('',#1657,#1658,#228,.T.);
#2028=EDGE_CURVE('',#1658,#1659,#1432,.T.);
#2029=EDGE_CURVE('',#1659,#1660,#229,.T.);
#2030=EDGE_CURVE('',#1660,#1543,#230,.T.);
#2031=EDGE_CURVE('',#1541,#1661,#231,.T.);
#2032=EDGE_CURVE('',#1661,#1662,#232,.T.);
#2033=EDGE_CURVE('',#1662,#1663,#1433,.T.);
#2034=EDGE_CURVE('',#1663,#1664,#233,.T.);
#2035=EDGE_CURVE('',#1664,#1653,#234,.T.);
#2036=EDGE_CURVE('',#1664,#1593,#235,.T.);
#2037=EDGE_CURVE('',#1665,#1592,#236,.T.);
#2038=EDGE_CURVE('',#1502,#1665,#237,.T.);
#2039=EDGE_CURVE('',#1666,#1667,#238,.T.);
#2040=EDGE_CURVE('',#1668,#1666,#239,.T.);
#2041=EDGE_CURVE('',#1668,#1669,#240,.T.);
#2042=EDGE_CURVE('',#1667,#1669,#241,.T.);
#2043=EDGE_CURVE('',#1557,#1668,#242,.T.);
#2044=EDGE_CURVE('',#1669,#1556,#243,.T.);
#2045=EDGE_CURVE('',#1670,#1671,#244,.T.);
#2046=EDGE_CURVE('',#1670,#1672,#245,.T.);
#2047=EDGE_CURVE('',#1672,#1673,#246,.T.);
#2048=EDGE_CURVE('',#1671,#1673,#247,.T.);
#2049=EDGE_CURVE('',#1674,#1670,#248,.T.);
#2050=EDGE_CURVE('',#1674,#1675,#249,.T.);
#2051=EDGE_CURVE('',#1675,#1672,#250,.T.);
#2052=EDGE_CURVE('',#1676,#1674,#1434,.T.);
#2053=EDGE_CURVE('',#1676,#1677,#251,.T.);
#2054=EDGE_CURVE('',#1677,#1675,#1435,.T.);
#2055=EDGE_CURVE('',#1678,#1676,#252,.T.);
#2056=EDGE_CURVE('',#1678,#1679,#253,.T.);
#2057=EDGE_CURVE('',#1679,#1677,#254,.T.);
#2058=EDGE_CURVE('',#1680,#1678,#255,.T.);
#2059=EDGE_CURVE('',#1680,#1681,#256,.T.);
#2060=EDGE_CURVE('',#1681,#1679,#257,.T.);
#2061=EDGE_CURVE('',#1682,#1680,#258,.T.);
#2062=EDGE_CURVE('',#1682,#1683,#259,.T.);
#2063=EDGE_CURVE('',#1683,#1681,#260,.T.);
#2064=EDGE_CURVE('',#1684,#1682,#1436,.T.);
#2065=EDGE_CURVE('',#1684,#1685,#261,.T.);
#2066=EDGE_CURVE('',#1685,#1683,#1437,.T.);
#2067=EDGE_CURVE('',#1686,#1684,#262,.T.);
#2068=EDGE_CURVE('',#1686,#1687,#263,.T.);
#2069=EDGE_CURVE('',#1687,#1685,#264,.T.);
#2070=EDGE_CURVE('',#1688,#1686,#265,.T.);
#2071=EDGE_CURVE('',#1688,#1689,#266,.T.);
#2072=EDGE_CURVE('',#1689,#1687,#267,.T.);
#2073=EDGE_CURVE('',#1690,#1688,#268,.T.);
#2074=EDGE_CURVE('',#1690,#1691,#269,.T.);
#2075=EDGE_CURVE('',#1691,#1689,#270,.T.);
#2076=EDGE_CURVE('',#1692,#1690,#1438,.T.);
#2077=EDGE_CURVE('',#1692,#1693,#271,.T.);
#2078=EDGE_CURVE('',#1693,#1691,#1439,.T.);
#2079=EDGE_CURVE('',#1694,#1692,#272,.T.);
#2080=EDGE_CURVE('',#1694,#1695,#273,.T.);
#2081=EDGE_CURVE('',#1695,#1693,#274,.T.);
#2082=EDGE_CURVE('',#1696,#1694,#275,.T.);
#2083=EDGE_CURVE('',#1696,#1697,#276,.T.);
#2084=EDGE_CURVE('',#1697,#1695,#277,.T.);
#2085=EDGE_CURVE('',#1698,#1696,#278,.T.);
#2086=EDGE_CURVE('',#1698,#1699,#279,.T.);
#2087=EDGE_CURVE('',#1699,#1697,#280,.T.);
#2088=EDGE_CURVE('',#1700,#1698,#1440,.T.);
#2089=EDGE_CURVE('',#1700,#1701,#281,.T.);
#2090=EDGE_CURVE('',#1701,#1699,#1441,.T.);
#2091=EDGE_CURVE('',#1702,#1700,#282,.T.);
#2092=EDGE_CURVE('',#1702,#1703,#283,.T.);
#2093=EDGE_CURVE('',#1703,#1701,#284,.T.);
#2094=EDGE_CURVE('',#1704,#1702,#285,.T.);
#2095=EDGE_CURVE('',#1705,#1704,#286,.T.);
#2096=EDGE_CURVE('',#1705,#1703,#287,.T.);
#2097=EDGE_CURVE('',#1673,#1560,#288,.T.);
#2098=EDGE_CURVE('',#1553,#1705,#289,.T.);
#2099=EDGE_CURVE('',#1706,#1552,#290,.T.);
#2100=EDGE_CURVE('',#1707,#1706,#1442,.T.);
#2101=EDGE_CURVE('',#1708,#1707,#291,.T.);
#2102=EDGE_CURVE('',#1709,#1708,#292,.T.);
#2103=EDGE_CURVE('',#1710,#1709,#293,.T.);
#2104=EDGE_CURVE('',#1711,#1710,#1443,.T.);
#2105=EDGE_CURVE('',#1712,#1711,#294,.T.);
#2106=EDGE_CURVE('',#1713,#1712,#295,.T.);
#2107=EDGE_CURVE('',#1714,#1713,#296,.T.);
#2108=EDGE_CURVE('',#1715,#1714,#1444,.T.);
#2109=EDGE_CURVE('',#1716,#1715,#297,.T.);
#2110=EDGE_CURVE('',#1717,#1716,#298,.T.);
#2111=EDGE_CURVE('',#1718,#1717,#299,.T.);
#2112=EDGE_CURVE('',#1719,#1718,#1445,.T.);
#2113=EDGE_CURVE('',#1561,#1719,#300,.T.);
#2114=EDGE_CURVE('',#1720,#1666,#301,.T.);
#2115=EDGE_CURVE('',#1721,#1720,#302,.T.);
#2116=EDGE_CURVE('',#1721,#1558,#303,.T.);
#2117=EDGE_CURVE('',#1722,#1704,#304,.T.);
#2118=EDGE_CURVE('',#1723,#1722,#305,.T.);
#2119=EDGE_CURVE('',#1554,#1723,#306,.T.);
#2120=EDGE_CURVE('',#1667,#1724,#307,.T.);
#2121=EDGE_CURVE('',#1724,#1725,#308,.T.);
#2122=EDGE_CURVE('',#1725,#1726,#1446,.T.);
#2123=EDGE_CURVE('',#1726,#1727,#309,.T.);
#2124=EDGE_CURVE('',#1727,#1728,#1447,.T.);
#2125=EDGE_CURVE('',#1728,#1729,#310,.T.);
#2126=EDGE_CURVE('',#1729,#1730,#1448,.T.);
#2127=EDGE_CURVE('',#1730,#1731,#1449,.T.);
#2128=EDGE_CURVE('',#1731,#1732,#1450,.T.);
#2129=EDGE_CURVE('',#1732,#1733,#311,.T.);
#2130=EDGE_CURVE('',#1733,#1734,#1451,.T.);
#2131=EDGE_CURVE('',#1734,#1735,#1452,.T.);
#2132=EDGE_CURVE('',#1735,#1736,#1453,.T.);
#2133=EDGE_CURVE('',#1736,#1722,#312,.T.);
#2134=EDGE_CURVE('',#1671,#1737,#313,.T.);
#2135=EDGE_CURVE('',#1737,#1738,#314,.T.);
#2136=EDGE_CURVE('',#1738,#1739,#1454,.T.);
#2137=EDGE_CURVE('',#1739,#1740,#315,.T.);
#2138=EDGE_CURVE('',#1740,#1741,#1455,.T.);
#2139=EDGE_CURVE('',#1741,#1742,#316,.T.);
#2140=EDGE_CURVE('',#1742,#1743,#1456,.T.);
#2141=EDGE_CURVE('',#1743,#1744,#317,.T.);
#2142=EDGE_CURVE('',#1744,#1745,#1457,.T.);
#2143=EDGE_CURVE('',#1745,#1720,#318,.T.);
#2144=EDGE_CURVE('',#1746,#1746,#1458,.T.);
#2145=EDGE_CURVE('',#1747,#1747,#1459,.T.);
#2146=EDGE_CURVE('',#1531,#1748,#319,.T.);
#2147=EDGE_CURVE('',#1748,#1748,#1460,.T.);
#2148=EDGE_CURVE('',#1527,#1749,#320,.T.);
#2149=EDGE_CURVE('',#1749,#1749,#1461,.T.);
#2150=EDGE_CURVE('',#1750,#1751,#1462,.T.);
#2151=EDGE_CURVE('',#1752,#1750,#321,.T.);
#2152=EDGE_CURVE('',#1752,#1753,#1463,.T.);
#2153=EDGE_CURVE('',#1751,#1753,#322,.T.);
#2154=EDGE_CURVE('',#1751,#1750,#1464,.T.);
#2155=EDGE_CURVE('',#1753,#1752,#1465,.T.);
#2156=EDGE_CURVE('',#1523,#1754,#323,.T.);
#2157=EDGE_CURVE('',#1754,#1754,#1466,.T.);
#2158=EDGE_CURVE('',#1519,#1755,#324,.T.);
#2159=EDGE_CURVE('',#1755,#1755,#1467,.T.);
#2160=EDGE_CURVE('',#1756,#1582,#325,.T.);
#2161=EDGE_CURVE('',#1756,#1757,#326,.T.);
#2162=EDGE_CURVE('',#1757,#1583,#327,.T.);
#2163=EDGE_CURVE('',#1758,#1581,#328,.T.);
#2164=EDGE_CURVE('',#1758,#1756,#329,.T.);
#2165=EDGE_CURVE('',#1579,#1741,#330,.T.);
#2166=EDGE_CURVE('',#1580,#1740,#331,.T.);
#2167=EDGE_CURVE('',#1578,#1742,#332,.T.);
#2168=EDGE_CURVE('',#1577,#1743,#333,.T.);
#2169=EDGE_CURVE('',#1614,#1739,#334,.T.);
#2170=EDGE_CURVE('',#1613,#1759,#335,.T.);
#2171=EDGE_CURVE('',#1759,#1758,#336,.T.);
#2172=EDGE_CURVE('',#1760,#1575,#337,.T.);
#2173=EDGE_CURVE('',#1760,#1761,#338,.T.);
#2174=EDGE_CURVE('',#1576,#1761,#339,.T.);
#2175=EDGE_CURVE('',#1573,#1728,#340,.T.);
#2176=EDGE_CURVE('',#1574,#1727,#341,.T.);
#2177=EDGE_CURVE('',#1572,#1729,#342,.T.);
#2178=EDGE_CURVE('',#1571,#1762,#343,.T.);
#2179=EDGE_CURVE('',#1762,#1730,#344,.T.);
#2180=EDGE_CURVE('',#1570,#1763,#345,.T.);
#2181=EDGE_CURVE('',#1763,#1764,#1468,.T.);
#2182=EDGE_CURVE('',#1764,#1762,#1469,.T.);
#2183=EDGE_CURVE('',#1569,#1732,#346,.T.);
#2184=EDGE_CURVE('',#1763,#1731,#347,.T.);
#2185=EDGE_CURVE('',#1568,#1733,#348,.T.);
#2186=EDGE_CURVE('',#1567,#1765,#349,.T.);
#2187=EDGE_CURVE('',#1765,#1734,#350,.T.);
#2188=EDGE_CURVE('',#1566,#1766,#351,.T.);
#2189=EDGE_CURVE('',#1766,#1767,#1470,.T.);
#2190=EDGE_CURVE('',#1767,#1765,#1471,.T.);
#2191=EDGE_CURVE('',#1565,#1736,#352,.T.);
#2192=EDGE_CURVE('',#1766,#1735,#353,.T.);
#2193=EDGE_CURVE('',#1629,#1725,#354,.T.);
#2194=EDGE_CURVE('',#1724,#1768,#355,.T.);
#2195=EDGE_CURVE('',#1768,#1723,#356,.T.);
#2196=EDGE_CURVE('',#1761,#1769,#357,.T.);
#2197=EDGE_CURVE('',#1769,#1626,#358,.T.);
#2198=EDGE_CURVE('',#1625,#1744,#359,.T.);
#2199=EDGE_CURVE('',#1628,#1726,#360,.T.);
#2200=EDGE_CURVE('',#1627,#1770,#361,.T.);
#2201=EDGE_CURVE('',#1770,#1760,#362,.T.);
#2202=EDGE_CURVE('',#1630,#1771,#363,.T.);
#2203=EDGE_CURVE('',#1771,#1771,#1472,.T.);
#2204=EDGE_CURVE('',#1771,#1772,#364,.T.);
#2205=EDGE_CURVE('',#1772,#1772,#1473,.T.);
#2206=EDGE_CURVE('',#1772,#1773,#365,.T.);
#2207=EDGE_CURVE('',#1773,#1773,#1474,.T.);
#2208=EDGE_CURVE('',#1774,#1774,#1475,.T.);
#2209=EDGE_CURVE('',#1774,#1767,#366,.T.);
#2210=EDGE_CURVE('',#1765,#1766,#1476,.T.);
#2211=EDGE_CURVE('',#1599,#1774,#367,.T.);
#2212=EDGE_CURVE('',#1775,#1775,#1477,.T.);
#2213=EDGE_CURVE('',#1775,#1764,#368,.T.);
#2214=EDGE_CURVE('',#1762,#1763,#1478,.T.);
#2215=EDGE_CURVE('',#1597,#1775,#369,.T.);
#2216=EDGE_CURVE('',#1776,#1776,#1479,.T.);
#2217=EDGE_CURVE('',#1776,#1777,#370,.T.);
#2218=EDGE_CURVE('',#1777,#1777,#1480,.T.);
#2219=EDGE_CURVE('',#1598,#1776,#371,.T.);
#2220=EDGE_CURVE('',#1746,#1777,#372,.T.);
#2221=EDGE_CURVE('',#1747,#1773,#373,.T.);
#2222=EDGE_CURVE('',#1768,#1555,#374,.T.);
#2223=EDGE_CURVE('',#1778,#1721,#375,.T.);
#2224=EDGE_CURVE('',#1559,#1778,#376,.T.);
#2225=EDGE_CURVE('',#1737,#1778,#377,.T.);
#2226=EDGE_CURVE('',#1615,#1738,#378,.T.);
#2227=EDGE_CURVE('',#1624,#1745,#379,.T.);
#2228=EDGE_CURVE('',#1623,#1779,#380,.T.);
#2229=EDGE_CURVE('',#1779,#1780,#381,.T.);
#2230=EDGE_CURVE('',#1780,#1620,#382,.T.);
#2231=EDGE_CURVE('',#1619,#1781,#383,.T.);
#2232=EDGE_CURVE('',#1781,#1782,#384,.T.);
#2233=EDGE_CURVE('',#1782,#1616,#385,.T.);
#2234=EDGE_CURVE('',#1769,#1770,#386,.T.);
#2235=EDGE_CURVE('',#1757,#1783,#387,.T.);
#2236=EDGE_CURVE('',#1784,#1783,#388,.T.);
#2237=EDGE_CURVE('',#1785,#1784,#389,.T.);
#2238=EDGE_CURVE('',#1584,#1785,#390,.T.);
#2239=EDGE_CURVE('',#1513,#1786,#391,.T.);
#2240=EDGE_CURVE('',#1787,#1786,#392,.T.);
#2241=EDGE_CURVE('',#1788,#1787,#393,.T.);
#2242=EDGE_CURVE('',#1509,#1788,#394,.T.);
#2243=EDGE_CURVE('',#1665,#1789,#395,.T.);
#2244=EDGE_CURVE('',#1789,#1790,#1481,.T.);
#2245=EDGE_CURVE('',#1790,#1791,#396,.T.);
#2246=EDGE_CURVE('',#1791,#1792,#397,.T.);
#2247=EDGE_CURVE('',#1792,#1793,#398,.T.);
#2248=EDGE_CURVE('',#1793,#1794,#1482,.T.);
#2249=EDGE_CURVE('',#1794,#1795,#399,.T.);
#2250=EDGE_CURVE('',#1795,#1785,#400,.T.);
#2251=EDGE_CURVE('',#1784,#1796,#401,.T.);
#2252=EDGE_CURVE('',#1796,#1797,#402,.T.);
#2253=EDGE_CURVE('',#1797,#1798,#1483,.T.);
#2254=EDGE_CURVE('',#1798,#1799,#403,.T.);
#2255=EDGE_CURVE('',#1799,#1800,#404,.T.);
#2256=EDGE_CURVE('',#1800,#1801,#405,.T.);
#2257=EDGE_CURVE('',#1801,#1802,#1484,.T.);
#2258=EDGE_CURVE('',#1802,#1803,#406,.T.);
#2259=EDGE_CURVE('',#1803,#1503,#407,.T.);
#2260=EDGE_CURVE('',#1514,#1788,#408,.T.);
#2261=EDGE_CURVE('',#1787,#1515,#409,.T.);
#2262=EDGE_CURVE('',#1612,#1646,#410,.T.);
#2263=EDGE_CURVE('',#1647,#1611,#411,.T.);
#2264=EDGE_CURVE('',#1795,#1585,#412,.T.);
#2265=EDGE_CURVE('',#1562,#1804,#413,.T.);
#2266=EDGE_CURVE('',#1805,#1804,#1485,.T.);
#2267=EDGE_CURVE('',#1806,#1805,#414,.T.);
#2268=EDGE_CURVE('',#1602,#1806,#415,.T.);
#2269=EDGE_CURVE('',#1807,#1808,#1486,.T.);
#2270=EDGE_CURVE('',#1809,#1808,#416,.T.);
#2271=EDGE_CURVE('',#1807,#1809,#1487,.T.);
#2272=EDGE_CURVE('',#1650,#1608,#417,.T.);
#2273=EDGE_CURVE('',#1649,#1609,#418,.T.);
#2274=EDGE_CURVE('',#1648,#1610,#419,.T.);
#2275=EDGE_CURVE('',#1794,#1586,#420,.T.);
#2276=EDGE_CURVE('',#1793,#1587,#421,.T.);
#2277=EDGE_CURVE('',#1792,#1588,#422,.T.);
#2278=EDGE_CURVE('',#1791,#1589,#423,.T.);
#2279=EDGE_CURVE('',#1790,#1590,#424,.T.);
#2280=EDGE_CURVE('',#1789,#1591,#425,.T.);
#2281=EDGE_CURVE('',#1663,#1594,#426,.T.);
#2282=EDGE_CURVE('',#1662,#1595,#427,.T.);
#2283=EDGE_CURVE('',#1661,#1596,#428,.T.);
#2284=EDGE_CURVE('',#1810,#1544,#429,.T.);
#2285=EDGE_CURVE('',#1810,#1660,#430,.T.);
#2286=EDGE_CURVE('',#1811,#1810,#431,.T.);
#2287=EDGE_CURVE('',#1811,#1659,#432,.T.);
#2288=EDGE_CURVE('',#1812,#1813,#1488,.T.);
#2289=EDGE_CURVE('',#1812,#1811,#1489,.T.);
#2290=EDGE_CURVE('',#1813,#1658,#433,.T.);
#2291=EDGE_CURVE('',#1807,#1814,#1490,.T.);
#2292=EDGE_CURVE('',#1809,#1798,#434,.T.);
#2293=EDGE_CURVE('',#1814,#1797,#435,.T.);
#2294=EDGE_CURVE('',#1815,#1804,#1491,.T.);
#2295=EDGE_CURVE('',#1815,#1643,#436,.T.);
#2296=EDGE_CURVE('',#1805,#1642,#437,.T.);
#2297=EDGE_CURVE('',#1806,#1641,#438,.T.);
#2298=EDGE_CURVE('',#1812,#1551,#439,.T.);
#2299=EDGE_CURVE('',#1813,#1816,#440,.T.);
#2300=EDGE_CURVE('',#1816,#1817,#1492,.T.);
#2301=EDGE_CURVE('',#1817,#1812,#441,.T.);
#2302=EDGE_CURVE('',#1814,#1818,#442,.T.);
#2303=EDGE_CURVE('',#1818,#1807,#1493,.T.);
#2304=EDGE_CURVE('',#1804,#1819,#443,.T.);
#2305=EDGE_CURVE('',#1819,#1820,#1494,.T.);
#2306=EDGE_CURVE('',#1820,#1815,#444,.T.);
#2307=EDGE_CURVE('',#1622,#1821,#445,.T.);
#2308=EDGE_CURVE('',#1821,#1779,#446,.T.);
#2309=EDGE_CURVE('',#1822,#1821,#447,.T.);
#2310=EDGE_CURVE('',#1780,#1822,#448,.T.);
#2311=EDGE_CURVE('',#1621,#1822,#449,.T.);
#2312=EDGE_CURVE('',#1618,#1823,#450,.T.);
#2313=EDGE_CURVE('',#1823,#1781,#451,.T.);
#2314=EDGE_CURVE('',#1824,#1823,#452,.T.);
#2315=EDGE_CURVE('',#1782,#1824,#453,.T.);
#2316=EDGE_CURVE('',#1617,#1824,#454,.T.);
#2317=EDGE_CURVE('',#1825,#1645,#455,.T.);
#2318=EDGE_CURVE('',#1825,#1759,#456,.T.);
#2319=EDGE_CURVE('',#1786,#1825,#457,.T.);
#2320=EDGE_CURVE('',#1783,#1516,#458,.T.);
#2321=EDGE_CURVE('',#1710,#1802,#459,.T.);
#2322=EDGE_CURVE('',#1711,#1801,#460,.T.);
#2323=EDGE_CURVE('',#1709,#1803,#461,.T.);
#2324=EDGE_CURVE('',#1708,#1657,#462,.T.);
#2325=EDGE_CURVE('',#1816,#1707,#463,.T.);
#2326=EDGE_CURVE('',#1817,#1706,#464,.T.);
#2327=EDGE_CURVE('',#1819,#1719,#465,.T.);
#2328=EDGE_CURVE('',#1820,#1718,#466,.T.);
#2329=EDGE_CURVE('',#1826,#1717,#467,.T.);
#2330=EDGE_CURVE('',#1826,#1827,#468,.T.);
#2331=EDGE_CURVE('',#1827,#1644,#469,.T.);
#2332=EDGE_CURVE('',#1828,#1716,#470,.T.);
#2333=EDGE_CURVE('',#1828,#1829,#471,.T.);
#2334=EDGE_CURVE('',#1829,#1796,#472,.T.);
#2335=EDGE_CURVE('',#1818,#1715,#473,.T.);
#2336=EDGE_CURVE('',#1808,#1714,#474,.T.);
#2337=EDGE_CURVE('',#1830,#1713,#475,.T.);
#2338=EDGE_CURVE('',#1830,#1799,#476,.T.);
#2339=EDGE_CURVE('',#1831,#1712,#477,.T.);
#2340=EDGE_CURVE('',#1831,#1800,#478,.T.);
#2341=ORIENTED_EDGE('',*,*,#1832,.T.);
#2342=ORIENTED_EDGE('',*,*,#1833,.T.);
#2343=ORIENTED_EDGE('',*,*,#1834,.T.);
#2344=ORIENTED_EDGE('',*,*,#1835,.F.);
#2345=ORIENTED_EDGE('',*,*,#1832,.F.);
#2346=ORIENTED_EDGE('',*,*,#1836,.F.);
#2347=ORIENTED_EDGE('',*,*,#1837,.T.);
#2348=ORIENTED_EDGE('',*,*,#1838,.T.);
#2349=ORIENTED_EDGE('',*,*,#1839,.T.);
#2350=ORIENTED_EDGE('',*,*,#1840,.T.);
#2351=ORIENTED_EDGE('',*,*,#1837,.F.);
#2352=ORIENTED_EDGE('',*,*,#1841,.F.);
#2353=ORIENTED_EDGE('',*,*,#1834,.F.);
#2354=ORIENTED_EDGE('',*,*,#1842,.T.);
#2355=ORIENTED_EDGE('',*,*,#1843,.T.);
#2356=ORIENTED_EDGE('',*,*,#1844,.T.);
#2357=ORIENTED_EDGE('',*,*,#1845,.T.);
#2358=ORIENTED_EDGE('',*,*,#1846,.T.);
#2359=ORIENTED_EDGE('',*,*,#1847,.T.);
#2360=ORIENTED_EDGE('',*,*,#1848,.T.);
#2361=ORIENTED_EDGE('',*,*,#1846,.F.);
#2362=ORIENTED_EDGE('',*,*,#1849,.F.);
#2363=ORIENTED_EDGE('',*,*,#1850,.F.);
#2364=ORIENTED_EDGE('',*,*,#1851,.F.);
#2365=ORIENTED_EDGE('',*,*,#1850,.T.);
#2366=ORIENTED_EDGE('',*,*,#1852,.T.);
#2367=ORIENTED_EDGE('',*,*,#1853,.T.);
#2368=ORIENTED_EDGE('',*,*,#1854,.T.);
#2369=ORIENTED_EDGE('',*,*,#1849,.T.);
#2370=ORIENTED_EDGE('',*,*,#1845,.F.);
#2371=ORIENTED_EDGE('',*,*,#1855,.T.);
#2372=ORIENTED_EDGE('',*,*,#1856,.F.);
#2373=ORIENTED_EDGE('',*,*,#1857,.F.);
#2374=ORIENTED_EDGE('',*,*,#1858,.T.);
#2375=ORIENTED_EDGE('',*,*,#1852,.F.);
#2376=ORIENTED_EDGE('',*,*,#1859,.F.);
#2377=ORIENTED_EDGE('',*,*,#1860,.T.);
#2378=ORIENTED_EDGE('',*,*,#1861,.T.);
#2379=ORIENTED_EDGE('',*,*,#1860,.F.);
#2380=ORIENTED_EDGE('',*,*,#1861,.F.);
#2381=ORIENTED_EDGE('',*,*,#1862,.F.);
#2382=ORIENTED_EDGE('',*,*,#1859,.T.);
#2383=ORIENTED_EDGE('',*,*,#1863,.F.);
#2384=ORIENTED_EDGE('',*,*,#1864,.F.);
#2385=ORIENTED_EDGE('',*,*,#1865,.T.);
#2386=ORIENTED_EDGE('',*,*,#1866,.T.);
#2387=ORIENTED_EDGE('',*,*,#1865,.F.);
#2388=ORIENTED_EDGE('',*,*,#1866,.F.);
#2389=ORIENTED_EDGE('',*,*,#1867,.F.);
#2390=ORIENTED_EDGE('',*,*,#1864,.T.);
#2391=ORIENTED_EDGE('',*,*,#1868,.F.);
#2392=ORIENTED_EDGE('',*,*,#1869,.F.);
#2393=ORIENTED_EDGE('',*,*,#1870,.T.);
#2394=ORIENTED_EDGE('',*,*,#1871,.T.);
#2395=ORIENTED_EDGE('',*,*,#1870,.F.);
#2396=ORIENTED_EDGE('',*,*,#1871,.F.);
#2397=ORIENTED_EDGE('',*,*,#1872,.F.);
#2398=ORIENTED_EDGE('',*,*,#1869,.T.);
#2399=ORIENTED_EDGE('',*,*,#1873,.F.);
#2400=ORIENTED_EDGE('',*,*,#1874,.F.);
#2401=ORIENTED_EDGE('',*,*,#1875,.T.);
#2402=ORIENTED_EDGE('',*,*,#1876,.T.);
#2403=ORIENTED_EDGE('',*,*,#1875,.F.);
#2404=ORIENTED_EDGE('',*,*,#1876,.F.);
#2405=ORIENTED_EDGE('',*,*,#1877,.F.);
#2406=ORIENTED_EDGE('',*,*,#1874,.T.);
#2407=ORIENTED_EDGE('',*,*,#1878,.F.);
#2408=ORIENTED_EDGE('',*,*,#1879,.F.);
#2409=ORIENTED_EDGE('',*,*,#1880,.T.);
#2410=ORIENTED_EDGE('',*,*,#1863,.T.);
#2411=ORIENTED_EDGE('',*,*,#1880,.F.);
#2412=ORIENTED_EDGE('',*,*,#1881,.F.);
#2413=ORIENTED_EDGE('',*,*,#1882,.T.);
#2414=ORIENTED_EDGE('',*,*,#1868,.T.);
#2415=ORIENTED_EDGE('',*,*,#1882,.F.);
#2416=ORIENTED_EDGE('',*,*,#1883,.F.);
#2417=ORIENTED_EDGE('',*,*,#1884,.T.);
#2418=ORIENTED_EDGE('',*,*,#1873,.T.);
#2419=ORIENTED_EDGE('',*,*,#1884,.F.);
#2420=ORIENTED_EDGE('',*,*,#1885,.F.);
#2421=ORIENTED_EDGE('',*,*,#1886,.T.);
#2422=ORIENTED_EDGE('',*,*,#1878,.T.);
#2423=ORIENTED_EDGE('',*,*,#1886,.F.);
#2424=ORIENTED_EDGE('',*,*,#1887,.F.);
#2425=ORIENTED_EDGE('',*,*,#1888,.T.);
#2426=ORIENTED_EDGE('',*,*,#1889,.T.);
#2427=ORIENTED_EDGE('',*,*,#1890,.F.);
#2428=ORIENTED_EDGE('',*,*,#1891,.T.);
#2429=ORIENTED_EDGE('',*,*,#1889,.F.);
#2430=ORIENTED_EDGE('',*,*,#1892,.F.);
#2431=ORIENTED_EDGE('',*,*,#1893,.F.);
#2432=ORIENTED_EDGE('',*,*,#1894,.F.);
#2433=ORIENTED_EDGE('',*,*,#1895,.F.);
#2434=ORIENTED_EDGE('',*,*,#1896,.F.);
#2435=ORIENTED_EDGE('',*,*,#1897,.T.);
#2436=ORIENTED_EDGE('',*,*,#1898,.F.);
#2437=ORIENTED_EDGE('',*,*,#1899,.F.);
#2438=ORIENTED_EDGE('',*,*,#1900,.T.);
#2439=ORIENTED_EDGE('',*,*,#1901,.T.);
#2440=ORIENTED_EDGE('',*,*,#1887,.T.);
#2441=ORIENTED_EDGE('',*,*,#1902,.T.);
#2442=ORIENTED_EDGE('',*,*,#1896,.T.);
#2443=ORIENTED_EDGE('',*,*,#1903,.F.);
#2444=ORIENTED_EDGE('',*,*,#1904,.T.);
#2445=ORIENTED_EDGE('',*,*,#1905,.T.);
#2446=ORIENTED_EDGE('',*,*,#1906,.T.);
#2447=ORIENTED_EDGE('',*,*,#1907,.T.);
#2448=ORIENTED_EDGE('',*,*,#1908,.T.);
#2449=ORIENTED_EDGE('',*,*,#1909,.T.);
#2450=ORIENTED_EDGE('',*,*,#1910,.T.);
#2451=ORIENTED_EDGE('',*,*,#1911,.T.);
#2452=ORIENTED_EDGE('',*,*,#1912,.T.);
#2453=ORIENTED_EDGE('',*,*,#1913,.T.);
#2454=ORIENTED_EDGE('',*,*,#1914,.F.);
#2455=ORIENTED_EDGE('',*,*,#1915,.F.);
#2456=ORIENTED_EDGE('',*,*,#1899,.T.);
#2457=ORIENTED_EDGE('',*,*,#1916,.T.);
#2458=ORIENTED_EDGE('',*,*,#1917,.T.);
#2459=ORIENTED_EDGE('',*,*,#1918,.F.);
#2460=ORIENTED_EDGE('',*,*,#1919,.F.);
#2461=ORIENTED_EDGE('',*,*,#1920,.F.);
#2462=ORIENTED_EDGE('',*,*,#1921,.F.);
#2463=ORIENTED_EDGE('',*,*,#1922,.F.);
#2464=ORIENTED_EDGE('',*,*,#1923,.F.);
#2465=ORIENTED_EDGE('',*,*,#1924,.F.);
#2466=ORIENTED_EDGE('',*,*,#1925,.F.);
#2467=ORIENTED_EDGE('',*,*,#1926,.F.);
#2468=ORIENTED_EDGE('',*,*,#1927,.F.);
#2469=ORIENTED_EDGE('',*,*,#1928,.F.);
#2470=ORIENTED_EDGE('',*,*,#1929,.F.);
#2471=ORIENTED_EDGE('',*,*,#1930,.F.);
#2472=ORIENTED_EDGE('',*,*,#1931,.F.);
#2473=ORIENTED_EDGE('',*,*,#1932,.F.);
#2474=ORIENTED_EDGE('',*,*,#1933,.F.);
#2475=ORIENTED_EDGE('',*,*,#1934,.F.);
#2476=ORIENTED_EDGE('',*,*,#1935,.F.);
#2477=ORIENTED_EDGE('',*,*,#1936,.F.);
#2478=ORIENTED_EDGE('',*,*,#1937,.F.);
#2479=ORIENTED_EDGE('',*,*,#1938,.F.);
#2480=ORIENTED_EDGE('',*,*,#1939,.F.);
#2481=ORIENTED_EDGE('',*,*,#1940,.F.);
#2482=ORIENTED_EDGE('',*,*,#1941,.F.);
#2483=ORIENTED_EDGE('',*,*,#1942,.F.);
#2484=ORIENTED_EDGE('',*,*,#1943,.F.);
#2485=ORIENTED_EDGE('',*,*,#1944,.F.);
#2486=ORIENTED_EDGE('',*,*,#1945,.F.);
#2487=ORIENTED_EDGE('',*,*,#1946,.F.);
#2488=ORIENTED_EDGE('',*,*,#1947,.F.);
#2489=ORIENTED_EDGE('',*,*,#1948,.F.);
#2490=ORIENTED_EDGE('',*,*,#1949,.F.);
#2491=ORIENTED_EDGE('',*,*,#1950,.F.);
#2492=ORIENTED_EDGE('',*,*,#1951,.F.);
#2493=ORIENTED_EDGE('',*,*,#1952,.F.);
#2494=ORIENTED_EDGE('',*,*,#1953,.F.);
#2495=ORIENTED_EDGE('',*,*,#1954,.F.);
#2496=ORIENTED_EDGE('',*,*,#1955,.F.);
#2497=ORIENTED_EDGE('',*,*,#1900,.F.);
#2498=ORIENTED_EDGE('',*,*,#1956,.T.);
#2499=ORIENTED_EDGE('',*,*,#1957,.T.);
#2500=ORIENTED_EDGE('',*,*,#1958,.F.);
#2501=ORIENTED_EDGE('',*,*,#1959,.F.);
#2502=ORIENTED_EDGE('',*,*,#1960,.F.);
#2503=ORIENTED_EDGE('',*,*,#1898,.T.);
#2504=ORIENTED_EDGE('',*,*,#1961,.T.);
#2505=ORIENTED_EDGE('',*,*,#1962,.T.);
#2506=ORIENTED_EDGE('',*,*,#1916,.F.);
#2507=ORIENTED_EDGE('',*,*,#1963,.F.);
#2508=ORIENTED_EDGE('',*,*,#1964,.F.);
#2509=ORIENTED_EDGE('',*,*,#1961,.F.);
#2510=ORIENTED_EDGE('',*,*,#1897,.F.);
#2511=ORIENTED_EDGE('',*,*,#1902,.F.);
#2512=ORIENTED_EDGE('',*,*,#1890,.T.);
#2513=ORIENTED_EDGE('',*,*,#1891,.F.);
#2514=ORIENTED_EDGE('',*,*,#1888,.F.);
#2515=ORIENTED_EDGE('',*,*,#1901,.F.);
#2516=ORIENTED_EDGE('',*,*,#1955,.T.);
#2517=ORIENTED_EDGE('',*,*,#1965,.F.);
#2518=ORIENTED_EDGE('',*,*,#1917,.F.);
#2519=ORIENTED_EDGE('',*,*,#1962,.F.);
#2520=ORIENTED_EDGE('',*,*,#1964,.T.);
#2521=ORIENTED_EDGE('',*,*,#1960,.T.);
#2522=ORIENTED_EDGE('',*,*,#1966,.F.);
#2523=ORIENTED_EDGE('',*,*,#1967,.F.);
#2524=ORIENTED_EDGE('',*,*,#1968,.F.);
#2525=ORIENTED_EDGE('',*,*,#1969,.F.);
#2526=ORIENTED_EDGE('',*,*,#1970,.F.);
#2527=ORIENTED_EDGE('',*,*,#1971,.F.);
#2528=ORIENTED_EDGE('',*,*,#1972,.F.);
#2529=ORIENTED_EDGE('',*,*,#1973,.F.);
#2530=ORIENTED_EDGE('',*,*,#1974,.F.);
#2531=ORIENTED_EDGE('',*,*,#1975,.F.);
#2532=ORIENTED_EDGE('',*,*,#1976,.F.);
#2533=ORIENTED_EDGE('',*,*,#1977,.F.);
#2534=ORIENTED_EDGE('',*,*,#1978,.F.);
#2535=ORIENTED_EDGE('',*,*,#1979,.F.);
#2536=ORIENTED_EDGE('',*,*,#1980,.F.);
#2537=ORIENTED_EDGE('',*,*,#1981,.F.);
#2538=ORIENTED_EDGE('',*,*,#1982,.F.);
#2539=ORIENTED_EDGE('',*,*,#1983,.F.);
#2540=ORIENTED_EDGE('',*,*,#1984,.F.);
#2541=ORIENTED_EDGE('',*,*,#1985,.F.);
#2542=ORIENTED_EDGE('',*,*,#1986,.F.);
#2543=ORIENTED_EDGE('',*,*,#1987,.F.);
#2544=ORIENTED_EDGE('',*,*,#1988,.F.);
#2545=ORIENTED_EDGE('',*,*,#1989,.F.);
#2546=ORIENTED_EDGE('',*,*,#1990,.T.);
#2547=ORIENTED_EDGE('',*,*,#1991,.T.);
#2548=ORIENTED_EDGE('',*,*,#1992,.F.);
#2549=ORIENTED_EDGE('',*,*,#1993,.F.);
#2550=ORIENTED_EDGE('',*,*,#1994,.T.);
#2551=ORIENTED_EDGE('',*,*,#1995,.F.);
#2552=ORIENTED_EDGE('',*,*,#1993,.T.);
#2553=ORIENTED_EDGE('',*,*,#1996,.F.);
#2554=ORIENTED_EDGE('',*,*,#1997,.F.);
#2555=ORIENTED_EDGE('',*,*,#1998,.T.);
#2556=ORIENTED_EDGE('',*,*,#1997,.T.);
#2557=ORIENTED_EDGE('',*,*,#1999,.F.);
#2558=ORIENTED_EDGE('',*,*,#2000,.F.);
#2559=ORIENTED_EDGE('',*,*,#2001,.F.);
#2560=ORIENTED_EDGE('',*,*,#2000,.T.);
#2561=ORIENTED_EDGE('',*,*,#2002,.F.);
#2562=ORIENTED_EDGE('',*,*,#1991,.F.);
#2563=ORIENTED_EDGE('',*,*,#2003,.F.);
#2564=ORIENTED_EDGE('',*,*,#2004,.F.);
#2565=ORIENTED_EDGE('',*,*,#1994,.F.);
#2566=ORIENTED_EDGE('',*,*,#1998,.F.);
#2567=ORIENTED_EDGE('',*,*,#2001,.T.);
#2568=ORIENTED_EDGE('',*,*,#1992,.T.);
#2569=ORIENTED_EDGE('',*,*,#2002,.T.);
#2570=ORIENTED_EDGE('',*,*,#1999,.T.);
#2571=ORIENTED_EDGE('',*,*,#1996,.T.);
#2572=ORIENTED_EDGE('',*,*,#1995,.T.);
#2573=ORIENTED_EDGE('',*,*,#2004,.T.);
#2574=ORIENTED_EDGE('',*,*,#2003,.T.);
#2575=ORIENTED_EDGE('',*,*,#2005,.T.);
#2576=ORIENTED_EDGE('',*,*,#1958,.T.);
#2577=ORIENTED_EDGE('',*,*,#2006,.T.);
#2578=ORIENTED_EDGE('',*,*,#2007,.T.);
#2579=ORIENTED_EDGE('',*,*,#2008,.T.);
#2580=ORIENTED_EDGE('',*,*,#2009,.T.);
#2581=ORIENTED_EDGE('',*,*,#2010,.T.);
#2582=ORIENTED_EDGE('',*,*,#2011,.T.);
#2583=ORIENTED_EDGE('',*,*,#2012,.T.);
#2584=ORIENTED_EDGE('',*,*,#2013,.T.);
#2585=ORIENTED_EDGE('',*,*,#2014,.T.);
#2586=ORIENTED_EDGE('',*,*,#2015,.T.);
#2587=ORIENTED_EDGE('',*,*,#2016,.T.);
#2588=ORIENTED_EDGE('',*,*,#2017,.T.);
#2589=ORIENTED_EDGE('',*,*,#2018,.F.);
#2590=ORIENTED_EDGE('',*,*,#2019,.F.);
#2591=ORIENTED_EDGE('',*,*,#2020,.F.);
#2592=ORIENTED_EDGE('',*,*,#2021,.T.);
#2593=ORIENTED_EDGE('',*,*,#2020,.T.);
#2594=ORIENTED_EDGE('',*,*,#2022,.F.);
#2595=ORIENTED_EDGE('',*,*,#2023,.F.);
#2596=ORIENTED_EDGE('',*,*,#2024,.T.);
#2597=ORIENTED_EDGE('',*,*,#2023,.T.);
#2598=ORIENTED_EDGE('',*,*,#2025,.F.);
#2599=ORIENTED_EDGE('',*,*,#1843,.F.);
#2600=ORIENTED_EDGE('',*,*,#2018,.T.);
#2601=ORIENTED_EDGE('',*,*,#2026,.T.);
#2602=ORIENTED_EDGE('',*,*,#2027,.T.);
#2603=ORIENTED_EDGE('',*,*,#2028,.T.);
#2604=ORIENTED_EDGE('',*,*,#2029,.T.);
#2605=ORIENTED_EDGE('',*,*,#2030,.T.);
#2606=ORIENTED_EDGE('',*,*,#1893,.T.);
#2607=ORIENTED_EDGE('',*,*,#2031,.T.);
#2608=ORIENTED_EDGE('',*,*,#2032,.T.);
#2609=ORIENTED_EDGE('',*,*,#2033,.T.);
#2610=ORIENTED_EDGE('',*,*,#2034,.T.);
#2611=ORIENTED_EDGE('',*,*,#2035,.T.);
#2612=ORIENTED_EDGE('',*,*,#1841,.T.);
#2613=ORIENTED_EDGE('',*,*,#1836,.T.);
#2614=ORIENTED_EDGE('',*,*,#1835,.T.);
#2615=ORIENTED_EDGE('',*,*,#1844,.F.);
#2616=ORIENTED_EDGE('',*,*,#2025,.T.);
#2617=ORIENTED_EDGE('',*,*,#2022,.T.);
#2618=ORIENTED_EDGE('',*,*,#2019,.T.);
#2619=ORIENTED_EDGE('',*,*,#2035,.F.);
#2620=ORIENTED_EDGE('',*,*,#2036,.T.);
#2621=ORIENTED_EDGE('',*,*,#1946,.T.);
#2622=ORIENTED_EDGE('',*,*,#2037,.F.);
#2623=ORIENTED_EDGE('',*,*,#2038,.F.);
#2624=ORIENTED_EDGE('',*,*,#2039,.F.);
#2625=ORIENTED_EDGE('',*,*,#2040,.F.);
#2626=ORIENTED_EDGE('',*,*,#2041,.T.);
#2627=ORIENTED_EDGE('',*,*,#2042,.F.);
#2628=ORIENTED_EDGE('',*,*,#2041,.F.);
#2629=ORIENTED_EDGE('',*,*,#2043,.F.);
#2630=ORIENTED_EDGE('',*,*,#1909,.F.);
#2631=ORIENTED_EDGE('',*,*,#2044,.F.);
#2632=ORIENTED_EDGE('',*,*,#2045,.F.);
#2633=ORIENTED_EDGE('',*,*,#2046,.T.);
#2634=ORIENTED_EDGE('',*,*,#2047,.T.);
#2635=ORIENTED_EDGE('',*,*,#2048,.F.);
#2636=ORIENTED_EDGE('',*,*,#2049,.F.);
#2637=ORIENTED_EDGE('',*,*,#2050,.T.);
#2638=ORIENTED_EDGE('',*,*,#2051,.T.);
#2639=ORIENTED_EDGE('',*,*,#2046,.F.);
#2640=ORIENTED_EDGE('',*,*,#2052,.F.);
#2641=ORIENTED_EDGE('',*,*,#2053,.T.);
#2642=ORIENTED_EDGE('',*,*,#2054,.T.);
#2643=ORIENTED_EDGE('',*,*,#2050,.F.);
#2644=ORIENTED_EDGE('',*,*,#2055,.F.);
#2645=ORIENTED_EDGE('',*,*,#2056,.T.);
#2646=ORIENTED_EDGE('',*,*,#2057,.T.);
#2647=ORIENTED_EDGE('',*,*,#2053,.F.);
#2648=ORIENTED_EDGE('',*,*,#2058,.F.);
#2649=ORIENTED_EDGE('',*,*,#2059,.T.);
#2650=ORIENTED_EDGE('',*,*,#2060,.T.);
#2651=ORIENTED_EDGE('',*,*,#2056,.F.);
#2652=ORIENTED_EDGE('',*,*,#2061,.F.);
#2653=ORIENTED_EDGE('',*,*,#2062,.T.);
#2654=ORIENTED_EDGE('',*,*,#2063,.T.);
#2655=ORIENTED_EDGE('',*,*,#2059,.F.);
#2656=ORIENTED_EDGE('',*,*,#2064,.F.);
#2657=ORIENTED_EDGE('',*,*,#2065,.T.);
#2658=ORIENTED_EDGE('',*,*,#2066,.T.);
#2659=ORIENTED_EDGE('',*,*,#2062,.F.);
#2660=ORIENTED_EDGE('',*,*,#2067,.F.);
#2661=ORIENTED_EDGE('',*,*,#2068,.T.);
#2662=ORIENTED_EDGE('',*,*,#2069,.T.);
#2663=ORIENTED_EDGE('',*,*,#2065,.F.);
#2664=ORIENTED_EDGE('',*,*,#2070,.F.);
#2665=ORIENTED_EDGE('',*,*,#2071,.T.);
#2666=ORIENTED_EDGE('',*,*,#2072,.T.);
#2667=ORIENTED_EDGE('',*,*,#2068,.F.);
#2668=ORIENTED_EDGE('',*,*,#2073,.F.);
#2669=ORIENTED_EDGE('',*,*,#2074,.T.);
#2670=ORIENTED_EDGE('',*,*,#2075,.T.);
#2671=ORIENTED_EDGE('',*,*,#2071,.F.);
#2672=ORIENTED_EDGE('',*,*,#2076,.F.);
#2673=ORIENTED_EDGE('',*,*,#2077,.T.);
#2674=ORIENTED_EDGE('',*,*,#2078,.T.);
#2675=ORIENTED_EDGE('',*,*,#2074,.F.);
#2676=ORIENTED_EDGE('',*,*,#2079,.F.);
#2677=ORIENTED_EDGE('',*,*,#2080,.T.);
#2678=ORIENTED_EDGE('',*,*,#2081,.T.);
#2679=ORIENTED_EDGE('',*,*,#2077,.F.);
#2680=ORIENTED_EDGE('',*,*,#2082,.F.);
#2681=ORIENTED_EDGE('',*,*,#2083,.T.);
#2682=ORIENTED_EDGE('',*,*,#2084,.T.);
#2683=ORIENTED_EDGE('',*,*,#2080,.F.);
#2684=ORIENTED_EDGE('',*,*,#2085,.F.);
#2685=ORIENTED_EDGE('',*,*,#2086,.T.);
#2686=ORIENTED_EDGE('',*,*,#2087,.T.);
#2687=ORIENTED_EDGE('',*,*,#2083,.F.);
#2688=ORIENTED_EDGE('',*,*,#2088,.F.);
#2689=ORIENTED_EDGE('',*,*,#2089,.T.);
#2690=ORIENTED_EDGE('',*,*,#2090,.T.);
#2691=ORIENTED_EDGE('',*,*,#2086,.F.);
#2692=ORIENTED_EDGE('',*,*,#2091,.F.);
#2693=ORIENTED_EDGE('',*,*,#2092,.T.);
#2694=ORIENTED_EDGE('',*,*,#2093,.T.);
#2695=ORIENTED_EDGE('',*,*,#2089,.F.);
#2696=ORIENTED_EDGE('',*,*,#2094,.F.);
#2697=ORIENTED_EDGE('',*,*,#2095,.F.);
#2698=ORIENTED_EDGE('',*,*,#2096,.T.);
#2699=ORIENTED_EDGE('',*,*,#2092,.F.);
#2700=ORIENTED_EDGE('',*,*,#1913,.F.);
#2701=ORIENTED_EDGE('',*,*,#2097,.F.);
#2702=ORIENTED_EDGE('',*,*,#2047,.F.);
#2703=ORIENTED_EDGE('',*,*,#2051,.F.);
#2704=ORIENTED_EDGE('',*,*,#2054,.F.);
#2705=ORIENTED_EDGE('',*,*,#2057,.F.);
#2706=ORIENTED_EDGE('',*,*,#2060,.F.);
#2707=ORIENTED_EDGE('',*,*,#2063,.F.);
#2708=ORIENTED_EDGE('',*,*,#2066,.F.);
#2709=ORIENTED_EDGE('',*,*,#2069,.F.);
#2710=ORIENTED_EDGE('',*,*,#2072,.F.);
#2711=ORIENTED_EDGE('',*,*,#2075,.F.);
#2712=ORIENTED_EDGE('',*,*,#2078,.F.);
#2713=ORIENTED_EDGE('',*,*,#2081,.F.);
#2714=ORIENTED_EDGE('',*,*,#2084,.F.);
#2715=ORIENTED_EDGE('',*,*,#2087,.F.);
#2716=ORIENTED_EDGE('',*,*,#2090,.F.);
#2717=ORIENTED_EDGE('',*,*,#2093,.F.);
#2718=ORIENTED_EDGE('',*,*,#2096,.F.);
#2719=ORIENTED_EDGE('',*,*,#2098,.F.);
#2720=ORIENTED_EDGE('',*,*,#1905,.F.);
#2721=ORIENTED_EDGE('',*,*,#2099,.F.);
#2722=ORIENTED_EDGE('',*,*,#2100,.F.);
#2723=ORIENTED_EDGE('',*,*,#2101,.F.);
#2724=ORIENTED_EDGE('',*,*,#2102,.F.);
#2725=ORIENTED_EDGE('',*,*,#2103,.F.);
#2726=ORIENTED_EDGE('',*,*,#2104,.F.);
#2727=ORIENTED_EDGE('',*,*,#2105,.F.);
#2728=ORIENTED_EDGE('',*,*,#2106,.F.);
#2729=ORIENTED_EDGE('',*,*,#2107,.F.);
#2730=ORIENTED_EDGE('',*,*,#2108,.F.);
#2731=ORIENTED_EDGE('',*,*,#2109,.F.);
#2732=ORIENTED_EDGE('',*,*,#2110,.F.);
#2733=ORIENTED_EDGE('',*,*,#2111,.F.);
#2734=ORIENTED_EDGE('',*,*,#2112,.F.);
#2735=ORIENTED_EDGE('',*,*,#2113,.F.);
#2736=ORIENTED_EDGE('',*,*,#2043,.T.);
#2737=ORIENTED_EDGE('',*,*,#2040,.T.);
#2738=ORIENTED_EDGE('',*,*,#2114,.F.);
#2739=ORIENTED_EDGE('',*,*,#2115,.F.);
#2740=ORIENTED_EDGE('',*,*,#2116,.T.);
#2741=ORIENTED_EDGE('',*,*,#1910,.F.);
#2742=ORIENTED_EDGE('',*,*,#2098,.T.);
#2743=ORIENTED_EDGE('',*,*,#2095,.T.);
#2744=ORIENTED_EDGE('',*,*,#2117,.F.);
#2745=ORIENTED_EDGE('',*,*,#2118,.F.);
#2746=ORIENTED_EDGE('',*,*,#2119,.F.);
#2747=ORIENTED_EDGE('',*,*,#1906,.F.);
#2748=ORIENTED_EDGE('',*,*,#2039,.T.);
#2749=ORIENTED_EDGE('',*,*,#2120,.T.);
#2750=ORIENTED_EDGE('',*,*,#2121,.T.);
#2751=ORIENTED_EDGE('',*,*,#2122,.T.);
#2752=ORIENTED_EDGE('',*,*,#2123,.T.);
#2753=ORIENTED_EDGE('',*,*,#2124,.T.);
#2754=ORIENTED_EDGE('',*,*,#2125,.T.);
#2755=ORIENTED_EDGE('',*,*,#2126,.T.);
#2756=ORIENTED_EDGE('',*,*,#2127,.T.);
#2757=ORIENTED_EDGE('',*,*,#2128,.T.);
#2758=ORIENTED_EDGE('',*,*,#2129,.T.);
#2759=ORIENTED_EDGE('',*,*,#2130,.T.);
#2760=ORIENTED_EDGE('',*,*,#2131,.T.);
#2761=ORIENTED_EDGE('',*,*,#2132,.T.);
#2762=ORIENTED_EDGE('',*,*,#2133,.T.);
#2763=ORIENTED_EDGE('',*,*,#2117,.T.);
#2764=ORIENTED_EDGE('',*,*,#2094,.T.);
#2765=ORIENTED_EDGE('',*,*,#2091,.T.);
#2766=ORIENTED_EDGE('',*,*,#2088,.T.);
#2767=ORIENTED_EDGE('',*,*,#2085,.T.);
#2768=ORIENTED_EDGE('',*,*,#2082,.T.);
#2769=ORIENTED_EDGE('',*,*,#2079,.T.);
#2770=ORIENTED_EDGE('',*,*,#2076,.T.);
#2771=ORIENTED_EDGE('',*,*,#2073,.T.);
#2772=ORIENTED_EDGE('',*,*,#2070,.T.);
#2773=ORIENTED_EDGE('',*,*,#2067,.T.);
#2774=ORIENTED_EDGE('',*,*,#2064,.T.);
#2775=ORIENTED_EDGE('',*,*,#2061,.T.);
#2776=ORIENTED_EDGE('',*,*,#2058,.T.);
#2777=ORIENTED_EDGE('',*,*,#2055,.T.);
#2778=ORIENTED_EDGE('',*,*,#2052,.T.);
#2779=ORIENTED_EDGE('',*,*,#2049,.T.);
#2780=ORIENTED_EDGE('',*,*,#2045,.T.);
#2781=ORIENTED_EDGE('',*,*,#2134,.T.);
#2782=ORIENTED_EDGE('',*,*,#2135,.T.);
#2783=ORIENTED_EDGE('',*,*,#2136,.T.);
#2784=ORIENTED_EDGE('',*,*,#2137,.T.);
#2785=ORIENTED_EDGE('',*,*,#2138,.T.);
#2786=ORIENTED_EDGE('',*,*,#2139,.T.);
#2787=ORIENTED_EDGE('',*,*,#2140,.T.);
#2788=ORIENTED_EDGE('',*,*,#2141,.T.);
#2789=ORIENTED_EDGE('',*,*,#2142,.T.);
#2790=ORIENTED_EDGE('',*,*,#2143,.T.);
#2791=ORIENTED_EDGE('',*,*,#2114,.T.);
#2792=ORIENTED_EDGE('',*,*,#2144,.T.);
#2793=ORIENTED_EDGE('',*,*,#2145,.T.);
#2794=ORIENTED_EDGE('',*,*,#1879,.T.);
#2795=ORIENTED_EDGE('',*,*,#1881,.T.);
#2796=ORIENTED_EDGE('',*,*,#1883,.T.);
#2797=ORIENTED_EDGE('',*,*,#1885,.T.);
#2798=ORIENTED_EDGE('',*,*,#1877,.T.);
#2799=ORIENTED_EDGE('',*,*,#2146,.T.);
#2800=ORIENTED_EDGE('',*,*,#2147,.T.);
#2801=ORIENTED_EDGE('',*,*,#2146,.F.);
#2802=ORIENTED_EDGE('',*,*,#2147,.F.);
#2803=ORIENTED_EDGE('',*,*,#1872,.T.);
#2804=ORIENTED_EDGE('',*,*,#2148,.T.);
#2805=ORIENTED_EDGE('',*,*,#2149,.T.);
#2806=ORIENTED_EDGE('',*,*,#2148,.F.);
#2807=ORIENTED_EDGE('',*,*,#2149,.F.);
#2808=ORIENTED_EDGE('',*,*,#2150,.F.);
#2809=ORIENTED_EDGE('',*,*,#2151,.F.);
#2810=ORIENTED_EDGE('',*,*,#2152,.T.);
#2811=ORIENTED_EDGE('',*,*,#2153,.F.);
#2812=ORIENTED_EDGE('',*,*,#2154,.F.);
#2813=ORIENTED_EDGE('',*,*,#2153,.T.);
#2814=ORIENTED_EDGE('',*,*,#2155,.T.);
#2815=ORIENTED_EDGE('',*,*,#2151,.T.);
#2816=ORIENTED_EDGE('',*,*,#1867,.T.);
#2817=ORIENTED_EDGE('',*,*,#2156,.T.);
#2818=ORIENTED_EDGE('',*,*,#2157,.T.);
#2819=ORIENTED_EDGE('',*,*,#2156,.F.);
#2820=ORIENTED_EDGE('',*,*,#2157,.F.);
#2821=ORIENTED_EDGE('',*,*,#2152,.F.);
#2822=ORIENTED_EDGE('',*,*,#2155,.F.);
#2823=ORIENTED_EDGE('',*,*,#1862,.T.);
#2824=ORIENTED_EDGE('',*,*,#2158,.T.);
#2825=ORIENTED_EDGE('',*,*,#2159,.T.);
#2826=ORIENTED_EDGE('',*,*,#2158,.F.);
#2827=ORIENTED_EDGE('',*,*,#2159,.F.);
#2828=ORIENTED_EDGE('',*,*,#2154,.T.);
#2829=ORIENTED_EDGE('',*,*,#2150,.T.);
#2830=ORIENTED_EDGE('',*,*,#1936,.T.);
#2831=ORIENTED_EDGE('',*,*,#2160,.F.);
#2832=ORIENTED_EDGE('',*,*,#2161,.T.);
#2833=ORIENTED_EDGE('',*,*,#2162,.T.);
#2834=ORIENTED_EDGE('',*,*,#1935,.T.);
#2835=ORIENTED_EDGE('',*,*,#2163,.F.);
#2836=ORIENTED_EDGE('',*,*,#2164,.T.);
#2837=ORIENTED_EDGE('',*,*,#2160,.T.);
#2838=ORIENTED_EDGE('',*,*,#1933,.T.);
#2839=ORIENTED_EDGE('',*,*,#2165,.T.);
#2840=ORIENTED_EDGE('',*,*,#2138,.F.);
#2841=ORIENTED_EDGE('',*,*,#2166,.F.);
#2842=ORIENTED_EDGE('',*,*,#1932,.T.);
#2843=ORIENTED_EDGE('',*,*,#2167,.T.);
#2844=ORIENTED_EDGE('',*,*,#2139,.F.);
#2845=ORIENTED_EDGE('',*,*,#2165,.F.);
#2846=ORIENTED_EDGE('',*,*,#1931,.T.);
#2847=ORIENTED_EDGE('',*,*,#2168,.T.);
#2848=ORIENTED_EDGE('',*,*,#2140,.F.);
#2849=ORIENTED_EDGE('',*,*,#2167,.F.);
#2850=ORIENTED_EDGE('',*,*,#1934,.T.);
#2851=ORIENTED_EDGE('',*,*,#2166,.T.);
#2852=ORIENTED_EDGE('',*,*,#2137,.F.);
#2853=ORIENTED_EDGE('',*,*,#2169,.F.);
#2854=ORIENTED_EDGE('',*,*,#1972,.T.);
#2855=ORIENTED_EDGE('',*,*,#2170,.T.);
#2856=ORIENTED_EDGE('',*,*,#2171,.T.);
#2857=ORIENTED_EDGE('',*,*,#2163,.T.);
#2858=ORIENTED_EDGE('',*,*,#1929,.T.);
#2859=ORIENTED_EDGE('',*,*,#2172,.F.);
#2860=ORIENTED_EDGE('',*,*,#2173,.T.);
#2861=ORIENTED_EDGE('',*,*,#2174,.F.);
#2862=ORIENTED_EDGE('',*,*,#1927,.T.);
#2863=ORIENTED_EDGE('',*,*,#2175,.T.);
#2864=ORIENTED_EDGE('',*,*,#2124,.F.);
#2865=ORIENTED_EDGE('',*,*,#2176,.F.);
#2866=ORIENTED_EDGE('',*,*,#1926,.T.);
#2867=ORIENTED_EDGE('',*,*,#2177,.T.);
#2868=ORIENTED_EDGE('',*,*,#2125,.F.);
#2869=ORIENTED_EDGE('',*,*,#2175,.F.);
#2870=ORIENTED_EDGE('',*,*,#1925,.T.);
#2871=ORIENTED_EDGE('',*,*,#2178,.T.);
#2872=ORIENTED_EDGE('',*,*,#2179,.T.);
#2873=ORIENTED_EDGE('',*,*,#2126,.F.);
#2874=ORIENTED_EDGE('',*,*,#2177,.F.);
#2875=ORIENTED_EDGE('',*,*,#1924,.T.);
#2876=ORIENTED_EDGE('',*,*,#2180,.T.);
#2877=ORIENTED_EDGE('',*,*,#2181,.T.);
#2878=ORIENTED_EDGE('',*,*,#2182,.T.);
#2879=ORIENTED_EDGE('',*,*,#2178,.F.);
#2880=ORIENTED_EDGE('',*,*,#1923,.T.);
#2881=ORIENTED_EDGE('',*,*,#2183,.T.);
#2882=ORIENTED_EDGE('',*,*,#2128,.F.);
#2883=ORIENTED_EDGE('',*,*,#2184,.F.);
#2884=ORIENTED_EDGE('',*,*,#2180,.F.);
#2885=ORIENTED_EDGE('',*,*,#1922,.T.);
#2886=ORIENTED_EDGE('',*,*,#2185,.T.);
#2887=ORIENTED_EDGE('',*,*,#2129,.F.);
#2888=ORIENTED_EDGE('',*,*,#2183,.F.);
#2889=ORIENTED_EDGE('',*,*,#1921,.T.);
#2890=ORIENTED_EDGE('',*,*,#2186,.T.);
#2891=ORIENTED_EDGE('',*,*,#2187,.T.);
#2892=ORIENTED_EDGE('',*,*,#2130,.F.);
#2893=ORIENTED_EDGE('',*,*,#2185,.F.);
#2894=ORIENTED_EDGE('',*,*,#1920,.T.);
#2895=ORIENTED_EDGE('',*,*,#2188,.T.);
#2896=ORIENTED_EDGE('',*,*,#2189,.T.);
#2897=ORIENTED_EDGE('',*,*,#2190,.T.);
#2898=ORIENTED_EDGE('',*,*,#2186,.F.);
#2899=ORIENTED_EDGE('',*,*,#1919,.T.);
#2900=ORIENTED_EDGE('',*,*,#2191,.T.);
#2901=ORIENTED_EDGE('',*,*,#2132,.F.);
#2902=ORIENTED_EDGE('',*,*,#2192,.F.);
#2903=ORIENTED_EDGE('',*,*,#2188,.F.);
#2904=ORIENTED_EDGE('',*,*,#1954,.T.);
#2905=ORIENTED_EDGE('',*,*,#1988,.T.);
#2906=ORIENTED_EDGE('',*,*,#2193,.T.);
#2907=ORIENTED_EDGE('',*,*,#2121,.F.);
#2908=ORIENTED_EDGE('',*,*,#2194,.T.);
#2909=ORIENTED_EDGE('',*,*,#2195,.T.);
#2910=ORIENTED_EDGE('',*,*,#2118,.T.);
#2911=ORIENTED_EDGE('',*,*,#2133,.F.);
#2912=ORIENTED_EDGE('',*,*,#2191,.F.);
#2913=ORIENTED_EDGE('',*,*,#1918,.T.);
#2914=ORIENTED_EDGE('',*,*,#1965,.T.);
#2915=ORIENTED_EDGE('',*,*,#1963,.T.);
#2916=ORIENTED_EDGE('',*,*,#1930,.T.);
#2917=ORIENTED_EDGE('',*,*,#2174,.T.);
#2918=ORIENTED_EDGE('',*,*,#2196,.T.);
#2919=ORIENTED_EDGE('',*,*,#2197,.T.);
#2920=ORIENTED_EDGE('',*,*,#1984,.T.);
#2921=ORIENTED_EDGE('',*,*,#2198,.T.);
#2922=ORIENTED_EDGE('',*,*,#2141,.F.);
#2923=ORIENTED_EDGE('',*,*,#2168,.F.);
#2924=ORIENTED_EDGE('',*,*,#1987,.T.);
#2925=ORIENTED_EDGE('',*,*,#2199,.T.);
#2926=ORIENTED_EDGE('',*,*,#2122,.F.);
#2927=ORIENTED_EDGE('',*,*,#2193,.F.);
#2928=ORIENTED_EDGE('',*,*,#1928,.T.);
#2929=ORIENTED_EDGE('',*,*,#2176,.T.);
#2930=ORIENTED_EDGE('',*,*,#2123,.F.);
#2931=ORIENTED_EDGE('',*,*,#2199,.F.);
#2932=ORIENTED_EDGE('',*,*,#1986,.T.);
#2933=ORIENTED_EDGE('',*,*,#2200,.T.);
#2934=ORIENTED_EDGE('',*,*,#2201,.T.);
#2935=ORIENTED_EDGE('',*,*,#2172,.T.);
#2936=ORIENTED_EDGE('',*,*,#1989,.T.);
#2937=ORIENTED_EDGE('',*,*,#2202,.T.);
#2938=ORIENTED_EDGE('',*,*,#2203,.T.);
#2939=ORIENTED_EDGE('',*,*,#2202,.F.);
#2940=ORIENTED_EDGE('',*,*,#2203,.F.);
#2941=ORIENTED_EDGE('',*,*,#2204,.T.);
#2942=ORIENTED_EDGE('',*,*,#2205,.F.);
#2943=ORIENTED_EDGE('',*,*,#2204,.F.);
#2944=ORIENTED_EDGE('',*,*,#2205,.T.);
#2945=ORIENTED_EDGE('',*,*,#2206,.T.);
#2946=ORIENTED_EDGE('',*,*,#2207,.F.);
#2947=ORIENTED_EDGE('',*,*,#2206,.F.);
#2948=ORIENTED_EDGE('',*,*,#2208,.T.);
#2949=ORIENTED_EDGE('',*,*,#2209,.T.);
#2950=ORIENTED_EDGE('',*,*,#2189,.F.);
#2951=ORIENTED_EDGE('',*,*,#2210,.F.);
#2952=ORIENTED_EDGE('',*,*,#2190,.F.);
#2953=ORIENTED_EDGE('',*,*,#2209,.F.);
#2954=ORIENTED_EDGE('',*,*,#1953,.T.);
#2955=ORIENTED_EDGE('',*,*,#2211,.T.);
#2956=ORIENTED_EDGE('',*,*,#2208,.F.);
#2957=ORIENTED_EDGE('',*,*,#2211,.F.);
#2958=ORIENTED_EDGE('',*,*,#2212,.T.);
#2959=ORIENTED_EDGE('',*,*,#2213,.T.);
#2960=ORIENTED_EDGE('',*,*,#2181,.F.);
#2961=ORIENTED_EDGE('',*,*,#2214,.F.);
#2962=ORIENTED_EDGE('',*,*,#2182,.F.);
#2963=ORIENTED_EDGE('',*,*,#2213,.F.);
#2964=ORIENTED_EDGE('',*,*,#1951,.T.);
#2965=ORIENTED_EDGE('',*,*,#2215,.T.);
#2966=ORIENTED_EDGE('',*,*,#2212,.F.);
#2967=ORIENTED_EDGE('',*,*,#2215,.F.);
#2968=ORIENTED_EDGE('',*,*,#2216,.T.);
#2969=ORIENTED_EDGE('',*,*,#2217,.T.);
#2970=ORIENTED_EDGE('',*,*,#2218,.F.);
#2971=ORIENTED_EDGE('',*,*,#2217,.F.);
#2972=ORIENTED_EDGE('',*,*,#1952,.T.);
#2973=ORIENTED_EDGE('',*,*,#2219,.T.);
#2974=ORIENTED_EDGE('',*,*,#2216,.F.);
#2975=ORIENTED_EDGE('',*,*,#2219,.F.);
#2976=ORIENTED_EDGE('',*,*,#2144,.F.);
#2977=ORIENTED_EDGE('',*,*,#2220,.T.);
#2978=ORIENTED_EDGE('',*,*,#2218,.T.);
#2979=ORIENTED_EDGE('',*,*,#2220,.F.);
#2980=ORIENTED_EDGE('',*,*,#2184,.T.);
#2981=ORIENTED_EDGE('',*,*,#2127,.F.);
#2982=ORIENTED_EDGE('',*,*,#2179,.F.);
#2983=ORIENTED_EDGE('',*,*,#2214,.T.);
#2984=ORIENTED_EDGE('',*,*,#2145,.F.);
#2985=ORIENTED_EDGE('',*,*,#2221,.T.);
#2986=ORIENTED_EDGE('',*,*,#2207,.T.);
#2987=ORIENTED_EDGE('',*,*,#2221,.F.);
#2988=ORIENTED_EDGE('',*,*,#2192,.T.);
#2989=ORIENTED_EDGE('',*,*,#2131,.F.);
#2990=ORIENTED_EDGE('',*,*,#2187,.F.);
#2991=ORIENTED_EDGE('',*,*,#2210,.T.);
#2992=ORIENTED_EDGE('',*,*,#2195,.F.);
#2993=ORIENTED_EDGE('',*,*,#2222,.T.);
#2994=ORIENTED_EDGE('',*,*,#1907,.F.);
#2995=ORIENTED_EDGE('',*,*,#2119,.T.);
#2996=ORIENTED_EDGE('',*,*,#2044,.T.);
#2997=ORIENTED_EDGE('',*,*,#1908,.F.);
#2998=ORIENTED_EDGE('',*,*,#2222,.F.);
#2999=ORIENTED_EDGE('',*,*,#2194,.F.);
#3000=ORIENTED_EDGE('',*,*,#2120,.F.);
#3001=ORIENTED_EDGE('',*,*,#2042,.T.);
#3002=ORIENTED_EDGE('',*,*,#2223,.F.);
#3003=ORIENTED_EDGE('',*,*,#2224,.F.);
#3004=ORIENTED_EDGE('',*,*,#1911,.F.);
#3005=ORIENTED_EDGE('',*,*,#2116,.F.);
#3006=ORIENTED_EDGE('',*,*,#2097,.T.);
#3007=ORIENTED_EDGE('',*,*,#1912,.F.);
#3008=ORIENTED_EDGE('',*,*,#2224,.T.);
#3009=ORIENTED_EDGE('',*,*,#2225,.F.);
#3010=ORIENTED_EDGE('',*,*,#2134,.F.);
#3011=ORIENTED_EDGE('',*,*,#2048,.T.);
#3012=ORIENTED_EDGE('',*,*,#1974,.T.);
#3013=ORIENTED_EDGE('',*,*,#2226,.T.);
#3014=ORIENTED_EDGE('',*,*,#2135,.F.);
#3015=ORIENTED_EDGE('',*,*,#2225,.T.);
#3016=ORIENTED_EDGE('',*,*,#2223,.T.);
#3017=ORIENTED_EDGE('',*,*,#2115,.T.);
#3018=ORIENTED_EDGE('',*,*,#2143,.F.);
#3019=ORIENTED_EDGE('',*,*,#2227,.F.);
#3020=ORIENTED_EDGE('',*,*,#1982,.T.);
#3021=ORIENTED_EDGE('',*,*,#2228,.T.);
#3022=ORIENTED_EDGE('',*,*,#2229,.T.);
#3023=ORIENTED_EDGE('',*,*,#2230,.T.);
#3024=ORIENTED_EDGE('',*,*,#1978,.T.);
#3025=ORIENTED_EDGE('',*,*,#2231,.T.);
#3026=ORIENTED_EDGE('',*,*,#2232,.T.);
#3027=ORIENTED_EDGE('',*,*,#2233,.T.);
#3028=ORIENTED_EDGE('',*,*,#1985,.T.);
#3029=ORIENTED_EDGE('',*,*,#2197,.F.);
#3030=ORIENTED_EDGE('',*,*,#2234,.T.);
#3031=ORIENTED_EDGE('',*,*,#2200,.F.);
#3032=ORIENTED_EDGE('',*,*,#2196,.F.);
#3033=ORIENTED_EDGE('',*,*,#2173,.F.);
#3034=ORIENTED_EDGE('',*,*,#2201,.F.);
#3035=ORIENTED_EDGE('',*,*,#2234,.F.);
#3036=ORIENTED_EDGE('',*,*,#1937,.T.);
#3037=ORIENTED_EDGE('',*,*,#2162,.F.);
#3038=ORIENTED_EDGE('',*,*,#2235,.T.);
#3039=ORIENTED_EDGE('',*,*,#2236,.F.);
#3040=ORIENTED_EDGE('',*,*,#2237,.F.);
#3041=ORIENTED_EDGE('',*,*,#2238,.F.);
#3042=ORIENTED_EDGE('',*,*,#1851,.T.);
#3043=ORIENTED_EDGE('',*,*,#1854,.F.);
#3044=ORIENTED_EDGE('',*,*,#2239,.T.);
#3045=ORIENTED_EDGE('',*,*,#2240,.F.);
#3046=ORIENTED_EDGE('',*,*,#2241,.F.);
#3047=ORIENTED_EDGE('',*,*,#2242,.F.);
#3048=ORIENTED_EDGE('',*,*,#1847,.F.);
#3049=ORIENTED_EDGE('',*,*,#1839,.F.);
#3050=ORIENTED_EDGE('',*,*,#2038,.T.);
#3051=ORIENTED_EDGE('',*,*,#2243,.T.);
#3052=ORIENTED_EDGE('',*,*,#2244,.T.);
#3053=ORIENTED_EDGE('',*,*,#2245,.T.);
#3054=ORIENTED_EDGE('',*,*,#2246,.T.);
#3055=ORIENTED_EDGE('',*,*,#2247,.T.);
#3056=ORIENTED_EDGE('',*,*,#2248,.T.);
#3057=ORIENTED_EDGE('',*,*,#2249,.T.);
#3058=ORIENTED_EDGE('',*,*,#2250,.T.);
#3059=ORIENTED_EDGE('',*,*,#2237,.T.);
#3060=ORIENTED_EDGE('',*,*,#2251,.T.);
#3061=ORIENTED_EDGE('',*,*,#2252,.T.);
#3062=ORIENTED_EDGE('',*,*,#2253,.T.);
#3063=ORIENTED_EDGE('',*,*,#2254,.T.);
#3064=ORIENTED_EDGE('',*,*,#2255,.T.);
#3065=ORIENTED_EDGE('',*,*,#2256,.T.);
#3066=ORIENTED_EDGE('',*,*,#2257,.T.);
#3067=ORIENTED_EDGE('',*,*,#2258,.T.);
#3068=ORIENTED_EDGE('',*,*,#2259,.T.);
#3069=ORIENTED_EDGE('',*,*,#1856,.T.);
#3070=ORIENTED_EDGE('',*,*,#2260,.T.);
#3071=ORIENTED_EDGE('',*,*,#2241,.T.);
#3072=ORIENTED_EDGE('',*,*,#2261,.T.);
#3073=ORIENTED_EDGE('',*,*,#2262,.F.);
#3074=ORIENTED_EDGE('',*,*,#1970,.T.);
#3075=ORIENTED_EDGE('',*,*,#2263,.F.);
#3076=ORIENTED_EDGE('',*,*,#2012,.F.);
#3077=ORIENTED_EDGE('',*,*,#2238,.T.);
#3078=ORIENTED_EDGE('',*,*,#2250,.F.);
#3079=ORIENTED_EDGE('',*,*,#2264,.T.);
#3080=ORIENTED_EDGE('',*,*,#1938,.T.);
#3081=ORIENTED_EDGE('',*,*,#1848,.F.);
#3082=ORIENTED_EDGE('',*,*,#2242,.T.);
#3083=ORIENTED_EDGE('',*,*,#2260,.F.);
#3084=ORIENTED_EDGE('',*,*,#1855,.F.);
#3085=ORIENTED_EDGE('',*,*,#1915,.T.);
#3086=ORIENTED_EDGE('',*,*,#2265,.T.);
#3087=ORIENTED_EDGE('',*,*,#2266,.F.);
#3088=ORIENTED_EDGE('',*,*,#2267,.F.);
#3089=ORIENTED_EDGE('',*,*,#2268,.F.);
#3090=ORIENTED_EDGE('',*,*,#1956,.F.);
#3091=ORIENTED_EDGE('',*,*,#2269,.T.);
#3092=ORIENTED_EDGE('',*,*,#2270,.F.);
#3093=ORIENTED_EDGE('',*,*,#2271,.F.);
#3094=ORIENTED_EDGE('',*,*,#1959,.T.);
#3095=ORIENTED_EDGE('',*,*,#2005,.F.);
#3096=ORIENTED_EDGE('',*,*,#1990,.F.);
#3097=ORIENTED_EDGE('',*,*,#2016,.F.);
#3098=ORIENTED_EDGE('',*,*,#2272,.T.);
#3099=ORIENTED_EDGE('',*,*,#1966,.T.);
#3100=ORIENTED_EDGE('',*,*,#2272,.F.);
#3101=ORIENTED_EDGE('',*,*,#2015,.F.);
#3102=ORIENTED_EDGE('',*,*,#2273,.T.);
#3103=ORIENTED_EDGE('',*,*,#1967,.T.);
#3104=ORIENTED_EDGE('',*,*,#2273,.F.);
#3105=ORIENTED_EDGE('',*,*,#2014,.F.);
#3106=ORIENTED_EDGE('',*,*,#2274,.T.);
#3107=ORIENTED_EDGE('',*,*,#1968,.T.);
#3108=ORIENTED_EDGE('',*,*,#2274,.F.);
#3109=ORIENTED_EDGE('',*,*,#2013,.F.);
#3110=ORIENTED_EDGE('',*,*,#2263,.T.);
#3111=ORIENTED_EDGE('',*,*,#1969,.T.);
#3112=ORIENTED_EDGE('',*,*,#2264,.F.);
#3113=ORIENTED_EDGE('',*,*,#2249,.F.);
#3114=ORIENTED_EDGE('',*,*,#2275,.T.);
#3115=ORIENTED_EDGE('',*,*,#1939,.T.);
#3116=ORIENTED_EDGE('',*,*,#2275,.F.);
#3117=ORIENTED_EDGE('',*,*,#2248,.F.);
#3118=ORIENTED_EDGE('',*,*,#2276,.T.);
#3119=ORIENTED_EDGE('',*,*,#1940,.T.);
#3120=ORIENTED_EDGE('',*,*,#2276,.F.);
#3121=ORIENTED_EDGE('',*,*,#2247,.F.);
#3122=ORIENTED_EDGE('',*,*,#2277,.T.);
#3123=ORIENTED_EDGE('',*,*,#1941,.T.);
#3124=ORIENTED_EDGE('',*,*,#2277,.F.);
#3125=ORIENTED_EDGE('',*,*,#2246,.F.);
#3126=ORIENTED_EDGE('',*,*,#2278,.T.);
#3127=ORIENTED_EDGE('',*,*,#1942,.T.);
#3128=ORIENTED_EDGE('',*,*,#2278,.F.);
#3129=ORIENTED_EDGE('',*,*,#2245,.F.);
#3130=ORIENTED_EDGE('',*,*,#2279,.T.);
#3131=ORIENTED_EDGE('',*,*,#1943,.T.);
#3132=ORIENTED_EDGE('',*,*,#2279,.F.);
#3133=ORIENTED_EDGE('',*,*,#2244,.F.);
#3134=ORIENTED_EDGE('',*,*,#2280,.T.);
#3135=ORIENTED_EDGE('',*,*,#1944,.T.);
#3136=ORIENTED_EDGE('',*,*,#2280,.F.);
#3137=ORIENTED_EDGE('',*,*,#2243,.F.);
#3138=ORIENTED_EDGE('',*,*,#2037,.T.);
#3139=ORIENTED_EDGE('',*,*,#1945,.T.);
#3140=ORIENTED_EDGE('',*,*,#2036,.F.);
#3141=ORIENTED_EDGE('',*,*,#2034,.F.);
#3142=ORIENTED_EDGE('',*,*,#2281,.T.);
#3143=ORIENTED_EDGE('',*,*,#1947,.T.);
#3144=ORIENTED_EDGE('',*,*,#2281,.F.);
#3145=ORIENTED_EDGE('',*,*,#2033,.F.);
#3146=ORIENTED_EDGE('',*,*,#2282,.T.);
#3147=ORIENTED_EDGE('',*,*,#1948,.T.);
#3148=ORIENTED_EDGE('',*,*,#2282,.F.);
#3149=ORIENTED_EDGE('',*,*,#2032,.F.);
#3150=ORIENTED_EDGE('',*,*,#2283,.T.);
#3151=ORIENTED_EDGE('',*,*,#1949,.T.);
#3152=ORIENTED_EDGE('',*,*,#2283,.F.);
#3153=ORIENTED_EDGE('',*,*,#2031,.F.);
#3154=ORIENTED_EDGE('',*,*,#1892,.T.);
#3155=ORIENTED_EDGE('',*,*,#1950,.T.);
#3156=ORIENTED_EDGE('',*,*,#2284,.T.);
#3157=ORIENTED_EDGE('',*,*,#1894,.T.);
#3158=ORIENTED_EDGE('',*,*,#2030,.F.);
#3159=ORIENTED_EDGE('',*,*,#2285,.F.);
#3160=ORIENTED_EDGE('',*,*,#2286,.T.);
#3161=ORIENTED_EDGE('',*,*,#2285,.T.);
#3162=ORIENTED_EDGE('',*,*,#2029,.F.);
#3163=ORIENTED_EDGE('',*,*,#2287,.F.);
#3164=ORIENTED_EDGE('',*,*,#2288,.F.);
#3165=ORIENTED_EDGE('',*,*,#2289,.T.);
#3166=ORIENTED_EDGE('',*,*,#2287,.T.);
#3167=ORIENTED_EDGE('',*,*,#2028,.F.);
#3168=ORIENTED_EDGE('',*,*,#2290,.F.);
#3169=ORIENTED_EDGE('',*,*,#2291,.F.);
#3170=ORIENTED_EDGE('',*,*,#2271,.T.);
#3171=ORIENTED_EDGE('',*,*,#2292,.T.);
#3172=ORIENTED_EDGE('',*,*,#2253,.F.);
#3173=ORIENTED_EDGE('',*,*,#2293,.F.);
#3174=ORIENTED_EDGE('',*,*,#2266,.T.);
#3175=ORIENTED_EDGE('',*,*,#2294,.F.);
#3176=ORIENTED_EDGE('',*,*,#2295,.T.);
#3177=ORIENTED_EDGE('',*,*,#2008,.F.);
#3178=ORIENTED_EDGE('',*,*,#2296,.F.);
#3179=ORIENTED_EDGE('',*,*,#2267,.T.);
#3180=ORIENTED_EDGE('',*,*,#2296,.T.);
#3181=ORIENTED_EDGE('',*,*,#2007,.F.);
#3182=ORIENTED_EDGE('',*,*,#2297,.F.);
#3183=ORIENTED_EDGE('',*,*,#2268,.T.);
#3184=ORIENTED_EDGE('',*,*,#2297,.T.);
#3185=ORIENTED_EDGE('',*,*,#2006,.F.);
#3186=ORIENTED_EDGE('',*,*,#1957,.F.);
#3187=ORIENTED_EDGE('',*,*,#1903,.T.);
#3188=ORIENTED_EDGE('',*,*,#1895,.T.);
#3189=ORIENTED_EDGE('',*,*,#2284,.F.);
#3190=ORIENTED_EDGE('',*,*,#2286,.F.);
#3191=ORIENTED_EDGE('',*,*,#2289,.F.);
#3192=ORIENTED_EDGE('',*,*,#2298,.T.);
#3193=ORIENTED_EDGE('',*,*,#2288,.T.);
#3194=ORIENTED_EDGE('',*,*,#2299,.T.);
#3195=ORIENTED_EDGE('',*,*,#2300,.T.);
#3196=ORIENTED_EDGE('',*,*,#2301,.T.);
#3197=ORIENTED_EDGE('',*,*,#2291,.T.);
#3198=ORIENTED_EDGE('',*,*,#2302,.T.);
#3199=ORIENTED_EDGE('',*,*,#2303,.T.);
#3200=ORIENTED_EDGE('',*,*,#2294,.T.);
#3201=ORIENTED_EDGE('',*,*,#2304,.T.);
#3202=ORIENTED_EDGE('',*,*,#2305,.T.);
#3203=ORIENTED_EDGE('',*,*,#2306,.T.);
#3204=ORIENTED_EDGE('',*,*,#1981,.T.);
#3205=ORIENTED_EDGE('',*,*,#2307,.T.);
#3206=ORIENTED_EDGE('',*,*,#2308,.T.);
#3207=ORIENTED_EDGE('',*,*,#2228,.F.);
#3208=ORIENTED_EDGE('',*,*,#2229,.F.);
#3209=ORIENTED_EDGE('',*,*,#2308,.F.);
#3210=ORIENTED_EDGE('',*,*,#2309,.F.);
#3211=ORIENTED_EDGE('',*,*,#2310,.F.);
#3212=ORIENTED_EDGE('',*,*,#1980,.T.);
#3213=ORIENTED_EDGE('',*,*,#2311,.T.);
#3214=ORIENTED_EDGE('',*,*,#2309,.T.);
#3215=ORIENTED_EDGE('',*,*,#2307,.F.);
#3216=ORIENTED_EDGE('',*,*,#1979,.T.);
#3217=ORIENTED_EDGE('',*,*,#2230,.F.);
#3218=ORIENTED_EDGE('',*,*,#2310,.T.);
#3219=ORIENTED_EDGE('',*,*,#2311,.F.);
#3220=ORIENTED_EDGE('',*,*,#1977,.T.);
#3221=ORIENTED_EDGE('',*,*,#2312,.T.);
#3222=ORIENTED_EDGE('',*,*,#2313,.T.);
#3223=ORIENTED_EDGE('',*,*,#2231,.F.);
#3224=ORIENTED_EDGE('',*,*,#2232,.F.);
#3225=ORIENTED_EDGE('',*,*,#2313,.F.);
#3226=ORIENTED_EDGE('',*,*,#2314,.F.);
#3227=ORIENTED_EDGE('',*,*,#2315,.F.);
#3228=ORIENTED_EDGE('',*,*,#1976,.T.);
#3229=ORIENTED_EDGE('',*,*,#2316,.T.);
#3230=ORIENTED_EDGE('',*,*,#2314,.T.);
#3231=ORIENTED_EDGE('',*,*,#2312,.F.);
#3232=ORIENTED_EDGE('',*,*,#1975,.T.);
#3233=ORIENTED_EDGE('',*,*,#2233,.F.);
#3234=ORIENTED_EDGE('',*,*,#2315,.T.);
#3235=ORIENTED_EDGE('',*,*,#2316,.F.);
#3236=ORIENTED_EDGE('',*,*,#2262,.T.);
#3237=ORIENTED_EDGE('',*,*,#2011,.F.);
#3238=ORIENTED_EDGE('',*,*,#2317,.F.);
#3239=ORIENTED_EDGE('',*,*,#2318,.T.);
#3240=ORIENTED_EDGE('',*,*,#2170,.F.);
#3241=ORIENTED_EDGE('',*,*,#1971,.T.);
#3242=ORIENTED_EDGE('',*,*,#2171,.F.);
#3243=ORIENTED_EDGE('',*,*,#2318,.F.);
#3244=ORIENTED_EDGE('',*,*,#2319,.F.);
#3245=ORIENTED_EDGE('',*,*,#2239,.F.);
#3246=ORIENTED_EDGE('',*,*,#1853,.F.);
#3247=ORIENTED_EDGE('',*,*,#1858,.F.);
#3248=ORIENTED_EDGE('',*,*,#2320,.F.);
#3249=ORIENTED_EDGE('',*,*,#2235,.F.);
#3250=ORIENTED_EDGE('',*,*,#2161,.F.);
#3251=ORIENTED_EDGE('',*,*,#2164,.F.);
#3252=ORIENTED_EDGE('',*,*,#1983,.T.);
#3253=ORIENTED_EDGE('',*,*,#2227,.T.);
#3254=ORIENTED_EDGE('',*,*,#2142,.F.);
#3255=ORIENTED_EDGE('',*,*,#2198,.F.);
#3256=ORIENTED_EDGE('',*,*,#1973,.T.);
#3257=ORIENTED_EDGE('',*,*,#2169,.T.);
#3258=ORIENTED_EDGE('',*,*,#2136,.F.);
#3259=ORIENTED_EDGE('',*,*,#2226,.F.);
#3260=ORIENTED_EDGE('',*,*,#2104,.T.);
#3261=ORIENTED_EDGE('',*,*,#2321,.T.);
#3262=ORIENTED_EDGE('',*,*,#2257,.F.);
#3263=ORIENTED_EDGE('',*,*,#2322,.F.);
#3264=ORIENTED_EDGE('',*,*,#2103,.T.);
#3265=ORIENTED_EDGE('',*,*,#2323,.T.);
#3266=ORIENTED_EDGE('',*,*,#2258,.F.);
#3267=ORIENTED_EDGE('',*,*,#2321,.F.);
#3268=ORIENTED_EDGE('',*,*,#1840,.F.);
#3269=ORIENTED_EDGE('',*,*,#2259,.F.);
#3270=ORIENTED_EDGE('',*,*,#2323,.F.);
#3271=ORIENTED_EDGE('',*,*,#2102,.T.);
#3272=ORIENTED_EDGE('',*,*,#2324,.T.);
#3273=ORIENTED_EDGE('',*,*,#2026,.F.);
#3274=ORIENTED_EDGE('',*,*,#2017,.F.);
#3275=ORIENTED_EDGE('',*,*,#2021,.F.);
#3276=ORIENTED_EDGE('',*,*,#2024,.F.);
#3277=ORIENTED_EDGE('',*,*,#1842,.F.);
#3278=ORIENTED_EDGE('',*,*,#1833,.F.);
#3279=ORIENTED_EDGE('',*,*,#1838,.F.);
#3280=ORIENTED_EDGE('',*,*,#2101,.T.);
#3281=ORIENTED_EDGE('',*,*,#2325,.F.);
#3282=ORIENTED_EDGE('',*,*,#2299,.F.);
#3283=ORIENTED_EDGE('',*,*,#2290,.T.);
#3284=ORIENTED_EDGE('',*,*,#2027,.F.);
#3285=ORIENTED_EDGE('',*,*,#2324,.F.);
#3286=ORIENTED_EDGE('',*,*,#2100,.T.);
#3287=ORIENTED_EDGE('',*,*,#2326,.F.);
#3288=ORIENTED_EDGE('',*,*,#2300,.F.);
#3289=ORIENTED_EDGE('',*,*,#2325,.T.);
#3290=ORIENTED_EDGE('',*,*,#2099,.T.);
#3291=ORIENTED_EDGE('',*,*,#1904,.F.);
#3292=ORIENTED_EDGE('',*,*,#2298,.F.);
#3293=ORIENTED_EDGE('',*,*,#2301,.F.);
#3294=ORIENTED_EDGE('',*,*,#2326,.T.);
#3295=ORIENTED_EDGE('',*,*,#2113,.T.);
#3296=ORIENTED_EDGE('',*,*,#2327,.F.);
#3297=ORIENTED_EDGE('',*,*,#2304,.F.);
#3298=ORIENTED_EDGE('',*,*,#2265,.F.);
#3299=ORIENTED_EDGE('',*,*,#1914,.T.);
#3300=ORIENTED_EDGE('',*,*,#2112,.T.);
#3301=ORIENTED_EDGE('',*,*,#2328,.F.);
#3302=ORIENTED_EDGE('',*,*,#2305,.F.);
#3303=ORIENTED_EDGE('',*,*,#2327,.T.);
#3304=ORIENTED_EDGE('',*,*,#2111,.T.);
#3305=ORIENTED_EDGE('',*,*,#2329,.F.);
#3306=ORIENTED_EDGE('',*,*,#2330,.T.);
#3307=ORIENTED_EDGE('',*,*,#2331,.T.);
#3308=ORIENTED_EDGE('',*,*,#2009,.F.);
#3309=ORIENTED_EDGE('',*,*,#2295,.F.);
#3310=ORIENTED_EDGE('',*,*,#2306,.F.);
#3311=ORIENTED_EDGE('',*,*,#2328,.T.);
#3312=ORIENTED_EDGE('',*,*,#2110,.T.);
#3313=ORIENTED_EDGE('',*,*,#2332,.F.);
#3314=ORIENTED_EDGE('',*,*,#2333,.T.);
#3315=ORIENTED_EDGE('',*,*,#2334,.T.);
#3316=ORIENTED_EDGE('',*,*,#2251,.F.);
#3317=ORIENTED_EDGE('',*,*,#2236,.T.);
#3318=ORIENTED_EDGE('',*,*,#2320,.T.);
#3319=ORIENTED_EDGE('',*,*,#1857,.T.);
#3320=ORIENTED_EDGE('',*,*,#2261,.F.);
#3321=ORIENTED_EDGE('',*,*,#2240,.T.);
#3322=ORIENTED_EDGE('',*,*,#2319,.T.);
#3323=ORIENTED_EDGE('',*,*,#2317,.T.);
#3324=ORIENTED_EDGE('',*,*,#2010,.F.);
#3325=ORIENTED_EDGE('',*,*,#2331,.F.);
#3326=ORIENTED_EDGE('',*,*,#2330,.F.);
#3327=ORIENTED_EDGE('',*,*,#2329,.T.);
#3328=ORIENTED_EDGE('',*,*,#2109,.T.);
#3329=ORIENTED_EDGE('',*,*,#2335,.F.);
#3330=ORIENTED_EDGE('',*,*,#2302,.F.);
#3331=ORIENTED_EDGE('',*,*,#2293,.T.);
#3332=ORIENTED_EDGE('',*,*,#2252,.F.);
#3333=ORIENTED_EDGE('',*,*,#2334,.F.);
#3334=ORIENTED_EDGE('',*,*,#2333,.F.);
#3335=ORIENTED_EDGE('',*,*,#2332,.T.);
#3336=ORIENTED_EDGE('',*,*,#2108,.T.);
#3337=ORIENTED_EDGE('',*,*,#2336,.F.);
#3338=ORIENTED_EDGE('',*,*,#2269,.F.);
#3339=ORIENTED_EDGE('',*,*,#2303,.F.);
#3340=ORIENTED_EDGE('',*,*,#2335,.T.);
#3341=ORIENTED_EDGE('',*,*,#2107,.T.);
#3342=ORIENTED_EDGE('',*,*,#2337,.F.);
#3343=ORIENTED_EDGE('',*,*,#2338,.T.);
#3344=ORIENTED_EDGE('',*,*,#2254,.F.);
#3345=ORIENTED_EDGE('',*,*,#2292,.F.);
#3346=ORIENTED_EDGE('',*,*,#2270,.T.);
#3347=ORIENTED_EDGE('',*,*,#2336,.T.);
#3348=ORIENTED_EDGE('',*,*,#2106,.T.);
#3349=ORIENTED_EDGE('',*,*,#2339,.F.);
#3350=ORIENTED_EDGE('',*,*,#2340,.T.);
#3351=ORIENTED_EDGE('',*,*,#2255,.F.);
#3352=ORIENTED_EDGE('',*,*,#2338,.F.);
#3353=ORIENTED_EDGE('',*,*,#2337,.T.);
#3354=ORIENTED_EDGE('',*,*,#2105,.T.);
#3355=ORIENTED_EDGE('',*,*,#2322,.T.);
#3356=ORIENTED_EDGE('',*,*,#2256,.F.);
#3357=ORIENTED_EDGE('',*,*,#2340,.F.);
#3358=ORIENTED_EDGE('',*,*,#2339,.T.);
#3359=CONICAL_SURFACE('',#3562,2.76494588774254,0.78539816339745);
#3360=CONICAL_SURFACE('',#3566,2.78,0.78539816339745);
#3361=CONICAL_SURFACE('',#3750,2.325,0.78539816339745);
#3362=CONICAL_SURFACE('',#3754,2.325,0.78539816339745);
#3363=CONICAL_SURFACE('',#3756,2.325,0.78539816339745);
#3364=CONICAL_SURFACE('',#3760,2.325,0.78539816339745);
#3365=CONICAL_SURFACE('',#3764,2.35,0.78539816339745);
#3366=ADVANCED_FACE('',(#999),#3359,.F.);
#3367=ADVANCED_FACE('',(#1000),#874,.T.);
#3368=ADVANCED_FACE('',(#1001),#3360,.F.);
#3369=ADVANCED_FACE('',(#1002),#875,.T.);
#3370=ADVANCED_FACE('',(#1003),#876,.T.);
#3371=ADVANCED_FACE('',(#1004),#877,.F.);
#3372=ADVANCED_FACE('',(#1005),#878,.F.);
#3373=ADVANCED_FACE('',(#1006),#879,.F.);
#3374=ADVANCED_FACE('',(#1007),#34,.F.);
#3375=ADVANCED_FACE('',(#1008,#15),#880,.F.);
#3376=ADVANCED_FACE('',(#1009,#16),#881,.T.);
#3377=ADVANCED_FACE('',(#1010),#35,.F.);
#3378=ADVANCED_FACE('',(#1011,#17),#882,.F.);
#3379=ADVANCED_FACE('',(#1012,#18),#883,.T.);
#3380=ADVANCED_FACE('',(#1013),#36,.F.);
#3381=ADVANCED_FACE('',(#1014,#19),#884,.F.);
#3382=ADVANCED_FACE('',(#1015,#20),#885,.T.);
#3383=ADVANCED_FACE('',(#1016),#37,.F.);
#3384=ADVANCED_FACE('',(#1017,#21),#886,.F.);
#3385=ADVANCED_FACE('',(#1018,#22),#887,.T.);
#3386=ADVANCED_FACE('',(#1019),#38,.F.);
#3387=ADVANCED_FACE('',(#1020),#39,.F.);
#3388=ADVANCED_FACE('',(#1021),#40,.F.);
#3389=ADVANCED_FACE('',(#1022),#41,.F.);
#3390=ADVANCED_FACE('',(#1023),#42,.F.);
#3391=ADVANCED_FACE('',(#1024),#888,.T.);
#3392=ADVANCED_FACE('',(#1025),#889,.T.);
#3393=ADVANCED_FACE('',(#1026),#890,.T.);
#3394=ADVANCED_FACE('',(#1027,#23,#24,#25),#891,.T.);
#3395=ADVANCED_FACE('',(#1028),#892,.F.);
#3396=ADVANCED_FACE('',(#1029),#893,.F.);
#3397=ADVANCED_FACE('',(#1030),#894,.F.);
#3398=ADVANCED_FACE('',(#1031),#895,.F.);
#3399=ADVANCED_FACE('',(#1032,#26),#896,.T.);
#3400=ADVANCED_FACE('',(#1033),#897,.T.);
#3401=ADVANCED_FACE('',(#1034),#898,.T.);
#3402=ADVANCED_FACE('',(#1035),#899,.T.);
#3403=ADVANCED_FACE('',(#1036),#900,.T.);
#3404=ADVANCED_FACE('',(#1037),#901,.T.);
#3405=ADVANCED_FACE('',(#1038),#902,.T.);
#3406=ADVANCED_FACE('',(#1039),#903,.T.);
#3407=ADVANCED_FACE('',(#1040),#904,.T.);
#3408=ADVANCED_FACE('',(#1041),#905,.T.);
#3409=ADVANCED_FACE('',(#1042),#906,.T.);
#3410=ADVANCED_FACE('',(#1043),#907,.T.);
#3411=ADVANCED_FACE('',(#1044),#908,.T.);
#3412=ADVANCED_FACE('',(#1045),#909,.F.);
#3413=ADVANCED_FACE('',(#1046),#910,.F.);
#3414=ADVANCED_FACE('',(#1047),#911,.F.);
#3415=ADVANCED_FACE('',(#1048),#912,.F.);
#3416=ADVANCED_FACE('',(#1049),#43,.T.);
#3417=ADVANCED_FACE('',(#1050),#913,.F.);
#3418=ADVANCED_FACE('',(#1051),#914,.F.);
#3419=ADVANCED_FACE('',(#1052),#915,.F.);
#3420=ADVANCED_FACE('',(#1053),#44,.T.);
#3421=ADVANCED_FACE('',(#1054),#916,.F.);
#3422=ADVANCED_FACE('',(#1055),#917,.F.);
#3423=ADVANCED_FACE('',(#1056),#918,.F.);
#3424=ADVANCED_FACE('',(#1057),#45,.T.);
#3425=ADVANCED_FACE('',(#1058),#919,.F.);
#3426=ADVANCED_FACE('',(#1059),#920,.F.);
#3427=ADVANCED_FACE('',(#1060),#921,.F.);
#3428=ADVANCED_FACE('',(#1061),#46,.T.);
#3429=ADVANCED_FACE('',(#1062),#922,.F.);
#3430=ADVANCED_FACE('',(#1063),#923,.F.);
#3431=ADVANCED_FACE('',(#1064),#924,.F.);
#3432=ADVANCED_FACE('',(#1065),#925,.F.);
#3433=ADVANCED_FACE('',(#1066),#926,.F.);
#3434=ADVANCED_FACE('',(#1067,#27,#28,#29,#30,#31,#32),#927,.F.);
#3435=ADVANCED_FACE('',(#1068),#47,.F.);
#3436=ADVANCED_FACE('',(#1069),#928,.F.);
#3437=ADVANCED_FACE('',(#1070),#48,.F.);
#3438=ADVANCED_FACE('',(#1071),#929,.F.);
#3439=ADVANCED_FACE('',(#1072),#49,.T.);
#3440=ADVANCED_FACE('',(#1073),#50,.F.);
#3441=ADVANCED_FACE('',(#1074),#51,.F.);
#3442=ADVANCED_FACE('',(#1075,#33),#930,.F.);
#3443=ADVANCED_FACE('',(#1076),#52,.F.);
#3444=ADVANCED_FACE('',(#1077),#931,.F.);
#3445=ADVANCED_FACE('',(#1078),#932,.F.);
#3446=ADVANCED_FACE('',(#1079),#933,.F.);
#3447=ADVANCED_FACE('',(#1080),#934,.F.);
#3448=ADVANCED_FACE('',(#1081),#53,.F.);
#3449=ADVANCED_FACE('',(#1082),#935,.F.);
#3450=ADVANCED_FACE('',(#1083),#54,.F.);
#3451=ADVANCED_FACE('',(#1084),#936,.F.);
#3452=ADVANCED_FACE('',(#1085),#937,.F.);
#3453=ADVANCED_FACE('',(#1086),#55,.F.);
#3454=ADVANCED_FACE('',(#1087),#938,.F.);
#3455=ADVANCED_FACE('',(#1088),#56,.F.);
#3456=ADVANCED_FACE('',(#1089),#57,.T.);
#3457=ADVANCED_FACE('',(#1090),#58,.F.);
#3458=ADVANCED_FACE('',(#1091),#939,.F.);
#3459=ADVANCED_FACE('',(#1092),#59,.F.);
#3460=ADVANCED_FACE('',(#1093),#60,.T.);
#3461=ADVANCED_FACE('',(#1094),#61,.F.);
#3462=ADVANCED_FACE('',(#1095),#940,.F.);
#3463=ADVANCED_FACE('',(#1096),#941,.F.);
#3464=ADVANCED_FACE('',(#1097),#62,.F.);
#3465=ADVANCED_FACE('',(#1098),#942,.F.);
#3466=ADVANCED_FACE('',(#1099),#3361,.F.);
#3467=ADVANCED_FACE('',(#1100),#63,.F.);
#3468=ADVANCED_FACE('',(#1101),#3362,.F.);
#3469=ADVANCED_FACE('',(#1102),#3363,.F.);
#3470=ADVANCED_FACE('',(#1103),#64,.F.);
#3471=ADVANCED_FACE('',(#1104),#3364,.F.);
#3472=ADVANCED_FACE('',(#1105),#65,.F.);
#3473=ADVANCED_FACE('',(#1106),#3365,.F.);
#3474=ADVANCED_FACE('',(#1107),#66,.F.);
#3475=ADVANCED_FACE('',(#1108),#67,.F.);
#3476=ADVANCED_FACE('',(#1109),#68,.F.);
#3477=ADVANCED_FACE('',(#1110),#69,.F.);
#3478=ADVANCED_FACE('',(#1111),#70,.F.);
#3479=ADVANCED_FACE('',(#1112),#943,.F.);
#3480=ADVANCED_FACE('',(#1113),#944,.F.);
#3481=ADVANCED_FACE('',(#1114),#945,.F.);
#3482=ADVANCED_FACE('',(#1115),#946,.F.);
#3483=ADVANCED_FACE('',(#1116),#947,.F.);
#3484=ADVANCED_FACE('',(#1117),#948,.F.);
#3485=ADVANCED_FACE('',(#1118),#949,.F.);
#3486=ADVANCED_FACE('',(#1119),#950,.F.);
#3487=ADVANCED_FACE('',(#1120),#951,.F.);
#3488=ADVANCED_FACE('',(#1121),#952,.T.);
#3489=ADVANCED_FACE('',(#1122),#953,.T.);
#3490=ADVANCED_FACE('',(#1123),#954,.T.);
#3491=ADVANCED_FACE('',(#1124),#955,.T.);
#3492=ADVANCED_FACE('',(#1125),#956,.T.);
#3493=ADVANCED_FACE('',(#1126),#957,.F.);
#3494=ADVANCED_FACE('',(#1127),#958,.F.);
#3495=ADVANCED_FACE('',(#1128),#959,.T.);
#3496=ADVANCED_FACE('',(#1129),#960,.T.);
#3497=ADVANCED_FACE('',(#1130),#71,.F.);
#3498=ADVANCED_FACE('',(#1131),#961,.T.);
#3499=ADVANCED_FACE('',(#1132),#962,.T.);
#3500=ADVANCED_FACE('',(#1133),#72,.F.);
#3501=ADVANCED_FACE('',(#1134),#963,.T.);
#3502=ADVANCED_FACE('',(#1135),#964,.T.);
#3503=ADVANCED_FACE('',(#1136),#965,.T.);
#3504=ADVANCED_FACE('',(#1137),#73,.F.);
#3505=ADVANCED_FACE('',(#1138),#966,.T.);
#3506=ADVANCED_FACE('',(#1139),#967,.T.);
#3507=ADVANCED_FACE('',(#1140),#74,.F.);
#3508=ADVANCED_FACE('',(#1141),#968,.T.);
#3509=ADVANCED_FACE('',(#1142),#969,.T.);
#3510=ADVANCED_FACE('',(#1143),#970,.T.);
#3511=ADVANCED_FACE('',(#1144),#971,.T.);
#3512=ADVANCED_FACE('',(#1145),#75,.T.);
#3513=ADVANCED_FACE('',(#1146),#76,.T.);
#3514=ADVANCED_FACE('',(#1147),#77,.T.);
#3515=ADVANCED_FACE('',(#1148),#972,.T.);
#3516=ADVANCED_FACE('',(#1149),#973,.T.);
#3517=ADVANCED_FACE('',(#1150),#974,.F.);
#3518=ADVANCED_FACE('',(#1151),#975,.T.);
#3519=ADVANCED_FACE('',(#1152),#976,.T.);
#3520=ADVANCED_FACE('',(#1153),#977,.T.);
#3521=ADVANCED_FACE('',(#1154),#978,.F.);
#3522=ADVANCED_FACE('',(#1155),#979,.F.);
#3523=ADVANCED_FACE('',(#1156),#980,.F.);
#3524=ADVANCED_FACE('',(#1157),#981,.F.);
#3525=ADVANCED_FACE('',(#1158),#982,.F.);
#3526=ADVANCED_FACE('',(#1159),#983,.F.);
#3527=ADVANCED_FACE('',(#1160),#984,.F.);
#3528=ADVANCED_FACE('',(#1161),#985,.F.);
#3529=ADVANCED_FACE('',(#1162),#986,.F.);
#3530=ADVANCED_FACE('',(#1163),#987,.F.);
#3531=ADVANCED_FACE('',(#1164),#78,.F.);
#3532=ADVANCED_FACE('',(#1165),#79,.F.);
#3533=ADVANCED_FACE('',(#1166),#80,.T.);
#3534=ADVANCED_FACE('',(#1167),#988,.T.);
#3535=ADVANCED_FACE('',(#1168),#989,.T.);
#3536=ADVANCED_FACE('',(#1169),#990,.T.);
#3537=ADVANCED_FACE('',(#1170),#81,.T.);
#3538=ADVANCED_FACE('',(#1171),#991,.T.);
#3539=ADVANCED_FACE('',(#1172),#992,.T.);
#3540=ADVANCED_FACE('',(#1173),#82,.T.);
#3541=ADVANCED_FACE('',(#1174),#993,.T.);
#3542=ADVANCED_FACE('',(#1175),#994,.T.);
#3543=ADVANCED_FACE('',(#1176),#995,.T.);
#3544=ADVANCED_FACE('',(#1177),#83,.T.);
#3545=ADVANCED_FACE('',(#1178),#996,.T.);
#3546=ADVANCED_FACE('',(#1179),#997,.T.);
#3547=ADVANCED_FACE('',(#1180),#998,.T.);
#3548=CLOSED_SHELL('',(#3366,#3367,#3368,#3369,#3370,#3371,#3372,#3373,
#3374,#3375,#3376,#3377,#3378,#3379,#3380,#3381,#3382,#3383,#3384,#3385,
#3386,#3387,#3388,#3389,#3390,#3391,#3392,#3393,#3394,#3395,#3396,#3397,
#3398,#3399,#3400,#3401,#3402,#3403,#3404,#3405,#3406,#3407,#3408,#3409,
#3410,#3411,#3412,#3413,#3414,#3415,#3416,#3417,#3418,#3419,#3420,#3421,
#3422,#3423,#3424,#3425,#3426,#3427,#3428,#3429,#3430,#3431,#3432,#3433,
#3434,#3435,#3436,#3437,#3438,#3439,#3440,#3441,#3442,#3443,#3444,#3445,
#3446,#3447,#3448,#3449,#3450,#3451,#3452,#3453,#3454,#3455,#3456,#3457,
#3458,#3459,#3460,#3461,#3462,#3463,#3464,#3465,#3466,#3467,#3468,#3469,
#3470,#3471,#3472,#3473,#3474,#3475,#3476,#3477,#3478,#3479,#3480,#3481,
#3482,#3483,#3484,#3485,#3486,#3487,#3488,#3489,#3490,#3491,#3492,#3493,
#3494,#3495,#3496,#3497,#3498,#3499,#3500,#3501,#3502,#3503,#3504,#3505,
#3506,#3507,#3508,#3509,#3510,#3511,#3512,#3513,#3514,#3515,#3516,#3517,
#3518,#3519,#3520,#3521,#3522,#3523,#3524,#3525,#3526,#3527,#3528,#3529,
#3530,#3531,#3532,#3533,#3534,#3535,#3536,#3537,#3538,#3539,#3540,#3541,
#3542,#3543,#3544,#3545,#3546,#3547));
#3549=DERIVED_UNIT_ELEMENT(#3551,1.);
#3550=DERIVED_UNIT_ELEMENT(#5884,-3.);
#3551=(
MASS_UNIT()
NAMED_UNIT(*)
SI_UNIT(.KILO.,.GRAM.)
);
#3552=DERIVED_UNIT((#3549,#3550));
#3553=MEASURE_REPRESENTATION_ITEM('density measure',
POSITIVE_RATIO_MEASURE(7850.),#3552);
#3554=PROPERTY_DEFINITION_REPRESENTATION(#3559,#3556);
#3555=PROPERTY_DEFINITION_REPRESENTATION(#3560,#3557);
#3556=REPRESENTATION('material name',(#3558),#5881);
#3557=REPRESENTATION('density',(#3553),#5881);
#3558=DESCRIPTIVE_REPRESENTATION_ITEM('Steel','Steel');
#3559=PROPERTY_DEFINITION('material property','material name',#5891);
#3560=PROPERTY_DEFINITION('material property','density of part',#5891);
#3561=AXIS2_PLACEMENT_3D('',#4838,#3855,#3856);
#3562=AXIS2_PLACEMENT_3D('',#4839,#3857,#3858);
#3563=AXIS2_PLACEMENT_3D('',#4853,#3859,#3860);
#3564=AXIS2_PLACEMENT_3D('',#4858,#3861,#3862);
#3565=AXIS2_PLACEMENT_3D('',#4859,#3863,#3864);
#3566=AXIS2_PLACEMENT_3D('',#4865,#3868,#3869);
#3567=AXIS2_PLACEMENT_3D('',#4871,#3870,#3871);
#3568=AXIS2_PLACEMENT_3D('',#4872,#3872,#3873);
#3569=AXIS2_PLACEMENT_3D('',#4873,#3874,#3875);
#3570=AXIS2_PLACEMENT_3D('',#4879,#3879,#3880);
#3571=AXIS2_PLACEMENT_3D('',#4888,#3885,#3886);
#3572=AXIS2_PLACEMENT_3D('',#4894,#3890,#3891);
#3573=AXIS2_PLACEMENT_3D('',#4900,#3895,#3896);
#3574=AXIS2_PLACEMENT_3D('',#4908,#3901,#3902);
#3575=AXIS2_PLACEMENT_3D('',#4910,#3903,#3904);
#3576=AXIS2_PLACEMENT_3D('',#4913,#3906,#3907);
#3577=AXIS2_PLACEMENT_3D('',#4914,#3908,#3909);
#3578=AXIS2_PLACEMENT_3D('',#4916,#3910,#3911);
#3579=AXIS2_PLACEMENT_3D('',#4917,#3912,#3913);
#3580=AXIS2_PLACEMENT_3D('',#4919,#3914,#3915);
#3581=AXIS2_PLACEMENT_3D('',#4920,#3916,#3917);
#3582=AXIS2_PLACEMENT_3D('',#4922,#3918,#3919);
#3583=AXIS2_PLACEMENT_3D('',#4925,#3921,#3922);
#3584=AXIS2_PLACEMENT_3D('',#4926,#3923,#3924);
#3585=AXIS2_PLACEMENT_3D('',#4928,#3925,#3926);
#3586=AXIS2_PLACEMENT_3D('',#4929,#3927,#3928);
#3587=AXIS2_PLACEMENT_3D('',#4931,#3929,#3930);
#3588=AXIS2_PLACEMENT_3D('',#4932,#3931,#3932);
#3589=AXIS2_PLACEMENT_3D('',#4934,#3933,#3934);
#3590=AXIS2_PLACEMENT_3D('',#4937,#3936,#3937);
#3591=AXIS2_PLACEMENT_3D('',#4938,#3938,#3939);
#3592=AXIS2_PLACEMENT_3D('',#4940,#3940,#3941);
#3593=AXIS2_PLACEMENT_3D('',#4941,#3942,#3943);
#3594=AXIS2_PLACEMENT_3D('',#4943,#3944,#3945);
#3595=AXIS2_PLACEMENT_3D('',#4944,#3946,#3947);
#3596=AXIS2_PLACEMENT_3D('',#4946,#3948,#3949);
#3597=AXIS2_PLACEMENT_3D('',#4949,#3951,#3952);
#3598=AXIS2_PLACEMENT_3D('',#4950,#3953,#3954);
#3599=AXIS2_PLACEMENT_3D('',#4952,#3955,#3956);
#3600=AXIS2_PLACEMENT_3D('',#4953,#3957,#3958);
#3601=AXIS2_PLACEMENT_3D('',#4955,#3959,#3960);
#3602=AXIS2_PLACEMENT_3D('',#4956,#3961,#3962);
#3603=AXIS2_PLACEMENT_3D('',#4958,#3963,#3964);
#3604=AXIS2_PLACEMENT_3D('',#4960,#3966,#3967);
#3605=AXIS2_PLACEMENT_3D('',#4962,#3968,#3969);
#3606=AXIS2_PLACEMENT_3D('',#4964,#3971,#3972);
#3607=AXIS2_PLACEMENT_3D('',#4966,#3973,#3974);
#3608=AXIS2_PLACEMENT_3D('',#4968,#3976,#3977);
#3609=AXIS2_PLACEMENT_3D('',#4970,#3978,#3979);
#3610=AXIS2_PLACEMENT_3D('',#4972,#3981,#3982);
#3611=AXIS2_PLACEMENT_3D('',#4975,#3983,#3984);
#3612=AXIS2_PLACEMENT_3D('',#4979,#3986,#3987);
#3613=AXIS2_PLACEMENT_3D('',#4981,#3989,#3990);
#3614=AXIS2_PLACEMENT_3D('',#4983,#3992,#3993);
#3615=AXIS2_PLACEMENT_3D('',#5000,#4002,#4003);
#3616=AXIS2_PLACEMENT_3D('',#5031,#4020,#4021);
#3617=AXIS2_PLACEMENT_3D('',#5039,#4025,#4026);
#3618=AXIS2_PLACEMENT_3D('',#5041,#4027,#4028);
#3619=AXIS2_PLACEMENT_3D('',#5043,#4029,#4030);
#3620=AXIS2_PLACEMENT_3D('',#5047,#4032,#4033);
#3621=AXIS2_PLACEMENT_3D('',#5049,#4034,#4035);
#3622=AXIS2_PLACEMENT_3D('',#5051,#4036,#4037);
#3623=AXIS2_PLACEMENT_3D('',#5055,#4039,#4040);
#3624=AXIS2_PLACEMENT_3D('',#5063,#4044,#4045);
#3625=AXIS2_PLACEMENT_3D('',#5067,#4047,#4048);
#3626=AXIS2_PLACEMENT_3D('',#5081,#4055,#4056);
#3627=AXIS2_PLACEMENT_3D('',#5089,#4060,#4061);
#3628=AXIS2_PLACEMENT_3D('',#5097,#4065,#4066);
#3629=AXIS2_PLACEMENT_3D('',#5102,#4069,#4070);
#3630=AXIS2_PLACEMENT_3D('',#5104,#4071,#4072);
#3631=AXIS2_PLACEMENT_3D('',#5106,#4073,#4074);
#3632=AXIS2_PLACEMENT_3D('',#5107,#4075,#4076);
#3633=AXIS2_PLACEMENT_3D('',#5121,#4084,#4085);
#3634=AXIS2_PLACEMENT_3D('',#5125,#4088,#4089);
#3635=AXIS2_PLACEMENT_3D('',#5129,#4092,#4093);
#3636=AXIS2_PLACEMENT_3D('',#5131,#4095,#4096);
#3637=AXIS2_PLACEMENT_3D('',#5137,#4099,#4100);
#3638=AXIS2_PLACEMENT_3D('',#5147,#4105,#4106);
#3639=AXIS2_PLACEMENT_3D('',#5167,#4116,#4117);
#3640=AXIS2_PLACEMENT_3D('',#5175,#4121,#4122);
#3641=AXIS2_PLACEMENT_3D('',#5178,#4124,#4125);
#3642=AXIS2_PLACEMENT_3D('',#5179,#4126,#4127);
#3643=AXIS2_PLACEMENT_3D('',#5188,#4132,#4133);
#3644=AXIS2_PLACEMENT_3D('',#5196,#4138,#4139);
#3645=AXIS2_PLACEMENT_3D('',#5202,#4143,#4144);
#3646=AXIS2_PLACEMENT_3D('',#5207,#4148,#4149);
#3647=AXIS2_PLACEMENT_3D('',#5209,#4151,#4152);
#3648=AXIS2_PLACEMENT_3D('',#5210,#4153,#4154);
#3649=AXIS2_PLACEMENT_3D('',#5217,#4158,#4159);
#3650=AXIS2_PLACEMENT_3D('',#5229,#4165,#4166);
#3651=AXIS2_PLACEMENT_3D('',#5233,#4169,#4170);
#3652=AXIS2_PLACEMENT_3D('',#5242,#4175,#4176);
#3653=AXIS2_PLACEMENT_3D('',#5248,#4180,#4181);
#3654=AXIS2_PLACEMENT_3D('',#5251,#4184,#4185);
#3655=AXIS2_PLACEMENT_3D('',#5257,#4188,#4189);
#3656=AXIS2_PLACEMENT_3D('',#5266,#4194,#4195);
#3657=AXIS2_PLACEMENT_3D('',#5270,#4198,#4199);
#3658=AXIS2_PLACEMENT_3D('',#5275,#4203,#4204);
#3659=AXIS2_PLACEMENT_3D('',#5284,#4209,#4210);
#3660=AXIS2_PLACEMENT_3D('',#5287,#4213,#4214);
#3661=AXIS2_PLACEMENT_3D('',#5296,#4219,#4220);
#3662=AXIS2_PLACEMENT_3D('',#5302,#4224,#4225);
#3663=AXIS2_PLACEMENT_3D('',#5304,#4226,#4227);
#3664=AXIS2_PLACEMENT_3D('',#5307,#4229,#4230);
#3665=AXIS2_PLACEMENT_3D('',#5308,#4231,#4232);
#3666=AXIS2_PLACEMENT_3D('',#5314,#4236,#4237);
#3667=AXIS2_PLACEMENT_3D('',#5320,#4241,#4242);
#3668=AXIS2_PLACEMENT_3D('',#5326,#4246,#4247);
#3669=AXIS2_PLACEMENT_3D('',#5328,#4248,#4249);
#3670=AXIS2_PLACEMENT_3D('',#5331,#4251,#4252);
#3671=AXIS2_PLACEMENT_3D('',#5332,#4253,#4254);
#3672=AXIS2_PLACEMENT_3D('',#5338,#4258,#4259);
#3673=AXIS2_PLACEMENT_3D('',#5344,#4263,#4264);
#3674=AXIS2_PLACEMENT_3D('',#5350,#4268,#4269);
#3675=AXIS2_PLACEMENT_3D('',#5352,#4270,#4271);
#3676=AXIS2_PLACEMENT_3D('',#5355,#4273,#4274);
#3677=AXIS2_PLACEMENT_3D('',#5356,#4275,#4276);
#3678=AXIS2_PLACEMENT_3D('',#5362,#4280,#4281);
#3679=AXIS2_PLACEMENT_3D('',#5368,#4285,#4286);
#3680=AXIS2_PLACEMENT_3D('',#5374,#4290,#4291);
#3681=AXIS2_PLACEMENT_3D('',#5376,#4292,#4293);
#3682=AXIS2_PLACEMENT_3D('',#5379,#4295,#4296);
#3683=AXIS2_PLACEMENT_3D('',#5380,#4297,#4298);
#3684=AXIS2_PLACEMENT_3D('',#5386,#4302,#4303);
#3685=AXIS2_PLACEMENT_3D('',#5392,#4307,#4308);
#3686=AXIS2_PLACEMENT_3D('',#5398,#4312,#4313);
#3687=AXIS2_PLACEMENT_3D('',#5406,#4317,#4318);
#3688=AXIS2_PLACEMENT_3D('',#5414,#4322,#4323);
#3689=AXIS2_PLACEMENT_3D('',#5422,#4327,#4328);
#3690=AXIS2_PLACEMENT_3D('',#5424,#4330,#4331);
#3691=AXIS2_PLACEMENT_3D('',#5430,#4335,#4336);
#3692=AXIS2_PLACEMENT_3D('',#5436,#4340,#4341);
#3693=AXIS2_PLACEMENT_3D('',#5442,#4344,#4345);
#3694=AXIS2_PLACEMENT_3D('',#5446,#4347,#4348);
#3695=AXIS2_PLACEMENT_3D('',#5450,#4350,#4351);
#3696=AXIS2_PLACEMENT_3D('',#5452,#4352,#4353);
#3697=AXIS2_PLACEMENT_3D('',#5454,#4354,#4355);
#3698=AXIS2_PLACEMENT_3D('',#5458,#4357,#4358);
#3699=AXIS2_PLACEMENT_3D('',#5460,#4359,#4360);
#3700=AXIS2_PLACEMENT_3D('',#5462,#4361,#4362);
#3701=AXIS2_PLACEMENT_3D('',#5469,#4366,#4367);
#3702=AXIS2_PLACEMENT_3D('',#5473,#4369,#4370);
#3703=AXIS2_PLACEMENT_3D('',#5477,#4372,#4373);
#3704=AXIS2_PLACEMENT_3D('',#5481,#4375,#4376);
#3705=AXIS2_PLACEMENT_3D('',#5484,#4378,#4379);
#3706=AXIS2_PLACEMENT_3D('',#5486,#4380,#4381);
#3707=AXIS2_PLACEMENT_3D('',#5487,#4382,#4383);
#3708=AXIS2_PLACEMENT_3D('',#5490,#4385,#4386);
#3709=AXIS2_PLACEMENT_3D('',#5491,#4387,#4388);
#3710=AXIS2_PLACEMENT_3D('',#5492,#4389,#4390);
#3711=AXIS2_PLACEMENT_3D('',#5495,#4392,#4393);
#3712=AXIS2_PLACEMENT_3D('',#5496,#4394,#4395);
#3713=AXIS2_PLACEMENT_3D('',#5497,#4396,#4397);
#3714=AXIS2_PLACEMENT_3D('',#5500,#4398,#4399);
#3715=AXIS2_PLACEMENT_3D('',#5504,#4401,#4402);
#3716=AXIS2_PLACEMENT_3D('',#5506,#4404,#4405);
#3717=AXIS2_PLACEMENT_3D('',#5507,#4406,#4407);
#3718=AXIS2_PLACEMENT_3D('',#5508,#4408,#4409);
#3719=AXIS2_PLACEMENT_3D('',#5509,#4410,#4411);
#3720=AXIS2_PLACEMENT_3D('',#5512,#4413,#4414);
#3721=AXIS2_PLACEMENT_3D('',#5513,#4415,#4416);
#3722=AXIS2_PLACEMENT_3D('',#5514,#4417,#4418);
#3723=AXIS2_PLACEMENT_3D('',#5517,#4420,#4421);
#3724=AXIS2_PLACEMENT_3D('',#5518,#4422,#4423);
#3725=AXIS2_PLACEMENT_3D('',#5519,#4424,#4425);
#3726=AXIS2_PLACEMENT_3D('',#5520,#4426,#4427);
#3727=AXIS2_PLACEMENT_3D('',#5526,#4431,#4432);
#3728=AXIS2_PLACEMENT_3D('',#5530,#4435,#4436);
#3729=AXIS2_PLACEMENT_3D('',#5533,#4439,#4440);
#3730=AXIS2_PLACEMENT_3D('',#5535,#4442,#4443);
#3731=AXIS2_PLACEMENT_3D('',#5537,#4445,#4446);
#3732=AXIS2_PLACEMENT_3D('',#5542,#4450,#4451);
#3733=AXIS2_PLACEMENT_3D('',#5548,#4455,#4456);
#3734=AXIS2_PLACEMENT_3D('',#5551,#4459,#4460);
#3735=AXIS2_PLACEMENT_3D('',#5553,#4462,#4463);
#3736=AXIS2_PLACEMENT_3D('',#5557,#4466,#4467);
#3737=AXIS2_PLACEMENT_3D('',#5561,#4469,#4470);
#3738=AXIS2_PLACEMENT_3D('',#5562,#4471,#4472);
#3739=AXIS2_PLACEMENT_3D('',#5563,#4473,#4474);
#3740=AXIS2_PLACEMENT_3D('',#5566,#4477,#4478);
#3741=AXIS2_PLACEMENT_3D('',#5568,#4480,#4481);
#3742=AXIS2_PLACEMENT_3D('',#5572,#4484,#4485);
#3743=AXIS2_PLACEMENT_3D('',#5576,#4487,#4488);
#3744=AXIS2_PLACEMENT_3D('',#5577,#4489,#4490);
#3745=AXIS2_PLACEMENT_3D('',#5578,#4491,#4492);
#3746=AXIS2_PLACEMENT_3D('',#5581,#4495,#4496);
#3747=AXIS2_PLACEMENT_3D('',#5586,#4500,#4501);
#3748=AXIS2_PLACEMENT_3D('',#5591,#4505,#4506);
#3749=AXIS2_PLACEMENT_3D('',#5593,#4508,#4509);
#3750=AXIS2_PLACEMENT_3D('',#5597,#4512,#4513);
#3751=AXIS2_PLACEMENT_3D('',#5600,#4515,#4516);
#3752=AXIS2_PLACEMENT_3D('',#5601,#4517,#4518);
#3753=AXIS2_PLACEMENT_3D('',#5604,#4520,#4521);
#3754=AXIS2_PLACEMENT_3D('',#5605,#4522,#4523);
#3755=AXIS2_PLACEMENT_3D('',#5608,#4525,#4526);
#3756=AXIS2_PLACEMENT_3D('',#5609,#4527,#4528);
#3757=AXIS2_PLACEMENT_3D('',#5611,#4529,#4530);
#3758=AXIS2_PLACEMENT_3D('',#5613,#4532,#4533);
#3759=AXIS2_PLACEMENT_3D('',#5614,#4534,#4535);
#3760=AXIS2_PLACEMENT_3D('',#5616,#4537,#4538);
#3761=AXIS2_PLACEMENT_3D('',#5618,#4539,#4540);
#3762=AXIS2_PLACEMENT_3D('',#5620,#4542,#4543);
#3763=AXIS2_PLACEMENT_3D('',#5621,#4544,#4545);
#3764=AXIS2_PLACEMENT_3D('',#5623,#4547,#4548);
#3765=AXIS2_PLACEMENT_3D('',#5625,#4549,#4550);
#3766=AXIS2_PLACEMENT_3D('',#5628,#4552,#4553);
#3767=AXIS2_PLACEMENT_3D('',#5629,#4554,#4555);
#3768=AXIS2_PLACEMENT_3D('',#5631,#4557,#4558);
#3769=AXIS2_PLACEMENT_3D('',#5633,#4560,#4561);
#3770=AXIS2_PLACEMENT_3D('',#5634,#4562,#4563);
#3771=AXIS2_PLACEMENT_3D('',#5636,#4565,#4566);
#3772=AXIS2_PLACEMENT_3D('',#5637,#4567,#4568);
#3773=AXIS2_PLACEMENT_3D('',#5639,#4570,#4571);
#3774=AXIS2_PLACEMENT_3D('',#5640,#4572,#4573);
#3775=AXIS2_PLACEMENT_3D('',#5644,#4576,#4577);
#3776=AXIS2_PLACEMENT_3D('',#5646,#4579,#4580);
#3777=AXIS2_PLACEMENT_3D('',#5659,#4589,#4590);
#3778=AXIS2_PLACEMENT_3D('',#5661,#4592,#4593);
#3779=AXIS2_PLACEMENT_3D('',#5662,#4594,#4595);
#3780=AXIS2_PLACEMENT_3D('',#5670,#4600,#4601);
#3781=AXIS2_PLACEMENT_3D('',#5678,#4606,#4607);
#3782=AXIS2_PLACEMENT_3D('',#5682,#4609,#4610);
#3783=AXIS2_PLACEMENT_3D('',#5690,#4614,#4615);
#3784=AXIS2_PLACEMENT_3D('',#5699,#4620,#4621);
#3785=AXIS2_PLACEMENT_3D('',#5707,#4625,#4626);
#3786=AXIS2_PLACEMENT_3D('',#5711,#4629,#4630);
#3787=AXIS2_PLACEMENT_3D('',#5714,#4633,#4634);
#3788=AXIS2_PLACEMENT_3D('',#5717,#4637,#4638);
#3789=AXIS2_PLACEMENT_3D('',#5719,#4640,#4641);
#3790=AXIS2_PLACEMENT_3D('',#5720,#4642,#4643);
#3791=AXIS2_PLACEMENT_3D('',#5724,#4645,#4646);
#3792=AXIS2_PLACEMENT_3D('',#5728,#4649,#4650);
#3793=AXIS2_PLACEMENT_3D('',#5731,#4651,#4652);
#3794=AXIS2_PLACEMENT_3D('',#5734,#4654,#4655);
#3795=AXIS2_PLACEMENT_3D('',#5735,#4656,#4657);
#3796=AXIS2_PLACEMENT_3D('',#5737,#4659,#4660);
#3797=AXIS2_PLACEMENT_3D('',#5739,#4662,#4663);
#3798=AXIS2_PLACEMENT_3D('',#5741,#4665,#4666);
#3799=AXIS2_PLACEMENT_3D('',#5742,#4667,#4668);
#3800=AXIS2_PLACEMENT_3D('',#5744,#4670,#4671);
#3801=AXIS2_PLACEMENT_3D('',#5746,#4673,#4674);
#3802=AXIS2_PLACEMENT_3D('',#5748,#4676,#4677);
#3803=AXIS2_PLACEMENT_3D('',#5750,#4679,#4680);
#3804=AXIS2_PLACEMENT_3D('',#5752,#4682,#4683);
#3805=AXIS2_PLACEMENT_3D('',#5754,#4685,#4686);
#3806=AXIS2_PLACEMENT_3D('',#5755,#4687,#4688);
#3807=AXIS2_PLACEMENT_3D('',#5757,#4690,#4691);
#3808=AXIS2_PLACEMENT_3D('',#5759,#4693,#4694);
#3809=AXIS2_PLACEMENT_3D('',#5761,#4696,#4697);
#3810=AXIS2_PLACEMENT_3D('',#5762,#4698,#4699);
#3811=AXIS2_PLACEMENT_3D('',#5766,#4702,#4703);
#3812=AXIS2_PLACEMENT_3D('',#5770,#4706,#4707);
#3813=AXIS2_PLACEMENT_3D('',#5773,#4708,#4709);
#3814=AXIS2_PLACEMENT_3D('',#5774,#4710,#4711);
#3815=AXIS2_PLACEMENT_3D('',#5776,#4713,#4714);
#3816=AXIS2_PLACEMENT_3D('',#5778,#4715,#4716);
#3817=AXIS2_PLACEMENT_3D('',#5781,#4719,#4720);
#3818=AXIS2_PLACEMENT_3D('',#5783,#4721,#4722);
#3819=AXIS2_PLACEMENT_3D('',#5786,#4725,#4726);
#3820=AXIS2_PLACEMENT_3D('',#5788,#4728,#4729);
#3821=AXIS2_PLACEMENT_3D('',#5789,#4730,#4731);
#3822=AXIS2_PLACEMENT_3D('',#5791,#4733,#4734);
#3823=AXIS2_PLACEMENT_3D('',#5795,#4736,#4737);
#3824=AXIS2_PLACEMENT_3D('',#5797,#4739,#4740);
#3825=AXIS2_PLACEMENT_3D('',#5800,#4742,#4743);
#3826=AXIS2_PLACEMENT_3D('',#5801,#4744,#4745);
#3827=AXIS2_PLACEMENT_3D('',#5805,#4747,#4748);
#3828=AXIS2_PLACEMENT_3D('',#5807,#4750,#4751);
#3829=AXIS2_PLACEMENT_3D('',#5811,#4754,#4755);
#3830=AXIS2_PLACEMENT_3D('',#5815,#4758,#4759);
#3831=AXIS2_PLACEMENT_3D('',#5817,#4761,#4762);
#3832=AXIS2_PLACEMENT_3D('',#5818,#4763,#4764);
#3833=AXIS2_PLACEMENT_3D('',#5822,#4767,#4768);
#3834=AXIS2_PLACEMENT_3D('',#5826,#4771,#4772);
#3835=AXIS2_PLACEMENT_3D('',#5828,#4774,#4775);
#3836=AXIS2_PLACEMENT_3D('',#5829,#4776,#4777);
#3837=AXIS2_PLACEMENT_3D('',#5833,#4780,#4781);
#3838=AXIS2_PLACEMENT_3D('',#5836,#4784,#4785);
#3839=AXIS2_PLACEMENT_3D('',#5837,#4786,#4787);
#3840=AXIS2_PLACEMENT_3D('',#5838,#4788,#4789);
#3841=AXIS2_PLACEMENT_3D('',#5841,#4792,#4793);
#3842=AXIS2_PLACEMENT_3D('',#5843,#4795,#4796);
#3843=AXIS2_PLACEMENT_3D('',#5845,#4798,#4799);
#3844=AXIS2_PLACEMENT_3D('',#5847,#4801,#4802);
#3845=AXIS2_PLACEMENT_3D('',#5849,#4804,#4805);
#3846=AXIS2_PLACEMENT_3D('',#5850,#4806,#4807);
#3847=AXIS2_PLACEMENT_3D('',#5852,#4809,#4810);
#3848=AXIS2_PLACEMENT_3D('',#5854,#4812,#4813);
#3849=AXIS2_PLACEMENT_3D('',#5860,#4817,#4818);
#3850=AXIS2_PLACEMENT_3D('',#5866,#4822,#4823);
#3851=AXIS2_PLACEMENT_3D('',#5868,#4825,#4826);
#3852=AXIS2_PLACEMENT_3D('',#5870,#4828,#4829);
#3853=AXIS2_PLACEMENT_3D('',#5874,#4832,#4833);
#3854=AXIS2_PLACEMENT_3D('',#5878,#4836,#4837);
#3855=DIRECTION('axis',(0.,0.,1.));
#3856=DIRECTION('refdir',(1.,0.,0.));
#3857=DIRECTION('center_axis',(1.,0.,0.));
#3858=DIRECTION('ref_axis',(0.,-0.999972321483588,0.00744017921319467));
#3859=DIRECTION('center_axis',(1.,0.,0.));
#3860=DIRECTION('ref_axis',(0.,-0.999972321483588,0.00744017921319468));
#3861=DIRECTION('center_axis',(1.,0.,0.));
#3862=DIRECTION('ref_axis',(0.,-0.999972321483588,0.00744017921319468));
#3863=DIRECTION('center_axis',(0.707106781186549,0.707106781186546,1.23081465698497E-16));
#3864=DIRECTION('ref_axis',(1.74063478067573E-16,0.,-1.));
#3865=DIRECTION('',(0.,1.74063478067574E-16,-1.));
#3866=DIRECTION('',(0.707106781186546,-0.707106781186549,0.));
#3867=DIRECTION('',(0.,1.74063478067574E-16,-1.));
#3868=DIRECTION('center_axis',(1.,0.,0.));
#3869=DIRECTION('ref_axis',(0.,-3.40857946156847E-15,1.));
#3870=DIRECTION('center_axis',(1.,0.,0.));
#3871=DIRECTION('ref_axis',(0.,-3.40857946156847E-15,1.));
#3872=DIRECTION('center_axis',(1.,0.,0.));
#3873=DIRECTION('ref_axis',(0.,-3.40857946156847E-15,1.));
#3874=DIRECTION('center_axis',(0.,1.,0.));
#3875=DIRECTION('ref_axis',(-1.,0.,0.));
#3876=DIRECTION('',(0.,0.,-1.));
#3877=DIRECTION('',(-1.,0.,0.));
#3878=DIRECTION('',(0.,0.,1.));
#3879=DIRECTION('center_axis',(0.707106780120107,0.707106781186547,3.88352509461358E-5));
#3880=DIRECTION('ref_axis',(5.49213385861878E-5,0.,-0.999999998491823));
#3881=DIRECTION('',(0.707106781719768,-0.707106780653328,-1.96261557187474E-16));
#3882=DIRECTION('',(5.49213385861878E-5,0.,-0.999999998491823));
#3883=DIRECTION('',(-0.707106781719768,0.707106780653328,0.));
#3884=DIRECTION('',(-5.49213385861878E-5,0.,0.999999998491823));
#3885=DIRECTION('center_axis',(0.,-1.,0.));
#3886=DIRECTION('ref_axis',(0.,0.,-1.));
#3887=DIRECTION('',(-1.,0.,0.));
#3888=DIRECTION('',(0.,0.,1.));
#3889=DIRECTION('',(1.,0.,0.));
#3890=DIRECTION('center_axis',(-1.,0.,0.));
#3891=DIRECTION('ref_axis',(0.,2.91433543964103E-16,-1.));
#3892=DIRECTION('',(0.,-1.,-2.77555756156289E-16));
#3893=DIRECTION('',(0.,2.91433543964103E-16,-1.));
#3894=DIRECTION('',(0.,1.,0.));
#3895=DIRECTION('center_axis',(0.,2.77555756156289E-16,-1.));
#3896=DIRECTION('ref_axis',(1.,0.,0.));
#3897=DIRECTION('',(-1.52437336833952E-20,1.,2.77555756156289E-16));
#3898=DIRECTION('',(1.,0.,0.));
#3899=DIRECTION('',(-1.52437336805399E-20,1.,2.77555756156289E-16));
#3900=DIRECTION('',(1.,0.,0.));
#3901=DIRECTION('center_axis',(0.,1.,0.));
#3902=DIRECTION('ref_axis',(1.,0.,0.));
#3903=DIRECTION('center_axis',(0.,1.,0.));
#3904=DIRECTION('ref_axis',(1.,0.,0.));
#3905=DIRECTION('',(0.,1.,0.));
#3906=DIRECTION('center_axis',(0.,1.,0.));
#3907=DIRECTION('ref_axis',(1.,0.,0.));
#3908=DIRECTION('center_axis',(0.,1.,0.));
#3909=DIRECTION('ref_axis',(1.,0.,0.));
#3910=DIRECTION('center_axis',(0.,-1.,0.));
#3911=DIRECTION('ref_axis',(1.,0.,0.));
#3912=DIRECTION('center_axis',(0.,1.,0.));
#3913=DIRECTION('ref_axis',(1.,0.,0.));
#3914=DIRECTION('center_axis',(0.,1.,0.));
#3915=DIRECTION('ref_axis',(1.,0.,0.));
#3916=DIRECTION('center_axis',(0.,1.,0.));
#3917=DIRECTION('ref_axis',(1.,0.,0.));
#3918=DIRECTION('center_axis',(0.,1.,0.));
#3919=DIRECTION('ref_axis',(1.,0.,0.));
#3920=DIRECTION('',(0.,1.,0.));
#3921=DIRECTION('center_axis',(0.,1.,0.));
#3922=DIRECTION('ref_axis',(1.,0.,0.));
#3923=DIRECTION('center_axis',(0.,1.,0.));
#3924=DIRECTION('ref_axis',(1.,0.,0.));
#3925=DIRECTION('center_axis',(0.,-1.,0.));
#3926=DIRECTION('ref_axis',(1.,0.,0.));
#3927=DIRECTION('center_axis',(0.,1.,0.));
#3928=DIRECTION('ref_axis',(1.,0.,0.));
#3929=DIRECTION('center_axis',(0.,1.,0.));
#3930=DIRECTION('ref_axis',(1.,0.,0.));
#3931=DIRECTION('center_axis',(0.,1.,0.));
#3932=DIRECTION('ref_axis',(1.,0.,0.));
#3933=DIRECTION('center_axis',(0.,1.,0.));
#3934=DIRECTION('ref_axis',(1.,0.,0.));
#3935=DIRECTION('',(0.,1.,0.));
#3936=DIRECTION('center_axis',(0.,1.,0.));
#3937=DIRECTION('ref_axis',(1.,0.,0.));
#3938=DIRECTION('center_axis',(0.,1.,0.));
#3939=DIRECTION('ref_axis',(1.,0.,0.));
#3940=DIRECTION('center_axis',(0.,-1.,0.));
#3941=DIRECTION('ref_axis',(1.,0.,0.));
#3942=DIRECTION('center_axis',(0.,1.,0.));
#3943=DIRECTION('ref_axis',(1.,0.,0.));
#3944=DIRECTION('center_axis',(0.,1.,0.));
#3945=DIRECTION('ref_axis',(1.,0.,0.));
#3946=DIRECTION('center_axis',(0.,1.,0.));
#3947=DIRECTION('ref_axis',(1.,0.,0.));
#3948=DIRECTION('center_axis',(0.,1.,0.));
#3949=DIRECTION('ref_axis',(1.,0.,0.));
#3950=DIRECTION('',(0.,1.,0.));
#3951=DIRECTION('center_axis',(0.,1.,0.));
#3952=DIRECTION('ref_axis',(1.,0.,0.));
#3953=DIRECTION('center_axis',(0.,1.,0.));
#3954=DIRECTION('ref_axis',(1.,0.,0.));
#3955=DIRECTION('center_axis',(0.,-1.,0.));
#3956=DIRECTION('ref_axis',(1.,0.,0.));
#3957=DIRECTION('center_axis',(0.,1.,0.));
#3958=DIRECTION('ref_axis',(1.,0.,0.));
#3959=DIRECTION('center_axis',(0.,1.,0.));
#3960=DIRECTION('ref_axis',(1.,0.,0.));
#3961=DIRECTION('center_axis',(0.,1.,0.));
#3962=DIRECTION('ref_axis',(1.,0.,0.));
#3963=DIRECTION('center_axis',(0.,1.,0.));
#3964=DIRECTION('ref_axis',(1.,0.,0.));
#3965=DIRECTION('',(0.,1.,0.));
#3966=DIRECTION('center_axis',(0.,1.,0.));
#3967=DIRECTION('ref_axis',(1.,0.,0.));
#3968=DIRECTION('center_axis',(0.,1.,0.));
#3969=DIRECTION('ref_axis',(1.,0.,0.));
#3970=DIRECTION('',(0.,1.,0.));
#3971=DIRECTION('center_axis',(0.,1.,0.));
#3972=DIRECTION('ref_axis',(1.,0.,0.));
#3973=DIRECTION('center_axis',(0.,1.,0.));
#3974=DIRECTION('ref_axis',(1.,0.,0.));
#3975=DIRECTION('',(0.,1.,0.));
#3976=DIRECTION('center_axis',(0.,1.,0.));
#3977=DIRECTION('ref_axis',(1.,0.,0.));
#3978=DIRECTION('center_axis',(0.,1.,0.));
#3979=DIRECTION('ref_axis',(1.,0.,0.));
#3980=DIRECTION('',(0.,1.,0.));
#3981=DIRECTION('center_axis',(0.,0.,1.));
#3982=DIRECTION('ref_axis',(0.631510582190966,-0.775367257872569,0.));
#3983=DIRECTION('center_axis',(0.,0.,1.));
#3984=DIRECTION('ref_axis',(0.631510582190966,-0.775367257872569,0.));
#3985=DIRECTION('',(0.,0.,1.));
#3986=DIRECTION('center_axis',(0.,0.,1.));
#3987=DIRECTION('ref_axis',(0.631510582190966,-0.775367257872569,0.));
#3988=DIRECTION('',(0.,0.,1.));
#3989=DIRECTION('center_axis',(0.,0.,-1.));
#3990=DIRECTION('ref_axis',(-1.,0.,0.));
#3991=DIRECTION('',(1.,0.,0.));
#3992=DIRECTION('center_axis',(-1.,0.,0.));
#3993=DIRECTION('ref_axis',(0.,0.,1.));
#3994=DIRECTION('',(0.,-1.,0.));
#3995=DIRECTION('',(0.,0.,1.));
#3996=DIRECTION('',(0.,1.,0.));
#3997=DIRECTION('',(0.,0.,-1.));
#3998=DIRECTION('',(0.,1.,0.));
#3999=DIRECTION('',(0.,0.,1.));
#4000=DIRECTION('',(0.,-1.,0.));
#4001=DIRECTION('',(0.,0.,1.));
#4002=DIRECTION('center_axis',(0.,0.,-1.));
#4003=DIRECTION('ref_axis',(1.,0.,0.));
#4004=DIRECTION('',(0.,-1.,0.));
#4005=DIRECTION('',(1.,0.,0.));
#4006=DIRECTION('',(1.,0.,0.));
#4007=DIRECTION('',(-1.,0.,0.));
#4008=DIRECTION('',(0.,-1.,0.));
#4009=DIRECTION('',(-1.,0.,0.));
#4010=DIRECTION('',(0.,1.,0.));
#4011=DIRECTION('',(-1.,0.,0.));
#4012=DIRECTION('',(0.,-1.,0.));
#4013=DIRECTION('',(-1.,0.,0.));
#4014=DIRECTION('',(0.,1.,0.));
#4015=DIRECTION('',(-1.,0.,0.));
#4016=DIRECTION('',(0.,-1.,0.));
#4017=DIRECTION('',(-1.,0.,0.));
#4018=DIRECTION('',(0.,-1.,0.));
#4019=DIRECTION('',(-1.,0.,0.));
#4020=DIRECTION('center_axis',(0.,1.,0.));
#4021=DIRECTION('ref_axis',(1.,0.,0.));
#4022=DIRECTION('',(1.,0.,0.));
#4023=DIRECTION('',(0.,0.,1.));
#4024=DIRECTION('',(-1.,0.,-2.01858731022911E-16));
#4025=DIRECTION('center_axis',(0.,1.,0.));
#4026=DIRECTION('ref_axis',(0.999999999983562,0.,-5.73366303947033E-6));
#4027=DIRECTION('center_axis',(0.,-1.,0.));
#4028=DIRECTION('ref_axis',(1.,0.,0.));
#4029=DIRECTION('center_axis',(0.,1.,0.));
#4030=DIRECTION('ref_axis',(0.999999999983562,0.,-5.73366303947033E-6));
#4031=DIRECTION('',(0.,0.,-1.));
#4032=DIRECTION('center_axis',(0.,1.,0.));
#4033=DIRECTION('ref_axis',(-0.00983731181725375,0.,0.999951612477429));
#4034=DIRECTION('center_axis',(0.,-1.,0.));
#4035=DIRECTION('ref_axis',(1.,0.,0.));
#4036=DIRECTION('center_axis',(0.,1.,0.));
#4037=DIRECTION('ref_axis',(-0.00983731181725375,0.,0.999951612477429));
#4038=DIRECTION('',(1.,0.,2.04809882746327E-13));
#4039=DIRECTION('center_axis',(0.,1.,0.));
#4040=DIRECTION('ref_axis',(-0.999949757863115,0.,-0.0100240585342436));
#4041=DIRECTION('',(-2.77570158007898E-16,0.,1.));
#4042=DIRECTION('',(1.,0.,0.));
#4043=DIRECTION('',(4.11214123356853E-17,0.,-1.));
#4044=DIRECTION('center_axis',(0.,1.,0.));
#4045=DIRECTION('ref_axis',(-0.00983882231368557,0.,0.999951597616344));
#4046=DIRECTION('',(1.,0.,2.04910873066821E-13));
#4047=DIRECTION('center_axis',(0.,1.,0.));
#4048=DIRECTION('ref_axis',(-0.999949748077045,0.,-0.0100250346959207));
#4049=DIRECTION('',(-6.14519438140683E-13,0.,1.));
#4050=DIRECTION('',(1.,0.,0.));
#4051=DIRECTION('',(0.,0.,1.));
#4052=DIRECTION('',(1.,0.,0.));
#4053=DIRECTION('',(5.49213385861878E-5,0.,-0.999999998491823));
#4054=DIRECTION('',(-0.0139655829903073,0.,-0.999902476490453));
#4055=DIRECTION('center_axis',(0.,-1.,0.));
#4056=DIRECTION('ref_axis',(-0.998855399101389,0.,0.0478319107500876));
#4057=DIRECTION('',(-0.999895126278875,0.,-0.0144822803367846));
#4058=DIRECTION('',(-0.999999978300013,0.,-0.000208326603883504));
#4059=DIRECTION('',(-0.999911593130049,0.,0.0132968388772029));
#4060=DIRECTION('center_axis',(0.,-1.,0.));
#4061=DIRECTION('ref_axis',(0.0480664212666466,0.,0.998844141568952));
#4062=DIRECTION('',(-0.0136471601092647,0.,0.999906873174173));
#4063=DIRECTION('',(0.,0.,1.));
#4064=DIRECTION('',(0.0140175362910167,0.,0.999901749511586));
#4065=DIRECTION('center_axis',(0.,-1.,0.));
#4066=DIRECTION('ref_axis',(0.998873708532125,0.,-0.0474480179067513));
#4067=DIRECTION('',(0.999901749511631,0.,0.0140175362877595));
#4068=DIRECTION('',(1.,0.,0.));
#4069=DIRECTION('center_axis',(0.,1.,0.));
#4070=DIRECTION('ref_axis',(1.,0.,0.));
#4071=DIRECTION('center_axis',(0.,1.,0.));
#4072=DIRECTION('ref_axis',(1.,0.,0.));
#4073=DIRECTION('center_axis',(0.,1.,0.));
#4074=DIRECTION('ref_axis',(1.,0.,0.));
#4075=DIRECTION('center_axis',(-1.,0.,0.));
#4076=DIRECTION('ref_axis',(0.,-1.,0.));
#4077=DIRECTION('',(0.,1.,0.));
#4078=DIRECTION('',(0.,0.,1.));
#4079=DIRECTION('',(0.,0.,-1.));
#4080=DIRECTION('',(0.,1.,0.));
#4081=DIRECTION('',(0.,0.,-1.));
#4082=DIRECTION('',(0.,1.,0.));
#4083=DIRECTION('',(0.,0.,-1.));
#4084=DIRECTION('center_axis',(0.,0.,-1.));
#4085=DIRECTION('ref_axis',(-1.,0.,0.));
#4086=DIRECTION('',(1.,0.,0.));
#4087=DIRECTION('',(0.,1.,0.));
#4088=DIRECTION('center_axis',(0.,-1.,0.));
#4089=DIRECTION('ref_axis',(1.,0.,0.));
#4090=DIRECTION('',(-1.,0.,-2.01858731022911E-16));
#4091=DIRECTION('',(0.,0.,1.));
#4092=DIRECTION('center_axis',(1.,0.,0.));
#4093=DIRECTION('ref_axis',(0.,1.,0.));
#4094=DIRECTION('',(0.,-1.,0.));
#4095=DIRECTION('center_axis',(0.,1.,0.));
#4096=DIRECTION('ref_axis',(1.,0.,0.));
#4097=DIRECTION('',(1.,0.,0.));
#4098=DIRECTION('',(0.99990191011696,0.,-0.0140060752695057));
#4099=DIRECTION('center_axis',(0.,-1.,0.));
#4100=DIRECTION('ref_axis',(-0.0472962064429451,0.,-0.998880908244875));
#4101=DIRECTION('',(0.0138635473673223,0.,-0.999903896409247));
#4102=DIRECTION('',(5.49213385861878E-5,0.,-0.999999998491823));
#4103=DIRECTION('',(-1.,0.,0.));
#4104=DIRECTION('',(-6.14519438140683E-13,0.,1.));
#4105=DIRECTION('center_axis',(0.,1.,0.));
#4106=DIRECTION('ref_axis',(6.25953529774058E-8,0.,-0.999999999999998));
#4107=DIRECTION('',(-1.,0.,2.01858732228041E-16));
#4108=DIRECTION('',(0.,0.,1.));
#4109=DIRECTION('',(-1.,0.,2.53892187492458E-34));
#4110=DIRECTION('',(0.,0.,-1.));
#4111=DIRECTION('',(-1.,0.,2.01858732228041E-16));
#4112=DIRECTION('',(0.,0.,1.));
#4113=DIRECTION('',(-1.,0.,0.));
#4114=DIRECTION('',(0.,0.,-1.));
#4115=DIRECTION('',(-1.,0.,2.01858732228041E-16));
#4116=DIRECTION('center_axis',(0.,1.,0.));
#4117=DIRECTION('ref_axis',(0.999999999983597,0.,-5.72759920438509E-6));
#4118=DIRECTION('',(4.11214123356853E-17,0.,-1.));
#4119=DIRECTION('',(-1.,0.,0.));
#4120=DIRECTION('',(-2.77570158007898E-16,0.,1.));
#4121=DIRECTION('center_axis',(0.,1.,0.));
#4122=DIRECTION('ref_axis',(3.53899479695981E-8,0.,-0.999999999999999));
#4123=DIRECTION('',(-1.,0.,-2.01858731022911E-16));
#4124=DIRECTION('center_axis',(0.,1.,0.));
#4125=DIRECTION('ref_axis',(1.,0.,0.));
#4126=DIRECTION('center_axis',(0.,-1.,0.));
#4127=DIRECTION('ref_axis',(1.,0.,0.));
#4128=DIRECTION('',(1.,0.,0.));
#4129=DIRECTION('',(0.,0.,1.));
#4130=DIRECTION('',(1.,0.,0.));
#4131=DIRECTION('',(0.,0.,1.));
#4132=DIRECTION('center_axis',(-1.,0.,0.));
#4133=DIRECTION('ref_axis',(0.,-1.,0.));
#4134=DIRECTION('',(0.,-1.,0.));
#4135=DIRECTION('',(0.,0.,-1.));
#4136=DIRECTION('',(0.,-1.,0.));
#4137=DIRECTION('',(0.,0.,1.));
#4138=DIRECTION('center_axis',(0.,1.,0.));
#4139=DIRECTION('ref_axis',(-1.,0.,0.));
#4140=DIRECTION('',(-1.,0.,0.));
#4141=DIRECTION('',(-1.,0.,0.));
#4142=DIRECTION('',(0.,0.,1.));
#4143=DIRECTION('center_axis',(1.,0.,0.));
#4144=DIRECTION('ref_axis',(0.,1.,0.));
#4145=DIRECTION('',(0.,-1.,0.));
#4146=DIRECTION('',(0.,1.,0.));
#4147=DIRECTION('',(0.,0.,1.));
#4148=DIRECTION('center_axis',(0.,0.,-1.));
#4149=DIRECTION('ref_axis',(-1.,0.,0.));
#4150=DIRECTION('',(1.,0.,0.));
#4151=DIRECTION('center_axis',(0.,0.,1.));
#4152=DIRECTION('ref_axis',(1.,0.,0.));
#4153=DIRECTION('center_axis',(0.,1.,0.));
#4154=DIRECTION('ref_axis',(-1.,0.,0.));
#4155=DIRECTION('',(1.,0.,0.));
#4156=DIRECTION('',(-1.,0.,0.));
#4157=DIRECTION('',(-0.999901910117004,0.,0.0140060752663444));
#4158=DIRECTION('center_axis',(0.,1.,0.));
#4159=DIRECTION('ref_axis',(-0.0441221323363249,0.,-0.999026144521802));
#4160=DIRECTION('',(-0.0138635473673458,0.,0.999903896409247));
#4161=DIRECTION('',(-5.49213385760746E-5,0.,0.999999998491823));
#4162=DIRECTION('',(1.,0.,0.));
#4163=DIRECTION('',(5.49213385861878E-5,0.,-0.999999998491823));
#4164=DIRECTION('',(0.0138635473673223,0.,-0.999903896409247));
#4165=DIRECTION('center_axis',(0.,-1.,0.));
#4166=DIRECTION('ref_axis',(-0.0472962064429451,0.,-0.998880908244875));
#4167=DIRECTION('',(0.99990191011696,0.,-0.0140060752695057));
#4168=DIRECTION('',(1.,0.,0.));
#4169=DIRECTION('center_axis',(0.,0.,-1.));
#4170=DIRECTION('ref_axis',(0.,-1.,0.));
#4171=DIRECTION('',(0.,-1.,0.));
#4172=DIRECTION('',(1.,0.,0.));
#4173=DIRECTION('',(0.,-1.,0.));
#4174=DIRECTION('',(-1.,0.,0.));
#4175=DIRECTION('center_axis',(0.,1.,0.));
#4176=DIRECTION('ref_axis',(0.,0.,-1.));
#4177=DIRECTION('',(0.,0.,-1.));
#4178=DIRECTION('',(0.,0.,-1.));
#4179=DIRECTION('',(-1.,0.,0.));
#4180=DIRECTION('center_axis',(0.,0.,1.));
#4181=DIRECTION('ref_axis',(0.,1.,0.));
#4182=DIRECTION('',(0.,1.,0.));
#4183=DIRECTION('',(0.,1.,0.));
#4184=DIRECTION('center_axis',(0.,1.,0.));
#4185=DIRECTION('ref_axis',(-1.,0.,0.));
#4186=DIRECTION('',(0.,0.,-1.));
#4187=DIRECTION('',(-0.0140175362878915,0.,-0.999901749511629));
#4188=DIRECTION('center_axis',(0.,1.,0.));
#4189=DIRECTION('ref_axis',(0.999020033158106,0.,-0.0442602908799472));
#4190=DIRECTION('',(-0.999901749511631,0.,-0.0140175362877602));
#4191=DIRECTION('',(-1.,0.,0.));
#4192=DIRECTION('',(1.,0.,0.));
#4193=DIRECTION('',(0.999901749511631,0.,0.0140175362877595));
#4194=DIRECTION('center_axis',(0.,-1.,0.));
#4195=DIRECTION('ref_axis',(0.998873708532125,0.,-0.0474480179067513));
#4196=DIRECTION('',(0.0140175362910167,0.,0.999901749511586));
#4197=DIRECTION('',(0.,0.,1.));
#4198=DIRECTION('center_axis',(-1.,0.,0.));
#4199=DIRECTION('ref_axis',(0.,0.,1.));
#4200=DIRECTION('',(0.,-1.,0.));
#4201=DIRECTION('',(0.,-1.,0.));
#4202=DIRECTION('',(0.,0.,1.));
#4203=DIRECTION('center_axis',(0.,0.,1.));
#4204=DIRECTION('ref_axis',(1.,0.,0.));
#4205=DIRECTION('',(1.,0.,0.));
#4206=DIRECTION('',(0.,-1.,0.));
#4207=DIRECTION('',(1.,0.,0.));
#4208=DIRECTION('',(0.,1.,0.));
#4209=DIRECTION('center_axis',(0.,1.,0.));
#4210=DIRECTION('ref_axis',(0.,0.,1.));
#4211=DIRECTION('',(3.52509310421831E-16,0.,1.));
#4212=DIRECTION('',(0.,0.,-1.));
#4213=DIRECTION('center_axis',(0.,0.,1.));
#4214=DIRECTION('ref_axis',(1.,0.,0.));
#4215=DIRECTION('',(1.,0.,0.));
#4216=DIRECTION('',(0.,1.,0.));
#4217=DIRECTION('',(1.,0.,0.));
#4218=DIRECTION('',(0.,1.,0.));
#4219=DIRECTION('center_axis',(0.0140060752663614,0.,0.999901910117004));
#4220=DIRECTION('ref_axis',(0.999901910117004,0.,-0.0140060752663614));
#4221=DIRECTION('',(0.999901910117004,0.,-0.0140060752663614));
#4222=DIRECTION('',(0.,1.,0.));
#4223=DIRECTION('',(0.999901910117004,0.,-0.0140060752663614));
#4224=DIRECTION('center_axis',(0.,1.,0.));
#4225=DIRECTION('ref_axis',(-0.0483491629006864,0.,-0.998830495352842));
#4226=DIRECTION('center_axis',(0.,-1.,0.));
#4227=DIRECTION('ref_axis',(-0.0483491629006864,0.,-0.998830495352842));
#4228=DIRECTION('',(0.,1.,0.));
#4229=DIRECTION('center_axis',(0.,-1.,0.));
#4230=DIRECTION('ref_axis',(-0.0483491629006864,0.,-0.998830495352842));
#4231=DIRECTION('center_axis',(0.999903896409244,0.,0.0138635473675617));
#4232=DIRECTION('ref_axis',(0.0138635473675617,0.,-0.999903896409244));
#4233=DIRECTION('',(0.0138635473675617,0.,-0.999903896409244));
#4234=DIRECTION('',(0.,1.,0.));
#4235=DIRECTION('',(0.0138635473675617,0.,-0.999903896409244));
#4236=DIRECTION('center_axis',(0.999999998491823,0.,5.49213385758074E-5));
#4237=DIRECTION('ref_axis',(5.49213385758074E-5,0.,-0.999999998491823));
#4238=DIRECTION('',(5.49213385758074E-5,0.,-0.999999998491823));
#4239=DIRECTION('',(0.,1.,0.));
#4240=DIRECTION('',(5.49213385758074E-5,0.,-0.999999998491823));
#4241=DIRECTION('center_axis',(0.999902476490469,0.,-0.0139655829891389));
#4242=DIRECTION('ref_axis',(-0.0139655829891389,0.,-0.999902476490469));
#4243=DIRECTION('',(-0.0139655829891389,0.,-0.999902476490469));
#4244=DIRECTION('',(0.,1.,0.));
#4245=DIRECTION('',(-0.0139655829891389,0.,-0.999902476490469));
#4246=DIRECTION('center_axis',(0.,1.,0.));
#4247=DIRECTION('ref_axis',(-0.99883237691145,0.,0.0483102766854373));
#4248=DIRECTION('center_axis',(0.,-1.,0.));
#4249=DIRECTION('ref_axis',(-0.99883237691145,0.,0.0483102766854373));
#4250=DIRECTION('',(0.,1.,0.));
#4251=DIRECTION('center_axis',(0.,-1.,0.));
#4252=DIRECTION('ref_axis',(-0.99883237691145,0.,0.0483102766854373));
#4253=DIRECTION('center_axis',(0.0144822803369916,0.,-0.999895126278872));
#4254=DIRECTION('ref_axis',(-0.999895126278872,0.,-0.0144822803369916));
#4255=DIRECTION('',(-0.999895126278872,0.,-0.0144822803369916));
#4256=DIRECTION('',(0.,1.,0.));
#4257=DIRECTION('',(-0.999895126278872,0.,-0.0144822803369916));
#4258=DIRECTION('center_axis',(0.000208326603883487,0.,-0.999999978300013));
#4259=DIRECTION('ref_axis',(-0.999999978300013,0.,-0.000208326603883487));
#4260=DIRECTION('',(-0.999999978300013,0.,-0.000208326603883487));
#4261=DIRECTION('',(0.,1.,0.));
#4262=DIRECTION('',(-0.999999978300013,0.,-0.000208326603883487));
#4263=DIRECTION('center_axis',(-0.0132968388676728,0.,-0.999911593130176));
#4264=DIRECTION('ref_axis',(-0.999911593130176,0.,0.0132968388676728));
#4265=DIRECTION('',(-0.999911593130176,0.,0.0132968388676728));
#4266=DIRECTION('',(0.,1.,0.));
#4267=DIRECTION('',(-0.999911593130176,0.,0.0132968388676728));
#4268=DIRECTION('center_axis',(0.,1.,0.));
#4269=DIRECTION('ref_axis',(0.0480664212666428,0.,0.998844141568953));
#4270=DIRECTION('center_axis',(0.,-1.,0.));
#4271=DIRECTION('ref_axis',(0.0480664212666428,0.,0.998844141568953));
#4272=DIRECTION('',(0.,1.,0.));
#4273=DIRECTION('center_axis',(0.,-1.,0.));
#4274=DIRECTION('ref_axis',(0.0480664212666428,0.,0.998844141568953));
#4275=DIRECTION('center_axis',(-0.999906873174174,0.,-0.0136471601092264));
#4276=DIRECTION('ref_axis',(-0.0136471601092264,0.,0.999906873174174));
#4277=DIRECTION('',(-0.0136471601092264,0.,0.999906873174174));
#4278=DIRECTION('',(0.,1.,0.));
#4279=DIRECTION('',(-0.0136471601092264,0.,0.999906873174174));
#4280=DIRECTION('center_axis',(-1.,0.,0.));
#4281=DIRECTION('ref_axis',(0.,0.,1.));
#4282=DIRECTION('',(0.,0.,1.));
#4283=DIRECTION('',(0.,1.,0.));
#4284=DIRECTION('',(0.,0.,1.));
#4285=DIRECTION('center_axis',(-0.999901749511631,0.,0.014017536287794));
#4286=DIRECTION('ref_axis',(0.014017536287794,0.,0.999901749511631));
#4287=DIRECTION('',(0.014017536287794,0.,0.999901749511631));
#4288=DIRECTION('',(0.,1.,0.));
#4289=DIRECTION('',(0.014017536287794,0.,0.999901749511631));
#4290=DIRECTION('center_axis',(0.,1.,0.));
#4291=DIRECTION('ref_axis',(0.998829868727038,0.,-0.0483621064339474));
#4292=DIRECTION('center_axis',(0.,-1.,0.));
#4293=DIRECTION('ref_axis',(0.998829868727038,0.,-0.0483621064339474));
#4294=DIRECTION('',(0.,1.,0.));
#4295=DIRECTION('center_axis',(0.,-1.,0.));
#4296=DIRECTION('ref_axis',(0.998829868727038,0.,-0.0483621064339474));
#4297=DIRECTION('center_axis',(-0.0140175362877628,0.,0.999901749511631));
#4298=DIRECTION('ref_axis',(0.999901749511631,0.,0.0140175362877628));
#4299=DIRECTION('',(0.999901749511631,0.,0.0140175362877628));
#4300=DIRECTION('',(0.,1.,0.));
#4301=DIRECTION('',(0.999901749511631,0.,0.0140175362877628));
#4302=DIRECTION('center_axis',(0.,0.,1.));
#4303=DIRECTION('ref_axis',(1.,0.,0.));
#4304=DIRECTION('',(1.,0.,0.));
#4305=DIRECTION('',(0.,-1.,0.));
#4306=DIRECTION('',(1.,0.,0.));
#4307=DIRECTION('center_axis',(0.,1.,0.));
#4308=DIRECTION('ref_axis',(1.,0.,0.));
#4309=DIRECTION('',(0.,0.,-1.));
#4310=DIRECTION('',(-7.90325281415511E-16,0.,1.));
#4311=DIRECTION('',(-0.999901749511631,0.,-0.0140175362877627));
#4312=DIRECTION('center_axis',(0.,1.,0.));
#4313=DIRECTION('ref_axis',(0.998983091292106,0.,-0.045086398308878));
#4314=DIRECTION('',(-0.0140175362877885,0.,-0.999901749511631));
#4315=DIRECTION('',(0.,0.,-1.));
#4316=DIRECTION('',(0.0136471601092262,0.,-0.999906873174174));
#4317=DIRECTION('center_axis',(0.,1.,0.));
#4318=DIRECTION('ref_axis',(0.0447502078195716,0.,0.998998207656102));
#4319=DIRECTION('',(0.999911593130176,0.,-0.0132968388676634));
#4320=DIRECTION('',(0.999999978300013,0.,0.000208326603883506));
#4321=DIRECTION('',(0.999895126278872,0.,0.0144822803369951));
#4322=DIRECTION('center_axis',(0.,1.,0.));
#4323=DIRECTION('ref_axis',(-0.99898543030674,0.,0.0450345426851234));
#4324=DIRECTION('',(0.0139655829891162,0.,0.99990247649047));
#4325=DIRECTION('',(-5.49213385759005E-5,0.,0.999999998491823));
#4326=DIRECTION('',(-0.0138635473675722,0.,0.999903896409243));
#4327=DIRECTION('center_axis',(0.,1.,0.));
#4328=DIRECTION('ref_axis',(-0.0450735955907002,0.,-0.998983669025939));
#4329=DIRECTION('',(-0.999901910117004,0.,0.0140060752663539));
#4330=DIRECTION('center_axis',(1.,0.,-3.52509310421831E-16));
#4331=DIRECTION('ref_axis',(3.52509310421831E-16,0.,1.));
#4332=DIRECTION('',(-3.52509310421831E-16,0.,-1.));
#4333=DIRECTION('',(0.,-1.,0.));
#4334=DIRECTION('',(-3.52509310421831E-16,0.,-1.));
#4335=DIRECTION('center_axis',(1.,0.,7.90325281415511E-16));
#4336=DIRECTION('ref_axis',(-7.90325281415511E-16,0.,1.));
#4337=DIRECTION('',(7.90325281415511E-16,0.,-1.));
#4338=DIRECTION('',(0.,-1.,0.));
#4339=DIRECTION('',(-7.90325281415511E-16,0.,1.));
#4340=DIRECTION('center_axis',(0.,1.,0.));
#4341=DIRECTION('ref_axis',(1.,0.,0.));
#4342=DIRECTION('',(0.,0.,1.));
#4343=DIRECTION('',(-1.,0.,-2.01858731022911E-16));
#4344=DIRECTION('center_axis',(0.,1.,0.));
#4345=DIRECTION('ref_axis',(3.53899479695981E-8,0.,-0.999999999999999));
#4346=DIRECTION('',(-2.77570158007898E-16,0.,1.));
#4347=DIRECTION('center_axis',(0.,1.,0.));
#4348=DIRECTION('ref_axis',(-0.999949757863115,0.,-0.0100240585342436));
#4349=DIRECTION('',(1.,0.,2.04809882746327E-13));
#4350=DIRECTION('center_axis',(0.,1.,0.));
#4351=DIRECTION('ref_axis',(-0.00983731181725375,0.,0.999951612477429));
#4352=DIRECTION('center_axis',(0.,1.,0.));
#4353=DIRECTION('ref_axis',(1.,0.,0.));
#4354=DIRECTION('center_axis',(0.,1.,0.));
#4355=DIRECTION('ref_axis',(-0.00983731181725375,0.,0.999951612477429));
#4356=DIRECTION('',(0.,0.,-1.));
#4357=DIRECTION('center_axis',(0.,1.,0.));
#4358=DIRECTION('ref_axis',(0.999999999983562,0.,-5.73366303947033E-6));
#4359=DIRECTION('center_axis',(0.,1.,0.));
#4360=DIRECTION('ref_axis',(1.,0.,0.));
#4361=DIRECTION('center_axis',(0.,1.,0.));
#4362=DIRECTION('ref_axis',(0.999999999983562,0.,-5.73366303947033E-6));
#4363=DIRECTION('',(-1.,0.,-2.01858731022911E-16));
#4364=DIRECTION('',(0.,0.,1.));
#4365=DIRECTION('',(-1.,0.,2.01858732228041E-16));
#4366=DIRECTION('center_axis',(0.,1.,0.));
#4367=DIRECTION('ref_axis',(6.25953529774058E-8,0.,-0.999999999999998));
#4368=DIRECTION('',(-6.14519438140683E-13,0.,1.));
#4369=DIRECTION('center_axis',(0.,1.,0.));
#4370=DIRECTION('ref_axis',(-0.999949748077045,0.,-0.0100250346959207));
#4371=DIRECTION('',(1.,0.,2.04910873066821E-13));
#4372=DIRECTION('center_axis',(0.,1.,0.));
#4373=DIRECTION('ref_axis',(-0.00983882231368557,0.,0.999951597616344));
#4374=DIRECTION('',(4.11214123356853E-17,0.,-1.));
#4375=DIRECTION('center_axis',(0.,1.,0.));
#4376=DIRECTION('ref_axis',(0.999999999983597,0.,-5.72759920438509E-6));
#4377=DIRECTION('',(-1.,0.,2.01858732228041E-16));
#4378=DIRECTION('center_axis',(0.,1.,0.));
#4379=DIRECTION('ref_axis',(1.,0.,0.));
#4380=DIRECTION('center_axis',(0.,1.,0.));
#4381=DIRECTION('ref_axis',(1.,0.,0.));
#4382=DIRECTION('center_axis',(0.,1.,0.));
#4383=DIRECTION('ref_axis',(1.,0.,0.));
#4384=DIRECTION('',(0.,1.,0.));
#4385=DIRECTION('center_axis',(0.,1.,0.));
#4386=DIRECTION('ref_axis',(1.,0.,0.));
#4387=DIRECTION('center_axis',(0.,1.,0.));
#4388=DIRECTION('ref_axis',(1.,0.,0.));
#4389=DIRECTION('center_axis',(0.,1.,0.));
#4390=DIRECTION('ref_axis',(1.,0.,0.));
#4391=DIRECTION('',(0.,1.,0.));
#4392=DIRECTION('center_axis',(0.,1.,0.));
#4393=DIRECTION('ref_axis',(1.,0.,0.));
#4394=DIRECTION('center_axis',(0.,1.,0.));
#4395=DIRECTION('ref_axis',(1.,0.,0.));
#4396=DIRECTION('center_axis',(0.,1.,0.));
#4397=DIRECTION('ref_axis',(-0.829964720983347,0.,0.557815885326902));
#4398=DIRECTION('center_axis',(0.,-1.,0.));
#4399=DIRECTION('ref_axis',(1.,0.,0.));
#4400=DIRECTION('',(0.,-1.,0.));
#4401=DIRECTION('center_axis',(0.,-1.,0.));
#4402=DIRECTION('ref_axis',(1.,0.,0.));
#4403=DIRECTION('',(0.,1.,0.));
#4404=DIRECTION('center_axis',(0.,1.,0.));
#4405=DIRECTION('ref_axis',(-0.829964720983347,0.,0.557815885326902));
#4406=DIRECTION('center_axis',(0.,1.,0.));
#4407=DIRECTION('ref_axis',(1.,0.,0.));
#4408=DIRECTION('center_axis',(0.,1.,0.));
#4409=DIRECTION('ref_axis',(1.,0.,0.));
#4410=DIRECTION('center_axis',(0.,1.,0.));
#4411=DIRECTION('ref_axis',(1.,0.,0.));
#4412=DIRECTION('',(0.,1.,0.));
#4413=DIRECTION('center_axis',(0.,1.,0.));
#4414=DIRECTION('ref_axis',(1.,0.,0.));
#4415=DIRECTION('center_axis',(0.,1.,0.));
#4416=DIRECTION('ref_axis',(1.,0.,0.));
#4417=DIRECTION('center_axis',(0.,1.,0.));
#4418=DIRECTION('ref_axis',(1.,0.,0.));
#4419=DIRECTION('',(0.,1.,0.));
#4420=DIRECTION('center_axis',(0.,1.,0.));
#4421=DIRECTION('ref_axis',(1.,0.,0.));
#4422=DIRECTION('center_axis',(0.,1.,0.));
#4423=DIRECTION('ref_axis',(1.,0.,0.));
#4424=DIRECTION('center_axis',(0.,1.,0.));
#4425=DIRECTION('ref_axis',(1.,0.,0.));
#4426=DIRECTION('center_axis',(-1.,0.,0.));
#4427=DIRECTION('ref_axis',(0.,2.91433543964103E-16,-1.));
#4428=DIRECTION('',(0.,1.,0.));
#4429=DIRECTION('',(0.,2.91433543964103E-16,-1.));
#4430=DIRECTION('',(0.,1.,2.77555756156289E-16));
#4431=DIRECTION('center_axis',(0.,0.,1.));
#4432=DIRECTION('ref_axis',(-1.,0.,0.));
#4433=DIRECTION('',(0.,1.,0.));
#4434=DIRECTION('',(-1.,0.,0.));
#4435=DIRECTION('center_axis',(0.,-1.,0.));
#4436=DIRECTION('ref_axis',(-0.999949748077045,0.,-0.0100250346959207));
#4437=DIRECTION('',(0.,-1.,0.));
#4438=DIRECTION('',(0.,-1.,0.));
#4439=DIRECTION('center_axis',(-2.04910873066821E-13,0.,1.));
#4440=DIRECTION('ref_axis',(-1.,0.,-2.04910873066821E-13));
#4441=DIRECTION('',(0.,-1.,0.));
#4442=DIRECTION('center_axis',(0.,-1.,0.));
#4443=DIRECTION('ref_axis',(-0.00983882231368557,0.,0.999951597616344));
#4444=DIRECTION('',(0.,-1.,0.));
#4445=DIRECTION('center_axis',(-1.,0.,-6.14519438140683E-13));
#4446=DIRECTION('ref_axis',(6.14519438140683E-13,0.,-1.));
#4447=DIRECTION('',(0.,-1.,0.));
#4448=DIRECTION('',(0.,-1.,0.));
#4449=DIRECTION('',(-6.14519438140683E-13,0.,1.));
#4450=DIRECTION('center_axis',(0.,0.,1.));
#4451=DIRECTION('ref_axis',(-1.,0.,0.));
#4452=DIRECTION('',(0.,1.,0.));
#4453=DIRECTION('',(-1.,0.,0.));
#4454=DIRECTION('',(0.,-1.,0.));
#4455=DIRECTION('center_axis',(0.,-1.,0.));
#4456=DIRECTION('ref_axis',(-0.999949757863115,0.,-0.0100240585342436));
#4457=DIRECTION('',(0.,-1.,0.));
#4458=DIRECTION('',(0.,-1.,0.));
#4459=DIRECTION('center_axis',(-2.04809882746327E-13,0.,1.));
#4460=DIRECTION('ref_axis',(-1.,0.,-2.04809882746327E-13));
#4461=DIRECTION('',(0.,-1.,0.));
#4462=DIRECTION('center_axis',(0.,-1.,0.));
#4463=DIRECTION('ref_axis',(-0.00983731181725375,0.,0.999951612477429));
#4464=DIRECTION('',(0.,-1.,0.));
#4465=DIRECTION('',(0.,-1.,0.));
#4466=DIRECTION('center_axis',(0.,-1.,0.));
#4467=DIRECTION('ref_axis',(-0.634335286913632,0.,-0.773058046834907));
#4468=DIRECTION('',(0.,-1.,0.));
#4469=DIRECTION('center_axis',(0.,1.,0.));
#4470=DIRECTION('ref_axis',(1.,0.,0.));
#4471=DIRECTION('center_axis',(0.,1.,0.));
#4472=DIRECTION('ref_axis',(1.,0.,0.));
#4473=DIRECTION('center_axis',(0.,-1.,0.));
#4474=DIRECTION('ref_axis',(-0.00983731181725375,0.,0.999951612477429));
#4475=DIRECTION('',(0.,-1.,0.));
#4476=DIRECTION('',(0.,-1.,0.));
#4477=DIRECTION('center_axis',(1.,0.,0.));
#4478=DIRECTION('ref_axis',(0.,0.,1.));
#4479=DIRECTION('',(0.,-1.,0.));
#4480=DIRECTION('center_axis',(0.,-1.,0.));
#4481=DIRECTION('ref_axis',(0.999999999983562,0.,-5.73366303947033E-6));
#4482=DIRECTION('',(0.,-1.,0.));
#4483=DIRECTION('',(0.,-1.,0.));
#4484=DIRECTION('center_axis',(0.,-1.,0.));
#4485=DIRECTION('ref_axis',(-0.725289879839852,0.,0.688443599869948));
#4486=DIRECTION('',(0.,-1.,0.));
#4487=DIRECTION('center_axis',(0.,1.,0.));
#4488=DIRECTION('ref_axis',(1.,0.,0.));
#4489=DIRECTION('center_axis',(0.,1.,0.));
#4490=DIRECTION('ref_axis',(1.,0.,0.));
#4491=DIRECTION('center_axis',(0.,-1.,0.));
#4492=DIRECTION('ref_axis',(0.999999999983562,0.,-5.73366303947033E-6));
#4493=DIRECTION('',(0.,-1.,0.));
#4494=DIRECTION('',(0.,-1.,0.));
#4495=DIRECTION('center_axis',(2.01858731022911E-16,0.,-1.));
#4496=DIRECTION('ref_axis',(1.,-7.0936202536433E-20,2.01858731022911E-16));
#4497=DIRECTION('',(0.,-1.,0.));
#4498=DIRECTION('',(0.,1.,0.));
#4499=DIRECTION('',(1.,0.,2.01858731022911E-16));
#4500=DIRECTION('center_axis',(1.,0.,4.11214123356853E-17));
#4501=DIRECTION('ref_axis',(-4.11214123356853E-17,0.,1.));
#4502=DIRECTION('',(4.11214123356853E-17,0.,-1.));
#4503=DIRECTION('',(0.,1.,0.));
#4504=DIRECTION('',(0.,-1.,0.));
#4505=DIRECTION('center_axis',(0.,-1.,0.));
#4506=DIRECTION('ref_axis',(3.53899479695981E-8,0.,-0.999999999999999));
#4507=DIRECTION('',(0.,-1.,0.));
#4508=DIRECTION('center_axis',(-1.,0.,-2.77570158007898E-16));
#4509=DIRECTION('ref_axis',(2.77570158007898E-16,5.78028680692154E-20,-1.));
#4510=DIRECTION('',(0.,-1.,0.));
#4511=DIRECTION('',(-2.77570158007898E-16,0.,1.));
#4512=DIRECTION('center_axis',(0.,1.,0.));
#4513=DIRECTION('ref_axis',(1.,0.,0.));
#4514=DIRECTION('',(0.707106781186548,-0.707106781186547,-8.65956056235494E-17));
#4515=DIRECTION('center_axis',(0.,-1.,0.));
#4516=DIRECTION('ref_axis',(1.,0.,0.));
#4517=DIRECTION('center_axis',(0.,-1.,0.));
#4518=DIRECTION('ref_axis',(1.,0.,0.));
#4519=DIRECTION('',(0.,-1.,0.));
#4520=DIRECTION('center_axis',(0.,1.,0.));
#4521=DIRECTION('ref_axis',(1.,0.,0.));
#4522=DIRECTION('center_axis',(0.,-1.,0.));
#4523=DIRECTION('ref_axis',(1.,0.,0.));
#4524=DIRECTION('',(-0.707106781186548,-0.707106781186547,8.65956056235494E-17));
#4525=DIRECTION('center_axis',(0.,1.,0.));
#4526=DIRECTION('ref_axis',(1.,0.,0.));
#4527=DIRECTION('center_axis',(0.,-1.,0.));
#4528=DIRECTION('ref_axis',(1.,0.,0.));
#4529=DIRECTION('center_axis',(0.,1.,0.));
#4530=DIRECTION('ref_axis',(1.,0.,0.));
#4531=DIRECTION('',(-0.707106781186548,-0.707106781186547,8.65956056235494E-17));
#4532=DIRECTION('center_axis',(0.,1.,0.));
#4533=DIRECTION('ref_axis',(1.,0.,0.));
#4534=DIRECTION('center_axis',(0.,-1.,0.));
#4535=DIRECTION('ref_axis',(1.,0.,0.));
#4536=DIRECTION('',(0.,-1.,0.));
#4537=DIRECTION('center_axis',(0.,-1.,0.));
#4538=DIRECTION('ref_axis',(1.,0.,0.));
#4539=DIRECTION('center_axis',(0.,1.,0.));
#4540=DIRECTION('ref_axis',(1.,0.,0.));
#4541=DIRECTION('',(-0.707106781186548,-0.707106781186547,8.65956056235494E-17));
#4542=DIRECTION('center_axis',(0.,1.,0.));
#4543=DIRECTION('ref_axis',(1.,0.,0.));
#4544=DIRECTION('center_axis',(0.,-1.,0.));
#4545=DIRECTION('ref_axis',(1.,0.,0.));
#4546=DIRECTION('',(0.,-1.,0.));
#4547=DIRECTION('center_axis',(0.,-1.,0.));
#4548=DIRECTION('ref_axis',(1.,0.,0.));
#4549=DIRECTION('center_axis',(0.,1.,0.));
#4550=DIRECTION('ref_axis',(1.,0.,0.));
#4551=DIRECTION('',(-0.707106781186548,-0.707106781186547,8.65956056235494E-17));
#4552=DIRECTION('center_axis',(0.,1.,0.));
#4553=DIRECTION('ref_axis',(1.,0.,0.));
#4554=DIRECTION('center_axis',(0.,-1.,0.));
#4555=DIRECTION('ref_axis',(1.,0.,0.));
#4556=DIRECTION('',(0.,-1.,0.));
#4557=DIRECTION('center_axis',(0.,1.,0.));
#4558=DIRECTION('ref_axis',(1.,0.,0.));
#4559=DIRECTION('',(0.,1.,0.));
#4560=DIRECTION('center_axis',(0.,1.,0.));
#4561=DIRECTION('ref_axis',(1.,0.,0.));
#4562=DIRECTION('center_axis',(0.,1.,0.));
#4563=DIRECTION('ref_axis',(1.,0.,0.));
#4564=DIRECTION('',(0.,1.,0.));
#4565=DIRECTION('center_axis',(0.,1.,0.));
#4566=DIRECTION('ref_axis',(1.,0.,0.));
#4567=DIRECTION('center_axis',(0.,1.,0.));
#4568=DIRECTION('ref_axis',(1.,0.,0.));
#4569=DIRECTION('',(0.,0.,-1.));
#4570=DIRECTION('center_axis',(-1.,0.,0.));
#4571=DIRECTION('ref_axis',(0.,0.,-1.));
#4572=DIRECTION('center_axis',(0.,1.,0.));
#4573=DIRECTION('ref_axis',(1.,0.,0.));
#4574=DIRECTION('',(1.,0.,-2.01858732228041E-16));
#4575=DIRECTION('',(0.,0.,1.));
#4576=DIRECTION('center_axis',(-1.,0.,0.));
#4577=DIRECTION('ref_axis',(0.,0.,-1.));
#4578=DIRECTION('',(0.,1.,0.));
#4579=DIRECTION('center_axis',(-2.01858732228041E-16,0.,-1.));
#4580=DIRECTION('ref_axis',(1.,0.,-2.01858732228041E-16));
#4581=DIRECTION('',(0.,-1.,0.));
#4582=DIRECTION('',(0.,-1.,0.));
#4583=DIRECTION('',(0.,-1.,0.));
#4584=DIRECTION('',(-1.,0.,2.01858732228041E-16));
#4585=DIRECTION('',(0.,1.,0.));
#4586=DIRECTION('',(0.,-1.,0.));
#4587=DIRECTION('',(-1.,8.71183817891991E-19,2.01858732228041E-16));
#4588=DIRECTION('',(0.,1.,0.));
#4589=DIRECTION('center_axis',(0.,0.,-1.));
#4590=DIRECTION('ref_axis',(1.,0.,0.));
#4591=DIRECTION('',(1.,0.,0.));
#4592=DIRECTION('center_axis',(0.,-1.,0.));
#4593=DIRECTION('ref_axis',(0.,0.,-1.));
#4594=DIRECTION('center_axis',(0.,-2.77555756156289E-16,1.));
#4595=DIRECTION('ref_axis',(-1.,0.,0.));
#4596=DIRECTION('',(-1.,0.,0.));
#4597=DIRECTION('',(1.52437336805399E-20,-1.,-2.77555756156289E-16));
#4598=DIRECTION('',(-1.,0.,0.));
#4599=DIRECTION('',(-1.52437336833952E-20,1.,2.77555756156289E-16));
#4600=DIRECTION('center_axis',(0.,0.,1.));
#4601=DIRECTION('ref_axis',(-1.,0.,0.));
#4602=DIRECTION('',(-1.,0.,0.));
#4603=DIRECTION('',(0.,-1.,0.));
#4604=DIRECTION('',(-1.,0.,0.));
#4605=DIRECTION('',(0.,1.,0.));
#4606=DIRECTION('center_axis',(0.,1.,0.));
#4607=DIRECTION('ref_axis',(-1.,0.,0.));
#4608=DIRECTION('',(-0.0136471601092647,0.,0.999906873174173));
#4609=DIRECTION('center_axis',(0.,-1.,0.));
#4610=DIRECTION('ref_axis',(0.0480664212666466,0.,0.998844141568952));
#4611=DIRECTION('',(-0.999911593130049,0.,0.0132968388772029));
#4612=DIRECTION('',(-0.999999978300013,0.,-0.000208326603883504));
#4613=DIRECTION('',(-0.999895126278875,0.,-0.0144822803367846));
#4614=DIRECTION('center_axis',(0.,-1.,0.));
#4615=DIRECTION('ref_axis',(-0.998855399101389,0.,0.0478319107500876));
#4616=DIRECTION('',(-0.0139655829903073,0.,-0.999902476490453));
#4617=DIRECTION('',(5.49213385861878E-5,0.,-0.999999998491823));
#4618=DIRECTION('',(-5.49213385760746E-5,0.,0.999999998491823));
#4619=DIRECTION('',(0.0139655829887669,0.,0.999902476490474));
#4620=DIRECTION('center_axis',(0.,1.,0.));
#4621=DIRECTION('ref_axis',(-0.999004862734881,0.,0.044601392714373));
#4622=DIRECTION('',(0.999895126278874,0.,0.0144822803368094));
#4623=DIRECTION('',(0.999999978300013,0.,0.000208326603883479));
#4624=DIRECTION('',(0.999911593130176,0.,-0.0132968388676695));
#4625=DIRECTION('center_axis',(0.,1.,0.));
#4626=DIRECTION('ref_axis',(0.0447502078195731,0.,0.998998207656102));
#4627=DIRECTION('',(0.0136471601092648,0.,-0.999906873174173));
#4628=DIRECTION('',(0.,0.,-1.));
#4629=DIRECTION('center_axis',(0.,1.,0.));
#4630=DIRECTION('ref_axis',(-1.,0.,0.));
#4631=DIRECTION('',(5.49213385861878E-5,0.,-0.999999998491823));
#4632=DIRECTION('',(-5.49213385760746E-5,0.,0.999999998491823));
#4633=DIRECTION('center_axis',(0.999999998491823,0.,5.49213385861878E-5));
#4634=DIRECTION('ref_axis',(5.49213385861878E-5,0.,-0.999999998491823));
#4635=DIRECTION('',(0.,1.,0.));
#4636=DIRECTION('',(0.,-1.,0.));
#4637=DIRECTION('center_axis',(0.999999998491823,0.,5.49213385861878E-5));
#4638=DIRECTION('ref_axis',(5.49213385861878E-5,0.,-0.999999998491823));
#4639=DIRECTION('',(0.,-1.,0.));
#4640=DIRECTION('center_axis',(0.999999998491823,0.,5.49213385861878E-5));
#4641=DIRECTION('ref_axis',(5.49213385861878E-5,0.,-0.999999998491823));
#4642=DIRECTION('center_axis',(0.,1.,0.));
#4643=DIRECTION('ref_axis',(-1.,0.,0.));
#4644=DIRECTION('',(-0.999901910117004,0.,0.0140060752663539));
#4645=DIRECTION('center_axis',(0.,1.,0.));
#4646=DIRECTION('ref_axis',(-0.0441221323363249,0.,-0.999026144521802));
#4647=DIRECTION('',(-0.999901910117004,0.,0.0140060752663444));
#4648=DIRECTION('',(-1.,0.,0.));
#4649=DIRECTION('center_axis',(0.,1.,0.));
#4650=DIRECTION('ref_axis',(-1.,0.,0.));
#4651=DIRECTION('center_axis',(0.,1.,0.));
#4652=DIRECTION('ref_axis',(-0.99898543030674,0.,0.0450345426851234));
#4653=DIRECTION('',(0.999895126278874,0.,0.0144822803368094));
#4654=DIRECTION('center_axis',(0.,1.,0.));
#4655=DIRECTION('ref_axis',(-0.999004862734881,0.,0.044601392714373));
#4656=DIRECTION('center_axis',(0.,0.,1.));
#4657=DIRECTION('ref_axis',(1.,0.,0.));
#4658=DIRECTION('',(0.,-1.,0.));
#4659=DIRECTION('center_axis',(0.0140060752695057,0.,0.99990191011696));
#4660=DIRECTION('ref_axis',(0.99990191011696,0.,-0.0140060752695057));
#4661=DIRECTION('',(0.,-1.,0.));
#4662=DIRECTION('center_axis',(0.,1.,0.));
#4663=DIRECTION('ref_axis',(-0.0472962064429451,0.,-0.998880908244875));
#4664=DIRECTION('',(0.,-1.,0.));
#4665=DIRECTION('center_axis',(0.999903896409247,0.,0.0138635473673223));
#4666=DIRECTION('ref_axis',(0.0138635473673223,0.,-0.999903896409247));
#4667=DIRECTION('center_axis',(0.999902476490453,0.,-0.0139655829903073));
#4668=DIRECTION('ref_axis',(-0.0139655829903073,0.,-0.999902476490453));
#4669=DIRECTION('',(0.,-1.,0.));
#4670=DIRECTION('center_axis',(0.,1.,0.));
#4671=DIRECTION('ref_axis',(-0.998855399101389,0.,0.0478319107500876));
#4672=DIRECTION('',(0.,-1.,0.));
#4673=DIRECTION('center_axis',(0.0144822803367846,0.,-0.999895126278875));
#4674=DIRECTION('ref_axis',(-0.999895126278875,0.,-0.0144822803367846));
#4675=DIRECTION('',(0.,-1.,0.));
#4676=DIRECTION('center_axis',(0.000208326603883504,0.,-0.999999978300013));
#4677=DIRECTION('ref_axis',(-0.999999978300013,0.,-0.000208326603883504));
#4678=DIRECTION('',(0.,-1.,0.));
#4679=DIRECTION('center_axis',(-0.0132968388772029,0.,-0.99991159313005));
#4680=DIRECTION('ref_axis',(-0.999911593130049,0.,0.0132968388772029));
#4681=DIRECTION('',(0.,-1.,0.));
#4682=DIRECTION('center_axis',(0.,1.,0.));
#4683=DIRECTION('ref_axis',(0.0480664212666466,0.,0.998844141568952));
#4684=DIRECTION('',(0.,-1.,0.));
#4685=DIRECTION('center_axis',(-0.999906873174173,0.,-0.0136471601092647));
#4686=DIRECTION('ref_axis',(-0.0136471601092647,0.,0.999906873174173));
#4687=DIRECTION('center_axis',(-0.999901749511586,0.,0.0140175362910167));
#4688=DIRECTION('ref_axis',(0.0140175362910167,0.,0.999901749511586));
#4689=DIRECTION('',(0.,-1.,0.));
#4690=DIRECTION('center_axis',(0.,1.,0.));
#4691=DIRECTION('ref_axis',(0.998873708532125,0.,-0.0474480179067513));
#4692=DIRECTION('',(0.,-1.,0.));
#4693=DIRECTION('center_axis',(-0.0140175362877595,0.,0.999901749511631));
#4694=DIRECTION('ref_axis',(0.999901749511631,0.,0.0140175362877595));
#4695=DIRECTION('',(0.,-1.,0.));
#4696=DIRECTION('center_axis',(0.,0.,1.));
#4697=DIRECTION('ref_axis',(1.,0.,0.));
#4698=DIRECTION('center_axis',(0.,0.,-1.));
#4699=DIRECTION('ref_axis',(-1.,0.,0.));
#4700=DIRECTION('',(-1.,0.,0.));
#4701=DIRECTION('',(0.,1.,0.));
#4702=DIRECTION('center_axis',(0.0140175362877602,0.,-0.999901749511631));
#4703=DIRECTION('ref_axis',(-0.999901749511631,0.,-0.0140175362877602));
#4704=DIRECTION('',(-0.999901749511631,0.,-0.0140175362877602));
#4705=DIRECTION('',(0.,1.,0.));
#4706=DIRECTION('center_axis',(0.,1.,0.));
#4707=DIRECTION('ref_axis',(0.999020033158106,0.,-0.0442602908799472));
#4708=DIRECTION('center_axis',(0.,-1.,0.));
#4709=DIRECTION('ref_axis',(0.999020033158106,0.,-0.0442602908799472));
#4710=DIRECTION('center_axis',(0.,1.,0.));
#4711=DIRECTION('ref_axis',(0.999020033158106,0.,-0.0442602908799472));
#4712=DIRECTION('',(0.,1.,0.));
#4713=DIRECTION('center_axis',(0.,1.,0.));
#4714=DIRECTION('ref_axis',(-0.999004862734881,0.,0.044601392714373));
#4715=DIRECTION('center_axis',(0.,-1.,0.));
#4716=DIRECTION('ref_axis',(-0.999004862734881,0.,0.044601392714373));
#4717=DIRECTION('',(0.,1.,0.));
#4718=DIRECTION('',(0.,1.,0.));
#4719=DIRECTION('center_axis',(0.,1.,0.));
#4720=DIRECTION('ref_axis',(-0.0441221323363249,0.,-0.999026144521802));
#4721=DIRECTION('center_axis',(0.,-1.,0.));
#4722=DIRECTION('ref_axis',(-0.0441221323363249,0.,-0.999026144521802));
#4723=DIRECTION('',(0.,1.,0.));
#4724=DIRECTION('',(0.,1.,0.));
#4725=DIRECTION('center_axis',(-0.0140060752663444,0.,-0.999901910117004));
#4726=DIRECTION('ref_axis',(-0.999901910117004,0.,0.0140060752663444));
#4727=DIRECTION('',(0.,1.,0.));
#4728=DIRECTION('center_axis',(0.,0.,-1.));
#4729=DIRECTION('ref_axis',(-1.,0.,0.));
#4730=DIRECTION('center_axis',(0.,1.,0.));
#4731=DIRECTION('ref_axis',(-1.,0.,0.));
#4732=DIRECTION('',(-0.999901749511631,0.,-0.0140175362877627));
#4733=DIRECTION('center_axis',(0.,1.,0.));
#4734=DIRECTION('ref_axis',(1.,0.,0.));
#4735=DIRECTION('',(-0.0140175362877885,0.,-0.999901749511631));
#4736=DIRECTION('center_axis',(0.,1.,0.));
#4737=DIRECTION('ref_axis',(0.998983091292106,0.,-0.045086398308878));
#4738=DIRECTION('',(-0.999901749511631,0.,-0.0140175362877627));
#4739=DIRECTION('center_axis',(0.,1.,0.));
#4740=DIRECTION('ref_axis',(1.,0.,0.));
#4741=DIRECTION('',(0.0139655829891162,0.,0.99990247649047));
#4742=DIRECTION('center_axis',(0.,1.,0.));
#4743=DIRECTION('ref_axis',(-0.99898543030674,0.,0.0450345426851234));
#4744=DIRECTION('center_axis',(0.,1.,0.));
#4745=DIRECTION('ref_axis',(1.,0.,0.));
#4746=DIRECTION('',(-0.999901910117004,0.,0.0140060752663539));
#4747=DIRECTION('center_axis',(0.,1.,0.));
#4748=DIRECTION('ref_axis',(-0.0450735955907002,0.,-0.998983669025939));
#4749=DIRECTION('',(-0.0138635473675722,0.,0.999903896409243));
#4750=DIRECTION('center_axis',(1.,0.,0.));
#4751=DIRECTION('ref_axis',(0.,-2.91433543964103E-16,1.));
#4752=DIRECTION('',(0.,-1.,0.));
#4753=DIRECTION('',(0.,-2.91433543964103E-16,1.));
#4754=DIRECTION('center_axis',(0.,-1.,0.));
#4755=DIRECTION('ref_axis',(0.,0.,-1.));
#4756=DIRECTION('',(1.,0.,0.));
#4757=DIRECTION('',(0.,2.91433543964103E-16,-1.));
#4758=DIRECTION('center_axis',(0.,0.,-1.));
#4759=DIRECTION('ref_axis',(1.,0.,0.));
#4760=DIRECTION('',(0.,-1.,0.));
#4761=DIRECTION('center_axis',(-1.,0.,0.));
#4762=DIRECTION('ref_axis',(0.,2.91433543964103E-16,-1.));
#4763=DIRECTION('center_axis',(1.,0.,0.));
#4764=DIRECTION('ref_axis',(0.,-2.90504007294166E-16,1.));
#4765=DIRECTION('',(0.,-1.,0.));
#4766=DIRECTION('',(0.,-2.90504007294166E-16,1.));
#4767=DIRECTION('center_axis',(-8.7118381789205E-19,-1.,-2.91433543964103E-16));
#4768=DIRECTION('ref_axis',(1.,-8.7118381789205E-19,-2.53892187492458E-34));
#4769=DIRECTION('',(1.,-8.7118381789205E-19,-2.53892187492458E-34));
#4770=DIRECTION('',(0.,2.91433543964103E-16,-1.));
#4771=DIRECTION('center_axis',(-2.53892187492458E-34,0.,-1.));
#4772=DIRECTION('ref_axis',(1.,-8.7118381789205E-19,-2.53892187492458E-34));
#4773=DIRECTION('',(0.,-1.,0.));
#4774=DIRECTION('center_axis',(-1.,0.,0.));
#4775=DIRECTION('ref_axis',(0.,2.91433543964103E-16,-1.));
#4776=DIRECTION('center_axis',(0.,0.,-1.));
#4777=DIRECTION('ref_axis',(1.,0.,0.));
#4778=DIRECTION('',(0.,1.,0.));
#4779=DIRECTION('',(1.,0.,0.));
#4780=DIRECTION('center_axis',(0.,-1.,0.));
#4781=DIRECTION('ref_axis',(0.,0.,-1.));
#4782=DIRECTION('',(5.49213385759005E-5,0.,-0.999999998491823));
#4783=DIRECTION('',(5.49213385759005E-5,2.77555755737686E-16,-0.999999998491823));
#4784=DIRECTION('center_axis',(0.,-1.,0.));
#4785=DIRECTION('ref_axis',(0.999999999983597,0.,-5.72759920438509E-6));
#4786=DIRECTION('center_axis',(0.,-1.,0.));
#4787=DIRECTION('ref_axis',(6.25953529774058E-8,0.,-0.999999999999998));
#4788=DIRECTION('center_axis',(0.,-1.,0.));
#4789=DIRECTION('ref_axis',(0.0447502078195716,0.,0.998998207656102));
#4790=DIRECTION('',(0.,1.,0.));
#4791=DIRECTION('',(0.,1.,0.));
#4792=DIRECTION('center_axis',(0.999906873174174,0.,0.0136471601092262));
#4793=DIRECTION('ref_axis',(-0.0136471601092262,0.,0.999906873174174));
#4794=DIRECTION('',(0.,1.,0.));
#4795=DIRECTION('center_axis',(1.,0.,0.));
#4796=DIRECTION('ref_axis',(0.,0.,1.));
#4797=DIRECTION('',(0.,1.,0.));
#4798=DIRECTION('center_axis',(0.999901749511631,0.,-0.0140175362877885));
#4799=DIRECTION('ref_axis',(0.0140175362877885,0.,0.999901749511631));
#4800=DIRECTION('',(0.,-1.,0.));
#4801=DIRECTION('center_axis',(0.,-1.,0.));
#4802=DIRECTION('ref_axis',(0.998983091292106,0.,-0.045086398308878));
#4803=DIRECTION('',(0.,-1.,0.));
#4804=DIRECTION('center_axis',(0.0140175362877627,0.,-0.999901749511631));
#4805=DIRECTION('ref_axis',(0.999901749511631,0.,0.0140175362877627));
#4806=DIRECTION('center_axis',(-0.0140060752663539,0.,-0.999901910117004));
#4807=DIRECTION('ref_axis',(0.999901910117004,0.,-0.0140060752663539));
#4808=DIRECTION('',(0.,-1.,0.));
#4809=DIRECTION('center_axis',(0.,-1.,0.));
#4810=DIRECTION('ref_axis',(-0.0450735955907002,0.,-0.998983669025939));
#4811=DIRECTION('',(0.,-1.,0.));
#4812=DIRECTION('center_axis',(-0.999903896409244,0.,-0.0138635473675722));
#4813=DIRECTION('ref_axis',(0.0138635473675722,0.,-0.999903896409243));
#4814=DIRECTION('',(0.,-1.,0.));
#4815=DIRECTION('',(-5.49213385759005E-5,0.,0.999999998491823));
#4816=DIRECTION('',(0.,1.,0.));
#4817=DIRECTION('center_axis',(-0.999999998491823,0.,-5.49213385759005E-5));
#4818=DIRECTION('ref_axis',(5.49213385759005E-5,0.,-0.999999998491823));
#4819=DIRECTION('',(0.,-1.,0.));
#4820=DIRECTION('',(0.0139655829891162,0.,0.99990247649047));
#4821=DIRECTION('',(0.,1.,0.));
#4822=DIRECTION('center_axis',(-0.99990247649047,0.,0.0139655829891162));
#4823=DIRECTION('ref_axis',(-0.0139655829891162,0.,-0.99990247649047));
#4824=DIRECTION('',(0.,-1.,0.));
#4825=DIRECTION('center_axis',(0.,-1.,0.));
#4826=DIRECTION('ref_axis',(-0.99898543030674,0.,0.0450345426851234));
#4827=DIRECTION('',(0.,-1.,0.));
#4828=DIRECTION('center_axis',(-0.0144822803369951,0.,0.999895126278872));
#4829=DIRECTION('ref_axis',(-0.999895126278872,0.,-0.0144822803369951));
#4830=DIRECTION('',(0.,-1.,0.));
#4831=DIRECTION('',(0.,1.,0.));
#4832=DIRECTION('center_axis',(-0.000208326603883506,0.,0.999999978300013));
#4833=DIRECTION('ref_axis',(-0.999999978300013,0.,-0.000208326603883506));
#4834=DIRECTION('',(0.,-1.,0.));
#4835=DIRECTION('',(0.,1.,0.));
#4836=DIRECTION('center_axis',(0.0132968388676634,0.,0.999911593130176));
#4837=DIRECTION('ref_axis',(-0.999911593130176,0.,0.0132968388676634));
#4838=CARTESIAN_POINT('',(0.,0.,0.));
#4839=CARTESIAN_POINT('Origin',(62.001863,3.00988319740061,15.7629831974006));
#4840=CARTESIAN_POINT('',(61.501863,0.744999999999997,15.7798348007136));
#4841=CARTESIAN_POINT('',(62.501863,-0.25499788041817,15.783554964165));
#4842=CARTESIAN_POINT('Ctrl Pts',(61.501863,0.744999999999997,15.7798348007136));
#4843=CARTESIAN_POINT('Ctrl Pts',(61.5851963333333,0.661667373139459,15.7802397635767));
#4844=CARTESIAN_POINT('Ctrl Pts',(61.6685296666667,0.578334600295499,15.7806209892128));
#4845=CARTESIAN_POINT('Ctrl Pts',(61.8351963333333,0.411668782925473,15.7813359659014));
#4846=CARTESIAN_POINT('Ctrl Pts',(61.9185296666667,0.328335738399406,15.7816697169539));
#4847=CARTESIAN_POINT('Ctrl Pts',(62.0851963333333,0.16166939794996,15.7822897443532));
#4848=CARTESIAN_POINT('Ctrl Pts',(62.1685296666667,0.0783361020265796,15.7825760207));
#4849=CARTESIAN_POINT('Ctrl Pts',(62.3351963333333,-0.0883307209326581,
15.783101098574));
#4850=CARTESIAN_POINT('Ctrl Pts',(62.4185296666667,-0.171664247968515,15.7833399001011));
#4851=CARTESIAN_POINT('Ctrl Pts',(62.501863,-0.25499788041817,15.783554964165));
#4852=CARTESIAN_POINT('',(62.501863,1.,13.1900002626159));
#4853=CARTESIAN_POINT('Origin',(62.501863,3.00988319740061,15.7629831974006));
#4854=CARTESIAN_POINT('',(61.501863,1.,14.7187852242133));
#4855=CARTESIAN_POINT('Ctrl Pts',(62.501863,1.,13.1900002626159));
#4856=CARTESIAN_POINT('Ctrl Pts',(61.7905402875766,1.,14.0926219370106));
#4857=CARTESIAN_POINT('Ctrl Pts',(61.501863,1.,14.7187852242133));
#4858=CARTESIAN_POINT('Origin',(61.501863,3.00988319740061,15.7629831974006));
#4859=CARTESIAN_POINT('Origin',(62.001863,0.245000000000001,-8.12494399022854));
#4860=CARTESIAN_POINT('',(61.501863,0.744999999999996,22.1581));
#4861=CARTESIAN_POINT('',(61.501863,0.745000000000001,-8.12143943401689));
#4862=CARTESIAN_POINT('',(62.501863,-0.255000000000004,22.1581));
#4863=CARTESIAN_POINT('',(61.501863,0.744999999999996,22.1581));
#4864=CARTESIAN_POINT('',(62.501863,-0.254999999999999,-8.12494399022854));
#4865=CARTESIAN_POINT('Origin',(62.001863,3.025,22.1581));
#4866=CARTESIAN_POINT('',(61.501863,1.,23.205847584106));
#4867=CARTESIAN_POINT('',(62.501863,1.,24.7383664591085));
#4868=CARTESIAN_POINT('Ctrl Pts',(61.501863,1.,23.205847584106));
#4869=CARTESIAN_POINT('Ctrl Pts',(61.7906566958419,1.,23.8342905760131));
#4870=CARTESIAN_POINT('Ctrl Pts',(62.501863,1.,24.7383664591085));
#4871=CARTESIAN_POINT('Origin',(62.501863,3.025,22.1581));
#4872=CARTESIAN_POINT('Origin',(61.501863,3.025,22.1581));
#4873=CARTESIAN_POINT('Origin',(2.23311892888489E-5,1.,-4.65198122423516E-5));
#4874=CARTESIAN_POINT('',(62.501863,1.,-16.5311431861515));
#4875=CARTESIAN_POINT('',(62.501863,1.,32.0292347444965));
#4876=CARTESIAN_POINT('',(61.501863,1.,-16.5311431861515));
#4877=CARTESIAN_POINT('',(31.2509426655946,1.,-16.5311431861515));
#4878=CARTESIAN_POINT('',(61.501863,1.,32.0224108466974));
#4879=CARTESIAN_POINT('Origin',(-60.5009391562541,-2.,15.9977213355186));
#4880=CARTESIAN_POINT('',(-61.4995937101053,-1.,-8.50000012665987));
#4881=CARTESIAN_POINT('',(-59.4995937070889,-3.,-8.50000012665987));
#4882=CARTESIAN_POINT('',(-61.4875312948708,-1.0120624152162,-8.50000012665987));
#4883=CARTESIAN_POINT('',(-59.4990994150335,-3.,-17.5000002607703));
#4884=CARTESIAN_POINT('',(-59.5009391577623,-3.,15.9977762568572));
#4885=CARTESIAN_POINT('',(-61.4990994180499,-1.,-17.5000002607703));
#4886=CARTESIAN_POINT('',(-59.2372846939991,-3.26181472063951,-17.5000002607703));
#4887=CARTESIAN_POINT('',(-61.5009391547459,-1.,15.99766641418));
#4888=CARTESIAN_POINT('Origin',(2.2520596214548E-5,-3.,-1.07686189476652E-5));
#4889=CARTESIAN_POINT('',(-53.5000007972121,-3.,-8.50000012665987));
#4890=CARTESIAN_POINT('',(-31.24998804121,-3.,-8.50000012665987));
#4891=CARTESIAN_POINT('',(-53.5000007972121,-3.,-17.5000002607703));
#4892=CARTESIAN_POINT('',(-53.5000007972121,-3.,2.20545438045175));
#4893=CARTESIAN_POINT('',(-26.749989138308,-3.,-17.5000002607703));
#4894=CARTESIAN_POINT('Origin',(-53.5000007972121,-0.0500000000000014,4.41091952952244));
#4895=CARTESIAN_POINT('',(-53.5000007972121,-3.05,-8.50000012665987));
#4896=CARTESIAN_POINT('',(-53.5000007972121,-0.0499999999999977,-8.50000012665987));
#4897=CARTESIAN_POINT('',(-53.5000007972121,-3.05,-17.5000002607703));
#4898=CARTESIAN_POINT('',(-53.5000007972121,-3.04999999999999,-24.9854760872321));
#4899=CARTESIAN_POINT('',(-53.5000007972121,-0.0499999999999982,-17.5000002607703));
#4900=CARTESIAN_POINT('Origin',(-62.4999986030161,-0.0499999999999976,-8.50000012665987));
#4901=CARTESIAN_POINT('',(-61.4995937101052,1.,-8.50000012665987));
#4902=CARTESIAN_POINT('',(-61.4995937101053,-0.0249999999999988,-8.50000012665987));
#4903=CARTESIAN_POINT('',(-62.4995937116138,1.,-8.50000012665987));
#4904=CARTESIAN_POINT('',(-31.2499881359134,1.,-8.50000012665987));
#4905=CARTESIAN_POINT('',(-62.4995933343243,-3.05,-8.50000012665987));
#4906=CARTESIAN_POINT('',(-62.4995933343243,-0.0249999999999932,-8.50000012665987));
#4907=CARTESIAN_POINT('',(-53.5000007972121,-3.05,-8.50000012665987));
#4908=CARTESIAN_POINT('Origin',(59.5000008866191,-11.,-23.0000003427267));
#4909=CARTESIAN_POINT('',(57.6000008866191,-11.,-23.0000003427267));
#4910=CARTESIAN_POINT('Origin',(59.5000008866191,-11.,-23.0000003427267));
#4911=CARTESIAN_POINT('',(57.6000008866191,-10.5,-23.0000003427267));
#4912=CARTESIAN_POINT('',(57.6000008866191,-11.,-23.0000003427267));
#4913=CARTESIAN_POINT('Origin',(59.5000008866191,-10.5,-23.0000003427267));
#4914=CARTESIAN_POINT('Origin',(59.5000008866191,-10.5,-23.0000003427267));
#4915=CARTESIAN_POINT('',(58.0000008866191,-10.5,-23.0000003427267));
#4916=CARTESIAN_POINT('Origin',(59.5000008866191,-10.5,-23.0000003427267));
#4917=CARTESIAN_POINT('Origin',(59.5000008866191,-11.,-23.0000003427267));
#4918=CARTESIAN_POINT('',(58.0000008866191,-11.,-23.0000003427267));
#4919=CARTESIAN_POINT('Origin',(59.5000008866191,-11.,-23.0000003427267));
#4920=CARTESIAN_POINT('Origin',(-57.4632618552547,-11.,-23.0020198358719));
#4921=CARTESIAN_POINT('',(-59.3632618552547,-11.,-23.0020198358719));
#4922=CARTESIAN_POINT('Origin',(-57.4632618552547,-11.,-23.0020198358719));
#4923=CARTESIAN_POINT('',(-59.3632618552547,-10.5,-23.0020198358719));
#4924=CARTESIAN_POINT('',(-59.3632618552547,-11.,-23.0020198358719));
#4925=CARTESIAN_POINT('Origin',(-57.4632618552547,-10.5,-23.0020198358719));
#4926=CARTESIAN_POINT('Origin',(-57.4632618552547,-10.5,-23.0020198358719));
#4927=CARTESIAN_POINT('',(-58.9615710649095,-10.5,-23.003156209131));
#4928=CARTESIAN_POINT('Origin',(-57.4615710649095,-10.5,-23.003156209131));
#4929=CARTESIAN_POINT('Origin',(-57.4632618552547,-11.,-23.0020198358719));
#4930=CARTESIAN_POINT('',(-58.9615710649095,-11.,-23.003156209131));
#4931=CARTESIAN_POINT('Origin',(-57.4615710649095,-11.,-23.003156209131));
#4932=CARTESIAN_POINT('Origin',(59.4991652915528,-11.,22.999073888318));
#4933=CARTESIAN_POINT('',(57.5991652915528,-11.,22.999073888318));
#4934=CARTESIAN_POINT('Origin',(59.4991652915528,-11.,22.999073888318));
#4935=CARTESIAN_POINT('',(57.5991652915528,-10.5,22.999073888318));
#4936=CARTESIAN_POINT('',(57.5991652915528,-11.,22.999073888318));
#4937=CARTESIAN_POINT('Origin',(59.4991652915528,-10.5,22.999073888318));
#4938=CARTESIAN_POINT('Origin',(59.4991652915528,-10.5,22.999073888318));
#4939=CARTESIAN_POINT('',(57.9991652915528,-10.5,22.999073888318));
#4940=CARTESIAN_POINT('Origin',(59.4991652915528,-10.5,22.999073888318));
#4941=CARTESIAN_POINT('Origin',(59.4991652915528,-11.,22.999073888318));
#4942=CARTESIAN_POINT('',(57.9991652915528,-11.,22.999073888318));
#4943=CARTESIAN_POINT('Origin',(59.4991652915528,-11.,22.999073888318));
#4944=CARTESIAN_POINT('Origin',(-57.464097446499,-11.,22.9968439948434));
#4945=CARTESIAN_POINT('',(-59.364097446499,-11.,22.9968439948434));
#4946=CARTESIAN_POINT('Origin',(-57.464097446499,-11.,22.9968439948434));
#4947=CARTESIAN_POINT('',(-59.364097446499,-10.5,22.9968439948434));
#4948=CARTESIAN_POINT('',(-59.364097446499,-11.,22.9968439948434));
#4949=CARTESIAN_POINT('Origin',(-57.464097446499,-10.5,22.9968439948434));
#4950=CARTESIAN_POINT('Origin',(-57.464097446499,-10.5,22.9968439948434));
#4951=CARTESIAN_POINT('',(-58.9624066974404,-10.5,22.9979804295299));
#4952=CARTESIAN_POINT('Origin',(-57.4624066974404,-10.5,22.9979804295299));
#4953=CARTESIAN_POINT('Origin',(-57.464097446499,-11.,22.9968439948434));
#4954=CARTESIAN_POINT('',(-58.9624066974404,-11.,22.9979804295299));
#4955=CARTESIAN_POINT('Origin',(-57.4624066974404,-11.,22.9979804295299));
#4956=CARTESIAN_POINT('Origin',(59.5000008866191,-9.,-23.0000003427267));
#4957=CARTESIAN_POINT('',(58.0000008866191,-11.5,-23.0000003427267));
#4958=CARTESIAN_POINT('Origin',(59.5000008866191,-11.5,-23.0000003427267));
#4959=CARTESIAN_POINT('',(58.0000008866191,-9.,-23.0000003427267));
#4960=CARTESIAN_POINT('Origin',(-57.4615710649095,-9.,-23.003156209131));
#4961=CARTESIAN_POINT('',(-58.9615710649095,-11.5,-23.003156209131));
#4962=CARTESIAN_POINT('Origin',(-57.4615710649095,-11.5,-23.003156209131));
#4963=CARTESIAN_POINT('',(-58.9615710649095,-9.,-23.003156209131));
#4964=CARTESIAN_POINT('Origin',(59.4991652915528,-9.,22.999073888318));
#4965=CARTESIAN_POINT('',(57.9991652915528,-11.5,22.999073888318));
#4966=CARTESIAN_POINT('Origin',(59.4991652915528,-11.5,22.999073888318));
#4967=CARTESIAN_POINT('',(57.9991652915528,-9.,22.999073888318));
#4968=CARTESIAN_POINT('Origin',(-57.4624066974404,-9.,22.9979804295299));
#4969=CARTESIAN_POINT('',(-58.9624066974404,-11.5,22.9979804295299));
#4970=CARTESIAN_POINT('Origin',(-57.4624066974404,-11.5,22.9979804295299));
#4971=CARTESIAN_POINT('',(-58.9624066974404,-9.,22.9979804295299));
#4972=CARTESIAN_POINT('Origin',(20.2584632303092,2.96087119280066,-37.5122));
#4973=CARTESIAN_POINT('',(15.9915841182874,-2.2779932855805,-37.5122));
#4974=CARTESIAN_POINT('',(24.5253423423309,-2.2779932855805,-37.5122));
#4975=CARTESIAN_POINT('Origin',(20.2584632303092,2.96087119280066,-37.5122));
#4976=CARTESIAN_POINT('',(15.9915841182874,-2.2779932855805,-36.5122));
#4977=CARTESIAN_POINT('',(15.9915841182874,-2.2779932855805,-37.5122));
#4978=CARTESIAN_POINT('',(24.5253423423309,-2.2779932855805,-36.5122));
#4979=CARTESIAN_POINT('Origin',(20.2584632303092,2.96087119280066,-36.5122));
#4980=CARTESIAN_POINT('',(24.5253423423309,-2.2779932855805,-37.5122));
#4981=CARTESIAN_POINT('Origin',(20.8599753796724,-1.89787605216954,-36.5122));
#4982=CARTESIAN_POINT('',(14.7152629690082,-2.2779932855805,-36.5122));
#4983=CARTESIAN_POINT('Origin',(27.0046877903365,0.,-37.5122713524789));
#4984=CARTESIAN_POINT('',(27.0046877903365,1.,-36.5122713524789));
#4985=CARTESIAN_POINT('',(27.0046877903365,-0.5,-36.5122713524789));
#4986=CARTESIAN_POINT('',(27.0046877903365,0.,-36.5122713524789));
#4987=CARTESIAN_POINT('',(27.0046877903365,1.,-37.5122713524789));
#4988=CARTESIAN_POINT('',(27.0046877903365,1.,-36.5122713524789));
#4989=CARTESIAN_POINT('',(27.0046877903365,0.,-37.5122713524789));
#4990=CARTESIAN_POINT('',(27.0046877903365,0.,-37.5122713524789));
#4991=CARTESIAN_POINT('',(27.0046877903365,0.,-37.5122));
#4992=CARTESIAN_POINT('',(27.0046877903365,0.,-36.5122713524789));
#4993=CARTESIAN_POINT('',(27.0046877903365,-2.2779932855805,-37.5122));
#4994=CARTESIAN_POINT('',(27.0046877903365,0.,-37.5122));
#4995=CARTESIAN_POINT('',(27.0046877903365,-2.2779932855805,-36.5122));
#4996=CARTESIAN_POINT('',(27.0046877903365,-2.2779932855805,-37.5122));
#4997=CARTESIAN_POINT('',(27.0046877903365,-0.5,-36.5122));
#4998=CARTESIAN_POINT('',(27.0046877903365,-1.70849496418538,-36.5122));
#4999=CARTESIAN_POINT('',(27.0046877903365,-0.5,-18.7561053843095));
#5000=CARTESIAN_POINT('Origin',(-57.0158104527841,0.,-37.5122));
#5001=CARTESIAN_POINT('',(14.7152629690082,0.,-37.5122));
#5002=CARTESIAN_POINT('',(14.7152629690082,-2.2779932855805,-37.5122));
#5003=CARTESIAN_POINT('',(14.7152629690082,0.,-37.5122));
#5004=CARTESIAN_POINT('',(-21.1502737418879,-2.2779932855805,-37.5122));
#5005=CARTESIAN_POINT('',(-16.2452340552266,-2.2779932855805,-37.5122));
#5006=CARTESIAN_POINT('',(57.0193857811707,0.,-37.5122));
#5007=CARTESIAN_POINT('',(57.0193857811707,0.,-37.5122));
#5008=CARTESIAN_POINT('',(57.0193857811707,-10.5,-37.5122));
#5009=CARTESIAN_POINT('',(57.0193857811707,0.,-37.5122));
#5010=CARTESIAN_POINT('',(43.3069824864169,-10.5,-37.5122));
#5011=CARTESIAN_POINT('',(-28.5078939660939,-10.5,-37.5122));
#5012=CARTESIAN_POINT('',(43.3069824864169,-6.5,-37.5122));
#5013=CARTESIAN_POINT('',(43.3069824864169,-3.25,-37.5122));
#5014=CARTESIAN_POINT('',(15.5262714582094,-6.5,-37.5122));
#5015=CARTESIAN_POINT('',(-13.7995917402355,-6.5,-37.5122));
#5016=CARTESIAN_POINT('',(15.5262714582094,-10.5,-37.5122));
#5017=CARTESIAN_POINT('',(15.5262714582094,-3.25,-37.5122));
#5018=CARTESIAN_POINT('',(-10.0196754481395,-10.5,-37.5122));
#5019=CARTESIAN_POINT('',(-27.1312562238746,-10.5,-37.5122));
#5020=CARTESIAN_POINT('',(-10.0196754481395,-6.5,-37.5122));
#5021=CARTESIAN_POINT('',(-10.0196754481395,-3.25,-37.5122));
#5022=CARTESIAN_POINT('',(-40.1296900090912,-6.5,-37.5122));
#5023=CARTESIAN_POINT('',(-41.0452465906997,-6.5,-37.5122));
#5024=CARTESIAN_POINT('',(-40.1296900090912,-10.5,-37.5122));
#5025=CARTESIAN_POINT('',(-40.1296900090912,-3.25,-37.5122));
#5026=CARTESIAN_POINT('',(-57.0158104527841,-10.5,-37.5122));
#5027=CARTESIAN_POINT('',(-28.5078939660939,-10.5,-37.5122));
#5028=CARTESIAN_POINT('',(-57.0158104527841,0.,-37.5122));
#5029=CARTESIAN_POINT('',(-57.0158104527841,0.,-37.5122));
#5030=CARTESIAN_POINT('',(57.0193857811707,0.,-37.5122));
#5031=CARTESIAN_POINT('Origin',(2.2520596214548E-5,-0.5,-1.07686189476652E-5));
#5032=CARTESIAN_POINT('',(29.1745414554045,-0.5,-36.5122));
#5033=CARTESIAN_POINT('',(10.9724623664013,-0.5,-36.5122));
#5034=CARTESIAN_POINT('',(29.1745414554045,-0.5,-31.6619));
#5035=CARTESIAN_POINT('',(29.1745414554045,-0.5,-18.2561053843095));
#5036=CARTESIAN_POINT('',(52.2339600415007,-0.5,-31.6619));
#5037=CARTESIAN_POINT('',(4.11699120180199,-0.5,-31.6619));
#5038=CARTESIAN_POINT('',(52.9763264904894,-0.5,-31.5973329600035));
#5039=CARTESIAN_POINT('Origin',(52.233960269169,-0.5,-27.361900269169));
#5040=CARTESIAN_POINT('',(56.5023131967184,-0.5,-27.8826314580055));
#5041=CARTESIAN_POINT('Origin',(55.97396,-0.5,-30.9119));
#5042=CARTESIAN_POINT('',(56.5339599999294,-0.5,-27.3619249239185));
#5043=CARTESIAN_POINT('Origin',(52.233960269169,-0.5,-27.361900269169));
#5044=CARTESIAN_POINT('',(56.533959999902,-0.5,26.6353816553315));
#5045=CARTESIAN_POINT('',(56.533959999902,-0.5,-13.6809678462687));
#5046=CARTESIAN_POINT('',(56.3555533946171,-0.5,27.8985238351624));
#5047=CARTESIAN_POINT('Origin',(52.2736961408549,-0.5,26.6778308188415));
#5048=CARTESIAN_POINT('',(52.6739665809682,-0.5,30.9194618323736));
#5049=CARTESIAN_POINT('Origin',(55.74896,-0.5,30.9131));
#5050=CARTESIAN_POINT('',(52.2317845164947,-0.5,30.9381));
#5051=CARTESIAN_POINT('Origin',(52.2736961408549,-0.5,26.6778308188415));
#5052=CARTESIAN_POINT('',(8.23698335244127,-0.5,30.938099999991));
#5053=CARTESIAN_POINT('',(26.1159035185423,-0.5,30.9380999999947));
#5054=CARTESIAN_POINT('',(3.93395999999998,-0.5,26.6352980634575));
#5055=CARTESIAN_POINT('Origin',(8.19405851716656,-0.5,26.6780036859769));
#5056=CARTESIAN_POINT('',(3.93395999999999,-0.5,7.69710000000001));
#5057=CARTESIAN_POINT('',(3.93395999999999,-0.5,13.3176436474193));
#5058=CARTESIAN_POINT('',(-0.0860400000978245,-0.5,7.69710000000001));
#5059=CARTESIAN_POINT('',(3.13615066419549,-0.5,7.69710000000001));
#5060=CARTESIAN_POINT('',(-0.0860400000978245,-0.5,26.7953948226997));
#5061=CARTESIAN_POINT('',(-0.0860400000978195,-0.5,-13.6009678332315));
#5062=CARTESIAN_POINT('',(-4.38822306128985,-0.5,31.0981000000045));
#5063=CARTESIAN_POINT('Origin',(-4.34630499173569,-0.5,26.8378298900978));
#5064=CARTESIAN_POINT('',(-48.3830136989565,-0.5,31.0980999999955));
#5065=CARTESIAN_POINT('',(-2.19410027035001,-0.5,31.098100000005));
#5066=CARTESIAN_POINT('',(-52.6860399999052,-0.5,26.7952950062907));
#5067=CARTESIAN_POINT('Origin',(-48.42594257511,-0.5,26.8380047774806));
#5068=CARTESIAN_POINT('',(-52.6860399998914,-0.5,4.41091952952244));
#5069=CARTESIAN_POINT('',(-52.686039999897,-0.5,13.3976421188197));
#5070=CARTESIAN_POINT('',(-53.5000007972121,-0.5,4.41091952952244));
#5071=CARTESIAN_POINT('',(-24.2304683611411,-0.5,4.41091952952244));
#5072=CARTESIAN_POINT('',(-53.5000007972121,-0.5,-1.12511057488593));
#5073=CARTESIAN_POINT('',(-53.5000007972121,-0.5,2.20545438045175));
#5074=CARTESIAN_POINT('',(-61.499998748912,-0.5,-1.12511057488593));
#5075=CARTESIAN_POINT('',(-26.749989138308,-0.5,-1.12511057488594));
#5076=CARTESIAN_POINT('',(-61.5018179540984,-0.5,31.9987212638588));
#5077=CARTESIAN_POINT('',(-61.5009391547459,-0.5,15.99766641418));
#5078=CARTESIAN_POINT('',(-61.4989457434389,-0.5,32.2043647055585));
#5079=CARTESIAN_POINT('',(-61.7178029491018,-0.5,16.5347100916415));
#5080=CARTESIAN_POINT('',(-57.2222411026413,-0.5,36.4853984785463));
#5081=CARTESIAN_POINT('Origin',(-57.0023653166378,-0.5,31.9890382090017));
#5082=CARTESIAN_POINT('',(-57.0134485947514,-0.5,36.4884225873273));
#5083=CARTESIAN_POINT('',(-28.7768820893617,-0.5,36.897395349702));
#5084=CARTESIAN_POINT('',(57.0110661049256,-0.5,36.5121769277496));
#5085=CARTESIAN_POINT('',(28.5017423199508,-0.5,36.5062376770176));
#5086=CARTESIAN_POINT('',(57.2182803485531,-0.5,36.5094213897305));
#5087=CARTESIAN_POINT('',(28.8569182575035,-0.5,36.886571194427));
#5088=CARTESIAN_POINT('',(61.4990346293453,-0.5,32.2296413059925));
#5089=CARTESIAN_POINT('Origin',(57.001864978913,-0.5,32.01220236626));
#5090=CARTESIAN_POINT('',(61.501863,-0.5,32.0224108466974));
#5091=CARTESIAN_POINT('',(61.7146230040243,-0.5,16.4338056968209));
#5092=CARTESIAN_POINT('',(61.501863,-0.5,-32.0227136687474));
#5093=CARTESIAN_POINT('',(61.501863,-0.5,-16.0113622186832));
#5094=CARTESIAN_POINT('',(61.4990341857682,-0.5,-32.2244992208403));
#5095=CARTESIAN_POINT('',(61.7188239525715,-0.5,-16.5464108757287));
#5096=CARTESIAN_POINT('',(57.215544754506,-0.5,-36.5094288432943));
#5097=CARTESIAN_POINT('Origin',(57.00033755166,-0.5,-32.0108042996216));
#5098=CARTESIAN_POINT('',(57.0127823112109,-0.5,-36.5122713524789));
#5099=CARTESIAN_POINT('',(28.7678844981744,-0.5,-36.908234136054));
#5100=CARTESIAN_POINT('',(13.5023551554664,-0.5,-36.5122713524789));
#5101=CARTESIAN_POINT('',(54.17396,-0.5,30.9131));
#5102=CARTESIAN_POINT('Origin',(55.74896,-0.5,30.9131));
#5103=CARTESIAN_POINT('',(-57.65104,-0.5,30.9131));
#5104=CARTESIAN_POINT('Origin',(-56.05104,-0.5,30.9131));
#5105=CARTESIAN_POINT('',(54.39896,-0.5,-30.9119));
#5106=CARTESIAN_POINT('Origin',(55.97396,-0.5,-30.9119));
#5107=CARTESIAN_POINT('Origin',(14.7152629690082,0.,-36.5122));
#5108=CARTESIAN_POINT('',(14.7152629690082,-2.2779932855805,-31.6619));
#5109=CARTESIAN_POINT('',(14.7152629690082,-0.5,-31.6619));
#5110=CARTESIAN_POINT('',(14.7152629690082,1.56059646142297E-18,-31.6619));
#5111=CARTESIAN_POINT('',(14.7152629690082,-2.2779932855805,-36.5122));
#5112=CARTESIAN_POINT('',(14.7152629690082,0.,-37.5122713524789));
#5113=CARTESIAN_POINT('',(14.7152629690082,0.,-36.5122713524789));
#5114=CARTESIAN_POINT('',(14.7152629690082,1.,-37.5122713524789));
#5115=CARTESIAN_POINT('',(14.7152629690082,0.,-37.5122713524789));
#5116=CARTESIAN_POINT('',(14.7152629690082,1.,-36.5122713524789));
#5117=CARTESIAN_POINT('',(14.7152629690082,1.,-36.5122713524789));
#5118=CARTESIAN_POINT('',(14.7152629690082,-0.5,-36.5122713524789));
#5119=CARTESIAN_POINT('',(14.7152629690082,0.,-36.5122713524789));
#5120=CARTESIAN_POINT('',(14.7152629690082,-0.5,-18.2561053843095));
#5121=CARTESIAN_POINT('Origin',(21.9449022122064,-1.13899664279025,-36.5122));
#5122=CARTESIAN_POINT('',(29.1745414554045,-2.2779932855805,-36.5122));
#5123=CARTESIAN_POINT('',(14.7152629690082,-2.2779932855805,-36.5122));
#5124=CARTESIAN_POINT('',(29.1745414554045,-2.2779932855805,-36.5122));
#5125=CARTESIAN_POINT('Origin',(14.7152629690082,-2.2779932855805,-36.5122));
#5126=CARTESIAN_POINT('',(29.1745414554045,-2.2779932855805,-31.6619));
#5127=CARTESIAN_POINT('',(11.474611426008,-2.2779932855805,-31.6619));
#5128=CARTESIAN_POINT('',(29.1745414554045,-2.2779932855805,-36.5122));
#5129=CARTESIAN_POINT('Origin',(29.1745414554045,-2.2779932855805,-36.5122));
#5130=CARTESIAN_POINT('',(29.1745414554045,-1.13899664279025,-31.6619));
#5131=CARTESIAN_POINT('Origin',(2.2520596214548E-5,-0.5,-1.07686189476652E-5));
#5132=CARTESIAN_POINT('',(-57.0088073478271,-0.5,-36.5122713524789));
#5133=CARTESIAN_POINT('',(-28.5043924136154,-0.5,-36.5122713524789));
#5134=CARTESIAN_POINT('',(-57.2093322559706,-0.5,-36.509462510003));
#5135=CARTESIAN_POINT('',(-28.8659182366183,-0.5,-36.9064814436936));
#5136=CARTESIAN_POINT('',(-61.4955351692174,-0.5,-32.2223199402174));
#5137=CARTESIAN_POINT('Origin',(-56.9962992659016,-0.5,-32.0102731963123));
#5138=CARTESIAN_POINT('',(-61.4983018077086,-0.5,-32.0227770285794));
#5139=CARTESIAN_POINT('',(-61.7143451177973,-0.5,-16.4407227514745));
#5140=CARTESIAN_POINT('',(-61.4986883056969,-0.5,-24.9854760872321));
#5141=CARTESIAN_POINT('',(-61.5009391547459,-0.5,15.99766641418));
#5142=CARTESIAN_POINT('',(-52.6860399998734,-0.5,-24.9854760872321));
#5143=CARTESIAN_POINT('',(-26.749989138308,-0.5,-24.9854760872321));
#5144=CARTESIAN_POINT('',(-52.686039999872,-0.5,-27.2019322586346));
#5145=CARTESIAN_POINT('',(-52.686039999897,-0.5,13.3976421188197));
#5146=CARTESIAN_POINT('',(-48.38604,-0.5,-31.5019));
#5147=CARTESIAN_POINT('Origin',(-48.38604026916,-0.5,-27.201900269169));
#5148=CARTESIAN_POINT('',(-38.01604,-0.5,-31.5019));
#5149=CARTESIAN_POINT('',(-24.1930087397019,-0.5,-31.5019));
#5150=CARTESIAN_POINT('',(-38.01604,-0.5,-33.768727));
#5151=CARTESIAN_POINT('',(-38.01604,-0.5,-11.4143688843095));
#5152=CARTESIAN_POINT('',(-27.19604,-0.5,-33.768727));
#5153=CARTESIAN_POINT('',(-19.0080087397019,-0.5,-33.768727));
#5154=CARTESIAN_POINT('',(-27.19604,-0.5,-31.5019));
#5155=CARTESIAN_POINT('',(-27.19604,-0.5,-16.8843688843095));
#5156=CARTESIAN_POINT('',(-22.4541117990435,-0.5,-31.5019));
#5157=CARTESIAN_POINT('',(-24.1930087397019,-0.5,-31.5019));
#5158=CARTESIAN_POINT('',(-22.4541117990435,-0.5,-33.5380949419174));
#5159=CARTESIAN_POINT('',(-22.4541117990435,-0.5,-14.2458499970487));
#5160=CARTESIAN_POINT('',(-12.4541117990435,-0.5,-33.5380949419174));
#5161=CARTESIAN_POINT('',(-11.2270446392237,-0.5,-33.5380949419174));
#5162=CARTESIAN_POINT('',(-12.4541117990435,-0.5,-31.5019));
#5163=CARTESIAN_POINT('',(-12.4541117990435,-0.5,-16.7690528552682));
#5164=CARTESIAN_POINT('',(-4.38604010419446,-0.5,-31.5019));
#5165=CARTESIAN_POINT('',(-24.1930087397019,-0.5,-31.5019));
#5166=CARTESIAN_POINT('',(-0.086040000070513,-0.5,-27.2019248978441));
#5167=CARTESIAN_POINT('Origin',(-4.386039730831,-0.5,-27.201900269169));
#5168=CARTESIAN_POINT('',(-0.0860400000978156,-0.5,-6.16676875160517));
#5169=CARTESIAN_POINT('',(-0.0860400000978195,-0.5,-13.6009678332315));
#5170=CARTESIAN_POINT('',(3.93395999999999,-0.5,-6.16676875160517));
#5171=CARTESIAN_POINT('',(-8.6193601955578,-0.5,-6.16676875160517));
#5172=CARTESIAN_POINT('',(3.93396,-0.5,-27.3619001224265));
#5173=CARTESIAN_POINT('',(3.93395999999999,-0.5,13.3176436474193));
#5174=CARTESIAN_POINT('',(8.23395988300777,-0.5,-31.6619));
#5175=CARTESIAN_POINT('Origin',(8.233959730831,-0.5,-27.361900269169));
#5176=CARTESIAN_POINT('',(4.11699120180199,-0.5,-31.6619));
#5177=CARTESIAN_POINT('',(-58.62604,-0.5,-30.9119));
#5178=CARTESIAN_POINT('Origin',(-56.05104,-0.5,-30.9119));
#5179=CARTESIAN_POINT('Origin',(-19.701041,1.,-37.5122));
#5180=CARTESIAN_POINT('',(-19.701041,1.,-36.5122713524789));
#5181=CARTESIAN_POINT('',(-15.101041,1.,-36.5122713524789));
#5182=CARTESIAN_POINT('',(14.7152629690082,1.,-36.5122713524789));
#5183=CARTESIAN_POINT('',(-15.101041,1.00000001490116,-36.5122));
#5184=CARTESIAN_POINT('',(-15.101041,1.00000001490116,-37.5122));
#5185=CARTESIAN_POINT('',(-19.701041,1.00000001490116,-36.5122));
#5186=CARTESIAN_POINT('',(14.7152629690082,1.,-36.5122));
#5187=CARTESIAN_POINT('',(-19.701041,1.00000001490116,-37.5122));
#5188=CARTESIAN_POINT('Origin',(-19.701041,2.48902710573598,-37.5122));
#5189=CARTESIAN_POINT('',(-19.701041,2.48902710573598,-37.5122));
#5190=CARTESIAN_POINT('',(-19.701041,1.00000001490116,-37.5122));
#5191=CARTESIAN_POINT('',(-19.701041,3.29500000000002,-37.5122));
#5192=CARTESIAN_POINT('',(-19.701041,1.,-18.7561232599061));
#5193=CARTESIAN_POINT('',(-19.701041,2.48902710573598,-36.5122));
#5194=CARTESIAN_POINT('',(-19.701041,3.29500000000002,-36.5122));
#5195=CARTESIAN_POINT('',(-19.701041,2.48902710573598,-37.5122));
#5196=CARTESIAN_POINT('Origin',(-15.101041,2.48902710573598,-37.5122));
#5197=CARTESIAN_POINT('',(-15.101041,2.48902710573598,-37.5122));
#5198=CARTESIAN_POINT('',(-15.101041,2.48902710573598,-37.5122));
#5199=CARTESIAN_POINT('',(-15.101041,2.48902710573598,-36.5122));
#5200=CARTESIAN_POINT('',(-15.101041,2.48902710573598,-36.5122));
#5201=CARTESIAN_POINT('',(-15.101041,2.48902710573598,-37.5122));
#5202=CARTESIAN_POINT('Origin',(-15.101041,1.00000001490116,-37.5122));
#5203=CARTESIAN_POINT('',(-15.101041,1.00000001490116,-37.5122));
#5204=CARTESIAN_POINT('',(-15.101041,3.29500000000002,-37.5122));
#5205=CARTESIAN_POINT('',(-15.101041,3.29500000000002,-36.5122));
#5206=CARTESIAN_POINT('',(-15.101041,1.,-18.7561232599061));
#5207=CARTESIAN_POINT('Origin',(-17.401041,1.74451355286799,-37.5122));
#5208=CARTESIAN_POINT('',(-8.70050933440536,1.,-37.5122));
#5209=CARTESIAN_POINT('Origin',(-17.401041,1.74451355286799,-36.5122));
#5210=CARTESIAN_POINT('Origin',(2.23311892888489E-5,1.,-4.65198122423516E-5));
#5211=CARTESIAN_POINT('',(14.7152629690082,1.,-36.5122713524789));
#5212=CARTESIAN_POINT('',(-57.0158107288952,1.,-37.5122713524789));
#5213=CARTESIAN_POINT('',(14.7152629690082,1.,-37.5122713524789));
#5214=CARTESIAN_POINT('',(-57.2391576286197,1.,-37.5091428321146));
#5215=CARTESIAN_POINT('',(-57.0158107288952,1.,-37.5122713524789));
#5216=CARTESIAN_POINT('',(-62.4952202374455,1.,-32.2519663997864));
#5217=CARTESIAN_POINT('Origin',(-56.9962992659016,1.,-32.0102731963123));
#5218=CARTESIAN_POINT('',(-62.4983014269887,1.,-32.029736594661));
#5219=CARTESIAN_POINT('',(-62.4952202374455,1.,-32.2519663997864));
#5220=CARTESIAN_POINT('',(-62.4986883072056,1.,-24.9854760872321));
#5221=CARTESIAN_POINT('',(-62.4983014269887,1.,-32.029736594661));
#5222=CARTESIAN_POINT('',(-61.4986883056969,1.,-24.9854760872321));
#5223=CARTESIAN_POINT('',(-31.2499893000666,1.,-24.9854760872321));
#5224=CARTESIAN_POINT('',(-61.4983018077086,1.,-32.0227770285794));
#5225=CARTESIAN_POINT('',(-61.4983018077086,1.,-32.0227770285794));
#5226=CARTESIAN_POINT('',(-61.4955351692174,1.,-32.2223199402174));
#5227=CARTESIAN_POINT('',(-61.4955351692174,1.,-32.2223199402174));
#5228=CARTESIAN_POINT('',(-57.2093322559706,1.,-36.509462510003));
#5229=CARTESIAN_POINT('Origin',(-56.9962992659016,1.,-32.0102731963123));
#5230=CARTESIAN_POINT('',(-57.0088073478271,1.,-36.5122713524789));
#5231=CARTESIAN_POINT('',(-57.0088073478271,1.,-36.5122713524789));
#5232=CARTESIAN_POINT('',(14.7152629690082,1.,-36.5122713524789));
#5233=CARTESIAN_POINT('Origin',(62.501863,1.51000000000001,-23.483357804025));
#5234=CARTESIAN_POINT('',(62.501863,1.51000000000001,-23.483357804025));
#5235=CARTESIAN_POINT('',(62.501863,1.,-23.483357804025));
#5236=CARTESIAN_POINT('',(62.501863,1.51000000000001,-23.483357804025));
#5237=CARTESIAN_POINT('',(61.501863,1.,-23.483357804025));
#5238=CARTESIAN_POINT('',(31.2509426655946,1.,-23.483357804025));
#5239=CARTESIAN_POINT('',(61.501863,1.51000000000001,-23.483357804025));
#5240=CARTESIAN_POINT('',(61.501863,1.51000000000001,-23.483357804025));
#5241=CARTESIAN_POINT('',(62.501863,1.51000000000001,-23.483357804025));
#5242=CARTESIAN_POINT('Origin',(62.501863,1.51000000000001,-16.5311431861515));
#5243=CARTESIAN_POINT('',(62.501863,1.51000000000001,-16.5311431861515));
#5244=CARTESIAN_POINT('',(62.501863,1.51000000000001,-16.5311431861515));
#5245=CARTESIAN_POINT('',(61.501863,1.51000000000001,-16.5311431861515));
#5246=CARTESIAN_POINT('',(61.501863,1.51000000000001,-16.5311431861515));
#5247=CARTESIAN_POINT('',(62.501863,1.51000000000001,-16.5311431861515));
#5248=CARTESIAN_POINT('Origin',(62.501863,1.,-16.5311431861515));
#5249=CARTESIAN_POINT('',(62.501863,1.,-16.5311431861515));
#5250=CARTESIAN_POINT('',(61.501863,1.,-16.5311431861515));
#5251=CARTESIAN_POINT('Origin',(2.23311892888489E-5,1.,-4.65198122423516E-5));
#5252=CARTESIAN_POINT('',(62.501863,1.,-32.0297227811707));
#5253=CARTESIAN_POINT('',(62.501863,1.,32.0292347444965));
#5254=CARTESIAN_POINT('',(62.4987132312686,1.,-32.2544027249479));
#5255=CARTESIAN_POINT('',(62.501863,1.,-32.0297227811707));
#5256=CARTESIAN_POINT('',(57.2456079440959,1.,-37.5091056501778));
#5257=CARTESIAN_POINT('Origin',(57.00033755166,1.,-32.0108042996216));
#5258=CARTESIAN_POINT('',(57.0197914236792,1.,-37.5122713524789));
#5259=CARTESIAN_POINT('',(57.2456079440959,1.,-37.5091056501778));
#5260=CARTESIAN_POINT('',(57.0197914236792,1.,-37.5122713524789));
#5261=CARTESIAN_POINT('',(57.0127823112109,1.,-36.5122713524789));
#5262=CARTESIAN_POINT('',(57.0127823112109,1.,-36.5122713524789));
#5263=CARTESIAN_POINT('',(57.215544754506,1.,-36.5094288432943));
#5264=CARTESIAN_POINT('',(57.215544754506,1.,-36.5094288432943));
#5265=CARTESIAN_POINT('',(61.4990341857682,1.,-32.2244992208403));
#5266=CARTESIAN_POINT('Origin',(57.00033755166,1.,-32.0108042996216));
#5267=CARTESIAN_POINT('',(61.501863,1.,-32.0227136687474));
#5268=CARTESIAN_POINT('',(61.501863,1.,-32.0227136687474));
#5269=CARTESIAN_POINT('',(61.501863,1.,32.0224108466974));
#5270=CARTESIAN_POINT('Origin',(61.501863,0.,-32.0227136687474));
#5271=CARTESIAN_POINT('',(61.501863,0.,-32.0227136687474));
#5272=CARTESIAN_POINT('',(61.501863,1.,32.0224108466974));
#5273=CARTESIAN_POINT('',(61.501863,0.,32.0224108466974));
#5274=CARTESIAN_POINT('',(61.501863,1.,32.0224108466974));
#5275=CARTESIAN_POINT('Origin',(-10.0196754481395,-11.5,-36.5122));
#5276=CARTESIAN_POINT('',(-10.0196754481395,-11.5,-36.5122));
#5277=CARTESIAN_POINT('',(15.5262714582094,-11.5,-36.5122));
#5278=CARTESIAN_POINT('',(-5.00982646377163,-11.5,-36.5122));
#5279=CARTESIAN_POINT('',(-10.0196754481395,-10.5,-36.5122));
#5280=CARTESIAN_POINT('',(-10.0196754481395,-9.,-36.5122));
#5281=CARTESIAN_POINT('',(15.5262714582094,-10.5,-36.5122));
#5282=CARTESIAN_POINT('',(57.0123766687025,-10.5,-36.5122));
#5283=CARTESIAN_POINT('',(15.5262714582094,-9.,-36.5122));
#5284=CARTESIAN_POINT('Origin',(2.75329800503495,-10.5,-37.0122));
#5285=CARTESIAN_POINT('',(-10.0196754481395,-10.5,-37.2622));
#5286=CARTESIAN_POINT('',(15.5262714582094,-10.5,-31.6431312406826));
#5287=CARTESIAN_POINT('Origin',(-57.0088070716707,-11.5,-36.5122));
#5288=CARTESIAN_POINT('',(-57.0088070716707,-11.5,-36.5122));
#5289=CARTESIAN_POINT('',(-40.1296900090912,-11.5,-36.5122));
#5290=CARTESIAN_POINT('',(-28.5043922755372,-11.5,-36.5122));
#5291=CARTESIAN_POINT('',(-57.0088070716707,-10.5,-36.5122));
#5292=CARTESIAN_POINT('',(-57.0088070716707,-11.5,-36.5122));
#5293=CARTESIAN_POINT('',(-40.1296900090912,-10.5,-36.5122));
#5294=CARTESIAN_POINT('',(57.0123766687025,-10.5,-36.5122));
#5295=CARTESIAN_POINT('',(-40.1296900090912,-9.,-36.5122));
#5296=CARTESIAN_POINT('Origin',(-57.2160239162295,-11.5,-36.509297420565));
#5297=CARTESIAN_POINT('',(-57.2160239162295,-11.5,-36.509297420565));
#5298=CARTESIAN_POINT('',(-28.8692635670257,-11.5,-36.906363227712));
#5299=CARTESIAN_POINT('',(-57.2160239162295,-10.5,-36.509297420565));
#5300=CARTESIAN_POINT('',(-57.2160239162295,-11.5,-36.509297420565));
#5301=CARTESIAN_POINT('',(-57.0088070716707,-10.5,-36.5122));
#5302=CARTESIAN_POINT('Origin',(-56.99833849664,-11.5,-32.012201246918));
#5303=CARTESIAN_POINT('',(-61.4954284868797,-11.5,-32.2300143700717));
#5304=CARTESIAN_POINT('Origin',(-56.99833849664,-11.5,-32.012201246918));
#5305=CARTESIAN_POINT('',(-61.4954284868797,-10.5,-32.2300143700717));
#5306=CARTESIAN_POINT('',(-61.4954284868797,-11.5,-32.2300143700717));
#5307=CARTESIAN_POINT('Origin',(-56.99833849664,-10.5,-32.012201246918));
#5308=CARTESIAN_POINT('Origin',(-61.4983014289192,-11.5,-32.0228043491925));
#5309=CARTESIAN_POINT('',(-61.4983014289192,-11.5,-32.0228043491925));
#5310=CARTESIAN_POINT('',(-61.7143449284101,-11.5,-16.4407364117886));
#5311=CARTESIAN_POINT('',(-61.4983014289192,-10.5,-32.0228043491925));
#5312=CARTESIAN_POINT('',(-61.4983014289192,-11.5,-32.0228043491925));
#5313=CARTESIAN_POINT('',(-61.4954284868797,-10.5,-32.2300143700717));
#5314=CARTESIAN_POINT('Origin',(-61.5018175752845,-11.5,31.9986935090035));
#5315=CARTESIAN_POINT('',(-61.5018175752845,-11.5,31.9986935090035));
#5316=CARTESIAN_POINT('',(-61.5009387766944,-11.5,15.9976525367631));
#5317=CARTESIAN_POINT('',(-61.5018175752845,-10.5,31.9986935090035));
#5318=CARTESIAN_POINT('',(-61.5018175752845,-11.5,31.9986935090035));
#5319=CARTESIAN_POINT('',(-61.4983014289192,-10.5,-32.0228043491925));
#5320=CARTESIAN_POINT('Origin',(-61.4989234009271,-11.5,32.2059094991745));
#5321=CARTESIAN_POINT('',(-61.4989234009271,-11.5,32.2059094991745));
#5322=CARTESIAN_POINT('',(-61.7177913946707,-11.5,16.5354824830615));
#5323=CARTESIAN_POINT('',(-61.4989234009271,-10.5,32.2059094991745));
#5324=CARTESIAN_POINT('',(-61.4989234009271,-11.5,32.2059094991745));
#5325=CARTESIAN_POINT('',(-61.5018175752845,-10.5,31.9986935090035));
#5326=CARTESIAN_POINT('Origin',(-57.0018371641,-11.5,31.98840004974));
#5327=CARTESIAN_POINT('',(-57.2206854173254,-11.5,36.4854213332246));
#5328=CARTESIAN_POINT('Origin',(-57.0018371641,-11.5,31.98840004974));
#5329=CARTESIAN_POINT('',(-57.2206854173254,-10.5,36.4854213332246));
#5330=CARTESIAN_POINT('',(-57.2206854173254,-11.5,36.4854213332246));
#5331=CARTESIAN_POINT('Origin',(-57.0018371641,-10.5,31.98840004974));
#5332=CARTESIAN_POINT('Origin',(-57.0134605164798,-11.5,36.4884227370998));
#5333=CARTESIAN_POINT('',(-57.0134605164798,-11.5,36.4884227370998));
#5334=CARTESIAN_POINT('',(-28.7768880525645,-11.5,36.8973955857825));
#5335=CARTESIAN_POINT('',(-57.0134605164798,-10.5,36.4884227370998));
#5336=CARTESIAN_POINT('',(-57.0134605164798,-11.5,36.4884227370998));
#5337=CARTESIAN_POINT('',(-57.2206854173254,-10.5,36.4854213332246));
#5338=CARTESIAN_POINT('Origin',(57.0110548318392,-11.5,36.5121770776573));
#5339=CARTESIAN_POINT('',(57.0110548318392,-11.5,36.5121770776573));
#5340=CARTESIAN_POINT('',(28.5017366833917,-11.5,36.5062378280995));
#5341=CARTESIAN_POINT('',(57.0110548318392,-10.5,36.5121770776573));
#5342=CARTESIAN_POINT('',(57.0110548318392,-11.5,36.5121770776573));
#5343=CARTESIAN_POINT('',(-57.0134605164798,-10.5,36.4884227370998));
#5344=CARTESIAN_POINT('Origin',(57.2182803485531,-11.5,36.5094213897305));
#5345=CARTESIAN_POINT('',(57.2182803485531,-11.5,36.5094213897305));
#5346=CARTESIAN_POINT('',(28.8569182573223,-11.5,36.886571194159));
#5347=CARTESIAN_POINT('',(57.2182803485531,-10.5,36.5094213897305));
#5348=CARTESIAN_POINT('',(57.2182803485531,-11.5,36.5094213897305));
#5349=CARTESIAN_POINT('',(57.0110548318392,-10.5,36.5121770776573));
#5350=CARTESIAN_POINT('Origin',(57.001864978913,-11.5,32.01220236626));
#5351=CARTESIAN_POINT('',(61.4990346293453,-11.5,32.2296413059922));
#5352=CARTESIAN_POINT('Origin',(57.001864978913,-11.5,32.01220236626));
#5353=CARTESIAN_POINT('',(61.4990346293453,-10.5,32.2296413059922));
#5354=CARTESIAN_POINT('',(61.4990346293453,-11.5,32.2296413059922));
#5355=CARTESIAN_POINT('Origin',(57.001864978913,-10.5,32.01220236626));
#5356=CARTESIAN_POINT('Origin',(61.501863,-11.5,32.0224108466979));
#5357=CARTESIAN_POINT('',(61.501863,-11.5,32.0224108466979));
#5358=CARTESIAN_POINT('',(61.7146230040237,-11.5,16.43380569682));
#5359=CARTESIAN_POINT('',(61.501863,-10.5,32.0224108466979));
#5360=CARTESIAN_POINT('',(61.501863,-11.5,32.0224108466979));
#5361=CARTESIAN_POINT('',(61.4990346293453,-10.5,32.2296413059922));
#5362=CARTESIAN_POINT('Origin',(61.501863,-11.5,-32.0227136687023));
#5363=CARTESIAN_POINT('',(61.501863,-11.5,-32.0227136687023));
#5364=CARTESIAN_POINT('',(61.501863,-11.5,-16.0113622186606));
#5365=CARTESIAN_POINT('',(61.501863,-10.5,-32.0227136687023));
#5366=CARTESIAN_POINT('',(61.501863,-11.5,-32.0227136687023));
#5367=CARTESIAN_POINT('',(61.501863,-10.5,32.0224108466979));
#5368=CARTESIAN_POINT('Origin',(61.4989578371022,-11.5,-32.229945339411));
#5369=CARTESIAN_POINT('',(61.4989578371022,-11.5,-32.229945339411));
#5370=CARTESIAN_POINT('',(61.7187857781894,-11.5,-16.5491339349135));
#5371=CARTESIAN_POINT('',(61.4989578371022,-10.5,-32.229945339411));
#5372=CARTESIAN_POINT('',(61.4989578371022,-11.5,-32.229945339411));
#5373=CARTESIAN_POINT('',(61.501863,-10.5,-32.0227136687023));
#5374=CARTESIAN_POINT('Origin',(57.001864651423,-11.5,-32.012201651423));
#5375=CARTESIAN_POINT('',(57.219608339411,-11.5,-36.5092948371022));
#5376=CARTESIAN_POINT('Origin',(57.001864651423,-11.5,-32.012201651423));
#5377=CARTESIAN_POINT('',(57.219608339411,-10.5,-36.5092948371022));
#5378=CARTESIAN_POINT('',(57.219608339411,-11.5,-36.5092948371022));
#5379=CARTESIAN_POINT('Origin',(57.001864651423,-10.5,-32.012201651423));
#5380=CARTESIAN_POINT('Origin',(57.0123766687025,-11.5,-36.5122));
#5381=CARTESIAN_POINT('',(57.0123766687025,-11.5,-36.5122));
#5382=CARTESIAN_POINT('',(28.7676811370238,-11.5,-36.9081599478104));
#5383=CARTESIAN_POINT('',(57.0123766687025,-10.5,-36.5122));
#5384=CARTESIAN_POINT('',(57.0123766687025,-11.5,-36.5122));
#5385=CARTESIAN_POINT('',(57.219608339411,-10.5,-36.5092948371022));
#5386=CARTESIAN_POINT('Origin',(43.3069824864169,-11.5,-36.5122));
#5387=CARTESIAN_POINT('',(43.3069824864169,-11.5,-36.5122));
#5388=CARTESIAN_POINT('',(21.6535025035065,-11.5,-36.5122));
#5389=CARTESIAN_POINT('',(43.3069824864169,-10.5,-36.5122));
#5390=CARTESIAN_POINT('',(43.3069824864169,-9.,-36.5122));
#5391=CARTESIAN_POINT('',(57.0123766687025,-10.5,-36.5122));
#5392=CARTESIAN_POINT('Origin',(2.2520596214548E-5,-10.5,-1.07686189476652E-5));
#5393=CARTESIAN_POINT('',(-40.1296900090912,-10.5,-12.4571340277992));
#5394=CARTESIAN_POINT('',(43.3069824864168,-10.5,-18.7561053843095));
#5395=CARTESIAN_POINT('',(57.249946315442,-10.5,-37.5089677917783));
#5396=CARTESIAN_POINT('',(28.7781944614018,-10.5,-37.9081108225662));
#5397=CARTESIAN_POINT('',(62.4986307917783,-10.5,-32.2602833154423));
#5398=CARTESIAN_POINT('Origin',(57.001864651423,-10.5,-32.012201651423));
#5399=CARTESIAN_POINT('',(62.501863,-10.5,-32.0297227811707));
#5400=CARTESIAN_POINT('',(62.7185731302831,-10.5,-16.5713116910728));
#5401=CARTESIAN_POINT('',(62.501863,-10.5,32.0292347444965));
#5402=CARTESIAN_POINT('',(62.501863,-10.5,-16.0148667748948));
#5403=CARTESIAN_POINT('',(62.4987167949615,-10.5,32.2597524505454));
#5404=CARTESIAN_POINT('',(62.7145764406108,-10.5,16.4440412257739));
#5405=CARTESIAN_POINT('',(57.2480995600546,-10.5,37.5091132681098));
#5406=CARTESIAN_POINT('Origin',(57.001864978913,-10.5,32.01220236626));
#5407=CARTESIAN_POINT('',(57.0175993863984,-10.5,37.5121784627621));
#5408=CARTESIAN_POINT('',(28.8784762825067,-10.5,37.8863729299135));
#5409=CARTESIAN_POINT('',(-57.0208061941332,-10.5,37.4884212284997));
#5410=CARTESIAN_POINT('',(28.5049047973693,-10.5,37.5062385098019));
#5411=CARTESIAN_POINT('',(-57.2513840090571,-10.5,37.4850815857037));
#5412=CARTESIAN_POINT('',(-28.7878020315597,-10.5,37.897342394622));
#5413=CARTESIAN_POINT('',(-62.4985979301591,-10.5,32.2361955629068));
#5414=CARTESIAN_POINT('Origin',(-57.0018371641,-10.5,31.98840004974));
#5415=CARTESIAN_POINT('',(-62.5018179588076,-10.5,32.0056491816722));
#5416=CARTESIAN_POINT('',(-62.7175798975316,-10.5,16.5576083064215));
#5417=CARTESIAN_POINT('',(-62.4983010481987,-10.5,-32.0297639153209));
#5418=CARTESIAN_POINT('',(-62.5009389677018,-10.5,16.0011029124281));
#5419=CARTESIAN_POINT('',(-62.4951049858952,-10.5,-32.2602788813499));
#5420=CARTESIAN_POINT('',(-62.7142966862546,-10.5,-16.4511479685369));
#5421=CARTESIAN_POINT('',(-57.2463497229964,-10.5,-37.5089707328711));
#5422=CARTESIAN_POINT('Origin',(-56.99833849664,-10.5,-32.012201246918));
#5423=CARTESIAN_POINT('',(-28.8914295080422,-10.5,-37.9061508389234));
#5424=CARTESIAN_POINT('Origin',(-10.0196754481395,-6.5,-37.5122));
#5425=CARTESIAN_POINT('',(-10.0196754481395,-11.5,-31.5019));
#5426=CARTESIAN_POINT('',(-10.0196754481395,-11.5,-18.7561053843095));
#5427=CARTESIAN_POINT('',(-10.0196754481395,-6.5,-31.5019));
#5428=CARTESIAN_POINT('',(-10.0196754481395,-3.25,-31.5019));
#5429=CARTESIAN_POINT('',(-10.0196754481395,-6.5,-24.9142572869794));
#5430=CARTESIAN_POINT('Origin',(43.3069824864169,-6.5,-37.5122));
#5431=CARTESIAN_POINT('',(43.3069824864168,-11.5,-31.6619));
#5432=CARTESIAN_POINT('',(43.3069824864168,-11.5,-18.7561053843095));
#5433=CARTESIAN_POINT('',(43.3069824864168,-6.5,-31.6619));
#5434=CARTESIAN_POINT('',(43.3069824864169,-3.25,-31.6619));
#5435=CARTESIAN_POINT('',(43.3069824864169,-6.5,-37.5122));
#5436=CARTESIAN_POINT('Origin',(2.2520596214548E-5,-11.5,-1.07686189476652E-5));
#5437=CARTESIAN_POINT('',(15.5262714582094,-11.5,-31.6619));
#5438=CARTESIAN_POINT('',(15.5262714582094,-11.5,-13.1370366249921));
#5439=CARTESIAN_POINT('',(8.23395988300777,-11.5,-31.6619));
#5440=CARTESIAN_POINT('',(4.11699120180199,-11.5,-31.6619));
#5441=CARTESIAN_POINT('',(3.93396,-11.5,-27.3619001224265));
#5442=CARTESIAN_POINT('Origin',(8.233959730831,-11.5,-27.361900269169));
#5443=CARTESIAN_POINT('',(3.93395999999998,-11.5,26.6352980634575));
#5444=CARTESIAN_POINT('',(3.93395999999999,-11.5,13.3176436474193));
#5445=CARTESIAN_POINT('',(8.23698335244127,-11.5,30.938099999991));
#5446=CARTESIAN_POINT('Origin',(8.19405851716656,-11.5,26.6780036859769));
#5447=CARTESIAN_POINT('',(52.2317845164947,-11.5,30.9381));
#5448=CARTESIAN_POINT('',(26.1159035185423,-11.5,30.9380999999947));
#5449=CARTESIAN_POINT('',(52.6739665809682,-11.5,30.9194618323736));
#5450=CARTESIAN_POINT('Origin',(52.2736961408549,-11.5,26.6778308188415));
#5451=CARTESIAN_POINT('',(56.3555533946171,-11.5,27.8985238351624));
#5452=CARTESIAN_POINT('Origin',(55.74896,-11.5,30.9131));
#5453=CARTESIAN_POINT('',(56.533959999902,-11.5,26.6353816553315));
#5454=CARTESIAN_POINT('Origin',(52.2736961408549,-11.5,26.6778308188415));
#5455=CARTESIAN_POINT('',(56.5339599999294,-11.5,-27.3619249239186));
#5456=CARTESIAN_POINT('',(56.533959999902,-11.5,-13.6809678462687));
#5457=CARTESIAN_POINT('',(56.5023131967184,-11.5,-27.8826314580055));
#5458=CARTESIAN_POINT('Origin',(52.233960269169,-11.5,-27.361900269169));
#5459=CARTESIAN_POINT('',(52.9763264904894,-11.5,-31.5973329600035));
#5460=CARTESIAN_POINT('Origin',(55.97396,-11.5,-30.9119));
#5461=CARTESIAN_POINT('',(52.2339600415007,-11.5,-31.6619));
#5462=CARTESIAN_POINT('Origin',(52.233960269169,-11.5,-27.361900269169));
#5463=CARTESIAN_POINT('',(4.11699120180199,-11.5,-31.6619));
#5464=CARTESIAN_POINT('',(-40.1296900090912,-11.5,-31.5019));
#5465=CARTESIAN_POINT('',(-40.1296900090912,-11.5,-12.4571340277992));
#5466=CARTESIAN_POINT('',(-48.38604,-11.5,-31.5019));
#5467=CARTESIAN_POINT('',(-24.1930087397019,-11.5,-31.5019));
#5468=CARTESIAN_POINT('',(-52.686039999872,-11.5,-27.2019322586346));
#5469=CARTESIAN_POINT('Origin',(-48.38604026916,-11.5,-27.201900269169));
#5470=CARTESIAN_POINT('',(-52.6860399999052,-11.5,26.7952950062907));
#5471=CARTESIAN_POINT('',(-52.686039999897,-11.5,13.3976421188197));
#5472=CARTESIAN_POINT('',(-48.3830136989565,-11.5,31.0980999999955));
#5473=CARTESIAN_POINT('Origin',(-48.42594257511,-11.5,26.8380047774806));
#5474=CARTESIAN_POINT('',(-4.38822306128985,-11.5,31.0981000000045));
#5475=CARTESIAN_POINT('',(-2.19410027035001,-11.5,31.098100000005));
#5476=CARTESIAN_POINT('',(-0.0860400000978245,-11.5,26.7953948226997));
#5477=CARTESIAN_POINT('Origin',(-4.34630499173569,-11.5,26.8378298900978));
#5478=CARTESIAN_POINT('',(-0.086040000070513,-11.5,-27.2019248978441));
#5479=CARTESIAN_POINT('',(-0.0860400000978195,-11.5,-13.6009678332315));
#5480=CARTESIAN_POINT('',(-4.38604010419446,-11.5,-31.5019));
#5481=CARTESIAN_POINT('Origin',(-4.386039730831,-11.5,-27.201900269169));
#5482=CARTESIAN_POINT('',(-24.1930087397019,-11.5,-31.5019));
#5483=CARTESIAN_POINT('',(-59.15104,-11.5,30.9131));
#5484=CARTESIAN_POINT('Origin',(-56.05104,-11.5,30.9131));
#5485=CARTESIAN_POINT('',(-59.12604,-11.5,-30.9119));
#5486=CARTESIAN_POINT('Origin',(-56.05104,-11.5,-30.9119));
#5487=CARTESIAN_POINT('Origin',(-57.4624066974404,-9.,22.9979804295299));
#5488=CARTESIAN_POINT('',(-58.9624066974404,-5.,22.9979804295299));
#5489=CARTESIAN_POINT('',(-58.9624066974404,-9.,22.9979804295299));
#5490=CARTESIAN_POINT('Origin',(-57.4624066974404,-5.,22.9979804295299));
#5491=CARTESIAN_POINT('Origin',(-57.4624066974404,-5.,22.9979804295299));
#5492=CARTESIAN_POINT('Origin',(59.4991652915528,-9.,22.999073888318));
#5493=CARTESIAN_POINT('',(57.9991652915528,-5.,22.999073888318));
#5494=CARTESIAN_POINT('',(57.9991652915528,-9.,22.999073888318));
#5495=CARTESIAN_POINT('Origin',(59.4991652915528,-5.,22.999073888318));
#5496=CARTESIAN_POINT('Origin',(59.4991652915528,-5.,22.999073888318));
#5497=CARTESIAN_POINT('Origin',(-57.4632618552547,-9.,-23.0020198358719));
#5498=CARTESIAN_POINT('',(-56.8488192493002,-9.,-22.0896272208273));
#5499=CARTESIAN_POINT('',(-58.0760136708828,-9.,-23.915548824161));
#5500=CARTESIAN_POINT('Origin',(-57.4632618552547,-9.,-23.0020198358719));
#5501=CARTESIAN_POINT('',(-56.8488192493002,-5.,-22.0896272208273));
#5502=CARTESIAN_POINT('',(-56.8488192493002,-9.,-22.0896272208273));
#5503=CARTESIAN_POINT('',(-58.0760136708828,-5.,-23.915548824161));
#5504=CARTESIAN_POINT('Origin',(-57.4632618552547,-5.,-23.0020198358719));
#5505=CARTESIAN_POINT('',(-58.0760136708828,-9.,-23.915548824161));
#5506=CARTESIAN_POINT('Origin',(-57.4615710649095,-9.,-23.003156209131));
#5507=CARTESIAN_POINT('Origin',(-57.4615710649095,-9.,-23.003156209131));
#5508=CARTESIAN_POINT('Origin',(-57.4615710649095,-5.,-23.003156209131));
#5509=CARTESIAN_POINT('Origin',(-57.4615710649095,-9.,-23.003156209131));
#5510=CARTESIAN_POINT('',(-58.9615710649095,-5.,-23.003156209131));
#5511=CARTESIAN_POINT('',(-58.9615710649095,-9.,-23.003156209131));
#5512=CARTESIAN_POINT('Origin',(-57.4615710649095,-5.,-23.003156209131));
#5513=CARTESIAN_POINT('Origin',(-57.4615710649095,-5.,-23.003156209131));
#5514=CARTESIAN_POINT('Origin',(59.5000008866191,-9.,-23.0000003427267));
#5515=CARTESIAN_POINT('',(58.0000008866191,-5.,-23.0000003427267));
#5516=CARTESIAN_POINT('',(58.0000008866191,-9.,-23.0000003427267));
#5517=CARTESIAN_POINT('Origin',(59.5000008866191,-5.,-23.0000003427267));
#5518=CARTESIAN_POINT('Origin',(59.5000008866191,-5.,-23.0000003427267));
#5519=CARTESIAN_POINT('Origin',(2.2520596214548E-5,-9.,-1.07686189476652E-5));
#5520=CARTESIAN_POINT('Origin',(-53.5000007972121,-0.0500000000000014,4.41091952952244));
#5521=CARTESIAN_POINT('',(-53.5000007972121,-3.05,4.41091952952244));
#5522=CARTESIAN_POINT('',(-53.5000007972121,-0.0500000000000014,4.41091952952244));
#5523=CARTESIAN_POINT('',(-53.5000007972121,-3.05,-1.12511057488594));
#5524=CARTESIAN_POINT('',(-53.5000007972121,-3.04999999999999,-24.9854760872321));
#5525=CARTESIAN_POINT('',(-53.5000007972121,-0.0499999999999998,-1.12511057488594));
#5526=CARTESIAN_POINT('Origin',(-48.4609592428784,-0.0500000000000014,4.41091952952244));
#5527=CARTESIAN_POINT('',(-52.6860399998914,-3.05,4.41091952952244));
#5528=CARTESIAN_POINT('',(-52.6860399998914,-0.0250000000000007,4.41091952952244));
#5529=CARTESIAN_POINT('',(-53.5000007972121,-3.05,4.41091952952244));
#5530=CARTESIAN_POINT('Origin',(-48.42594257511,0.,26.8380047774806));
#5531=CARTESIAN_POINT('',(-48.3830136989565,-9.,31.0980999999955));
#5532=CARTESIAN_POINT('',(-52.6860399999052,-9.,26.7952950062907));
#5533=CARTESIAN_POINT('Origin',(-4.38822306128986,0.,31.0981000000045));
#5534=CARTESIAN_POINT('',(-4.38822306128986,-9.,31.0981000000045));
#5535=CARTESIAN_POINT('Origin',(-4.34630499173569,0.,26.8378298900978));
#5536=CARTESIAN_POINT('',(-0.0860400000978212,0.,26.7953948226997));
#5537=CARTESIAN_POINT('Origin',(-52.6860399999052,0.,26.7952950062907));
#5538=CARTESIAN_POINT('',(-52.686039999872,-9.,-27.2019322586346));
#5539=CARTESIAN_POINT('',(-52.6860399998734,-3.04999999999999,-24.9854760872321));
#5540=CARTESIAN_POINT('',(-52.6860399998734,-0.0249999999999964,-24.9854760872321));
#5541=CARTESIAN_POINT('',(-52.6860399998938,-3.04999999999999,8.2540083637174));
#5542=CARTESIAN_POINT('Origin',(6.27227880779477,-0.0500000000000023,7.69710000000001));
#5543=CARTESIAN_POINT('',(3.93395999999999,-1.55,7.69710000000001));
#5544=CARTESIAN_POINT('',(3.93395999999999,-0.0250000000000012,7.69710000000001));
#5545=CARTESIAN_POINT('',(-0.0860400000978201,-1.55,7.69710000000001));
#5546=CARTESIAN_POINT('',(-17.2387429117118,-1.55,7.69710000000001));
#5547=CARTESIAN_POINT('',(-0.0860400000978206,-0.0250000000000012,7.69710000000001));
#5548=CARTESIAN_POINT('Origin',(8.19405851716656,0.,26.6780036859769));
#5549=CARTESIAN_POINT('',(8.23698335244127,-9.,30.938099999991));
#5550=CARTESIAN_POINT('',(3.93395999999999,-9.,26.6352980634575));
#5551=CARTESIAN_POINT('Origin',(52.2317845164947,0.,30.9381));
#5552=CARTESIAN_POINT('',(52.2317845164947,-9.,30.9381));
#5553=CARTESIAN_POINT('Origin',(52.2736961408549,0.,26.6778308188415));
#5554=CARTESIAN_POINT('',(52.6739665809682,-5.,30.9194618323736));
#5555=CARTESIAN_POINT('',(52.6739665809682,0.,30.9194618323736));
#5556=CARTESIAN_POINT('',(52.6739665809682,-9.,30.9194618323736));
#5557=CARTESIAN_POINT('Origin',(55.74896,0.,30.9131));
#5558=CARTESIAN_POINT('',(56.3555533946171,-5.,27.8985238351624));
#5559=CARTESIAN_POINT('',(56.3555533946171,0.,27.8985238351624));
#5560=CARTESIAN_POINT('',(52.67396,-5.,30.9131));
#5561=CARTESIAN_POINT('Origin',(55.74896,-5.,30.9131));
#5562=CARTESIAN_POINT('Origin',(55.74896,-5.,30.9131));
#5563=CARTESIAN_POINT('Origin',(52.2736961408549,0.,26.6778308188415));
#5564=CARTESIAN_POINT('',(56.533959999902,0.,26.6353816553315));
#5565=CARTESIAN_POINT('',(56.3555533946171,-9.,27.8985238351624));
#5566=CARTESIAN_POINT('Origin',(56.533959999902,0.,-27.3619249239185));
#5567=CARTESIAN_POINT('',(56.5339599999294,-9.,-27.3619249239185));
#5568=CARTESIAN_POINT('Origin',(52.233960269169,0.,-27.361900269169));
#5569=CARTESIAN_POINT('',(56.5023131967184,-5.,-27.8826314580055));
#5570=CARTESIAN_POINT('',(56.5023131967184,0.,-27.8826314580055));
#5571=CARTESIAN_POINT('',(56.5023131967184,-9.,-27.8826314580055));
#5572=CARTESIAN_POINT('Origin',(55.97396,0.,-30.9119));
#5573=CARTESIAN_POINT('',(52.9763264904894,-5.,-31.5973329600035));
#5574=CARTESIAN_POINT('',(52.9763264904894,0.,-31.5973329600035));
#5575=CARTESIAN_POINT('',(52.89896,-5.,-30.9119));
#5576=CARTESIAN_POINT('Origin',(55.97396,-5.,-30.9119));
#5577=CARTESIAN_POINT('Origin',(55.97396,-5.,-30.9119));
#5578=CARTESIAN_POINT('Origin',(52.233960269169,0.,-27.361900269169));
#5579=CARTESIAN_POINT('',(52.2339600415007,-9.,-31.6619));
#5580=CARTESIAN_POINT('',(52.9763264904894,-9.,-31.5973329600035));
#5581=CARTESIAN_POINT('Origin',(8.23395988300777,3.12119292284593E-18,-31.6619));
#5582=CARTESIAN_POINT('',(8.23395988300777,-9.,-31.6619));
#5583=CARTESIAN_POINT('',(15.5262714582094,-6.5,-31.6619));
#5584=CARTESIAN_POINT('',(15.5262714582094,-3.25,-31.6619));
#5585=CARTESIAN_POINT('',(18.8252934276604,-6.5,-31.6619));
#5586=CARTESIAN_POINT('Origin',(-0.086040000097819,0.,-27.2019248978441));
#5587=CARTESIAN_POINT('',(-0.0860400000978201,-1.55,-6.16676875160517));
#5588=CARTESIAN_POINT('',(-0.0860400000978195,-1.55,-13.2183796368233));
#5589=CARTESIAN_POINT('',(-0.0860400000978201,-0.0249999999999992,-6.16676875160517));
#5590=CARTESIAN_POINT('',(-0.0860400000705164,-9.,-27.2019248978441));
#5591=CARTESIAN_POINT('Origin',(8.233959730831,3.12119292284593E-18,-27.361900269169));
#5592=CARTESIAN_POINT('',(3.93396,-9.,-27.3619001224265));
#5593=CARTESIAN_POINT('Origin',(3.93395999999999,0.,26.6352980634575));
#5594=CARTESIAN_POINT('',(3.93396,-1.55,-6.16676875160517));
#5595=CARTESIAN_POINT('',(3.93395999999999,-0.0249999999999992,-6.16676875160517));
#5596=CARTESIAN_POINT('',(3.93395999999999,-1.55,13.7002318438275));
#5597=CARTESIAN_POINT('Origin',(-56.05104,-0.75,-30.9119));
#5598=CARTESIAN_POINT('',(-57.62604,-1.5,-30.9119));
#5599=CARTESIAN_POINT('',(-58.37604,-0.75,-30.9119));
#5600=CARTESIAN_POINT('Origin',(-56.05104,-1.5,-30.9119));
#5601=CARTESIAN_POINT('Origin',(-56.05104,0.,-30.9119));
#5602=CARTESIAN_POINT('',(-57.62604,-3.5,-30.9119));
#5603=CARTESIAN_POINT('',(-57.62604,0.,-30.9119));
#5604=CARTESIAN_POINT('Origin',(-56.05104,-3.5,-30.9119));
#5605=CARTESIAN_POINT('Origin',(-56.05104,-4.25,-30.9119));
#5606=CARTESIAN_POINT('',(-59.12604,-5.,-30.9119));
#5607=CARTESIAN_POINT('',(-58.37604,-4.25,-30.9119));
#5608=CARTESIAN_POINT('Origin',(-56.05104,-5.,-30.9119));
#5609=CARTESIAN_POINT('Origin',(55.97396,-4.25,-30.9119));
#5610=CARTESIAN_POINT('',(54.39896,-3.5,-30.9119));
#5611=CARTESIAN_POINT('Origin',(55.97396,-3.5,-30.9119));
#5612=CARTESIAN_POINT('',(53.64896,-4.25,-30.9119));
#5613=CARTESIAN_POINT('Origin',(55.97396,-5.,-30.9119));
#5614=CARTESIAN_POINT('Origin',(55.97396,0.,-30.9119));
#5615=CARTESIAN_POINT('',(54.39896,0.,-30.9119));
#5616=CARTESIAN_POINT('Origin',(55.74896,-4.25,30.9131));
#5617=CARTESIAN_POINT('',(54.17396,-3.5,30.9131));
#5618=CARTESIAN_POINT('Origin',(55.74896,-3.5,30.9131));
#5619=CARTESIAN_POINT('',(53.42396,-4.25,30.9131));
#5620=CARTESIAN_POINT('Origin',(55.74896,-5.,30.9131));
#5621=CARTESIAN_POINT('Origin',(55.74896,0.,30.9131));
#5622=CARTESIAN_POINT('',(54.17396,0.,30.9131));
#5623=CARTESIAN_POINT('Origin',(-56.05104,-4.25,30.9131));
#5624=CARTESIAN_POINT('',(-57.65104,-3.5,30.9131));
#5625=CARTESIAN_POINT('Origin',(-56.05104,-3.5,30.9131));
#5626=CARTESIAN_POINT('',(-59.15104,-5.,30.9131));
#5627=CARTESIAN_POINT('',(-58.40104,-4.25,30.9131));
#5628=CARTESIAN_POINT('Origin',(-56.05104,-5.,30.9131));
#5629=CARTESIAN_POINT('Origin',(-56.05104,0.,30.9131));
#5630=CARTESIAN_POINT('',(-57.65104,0.,30.9131));
#5631=CARTESIAN_POINT('Origin',(-56.05104,-9.,30.9131));
#5632=CARTESIAN_POINT('',(-59.15104,-9.,30.9131));
#5633=CARTESIAN_POINT('Origin',(55.74896,-9.,30.9131));
#5634=CARTESIAN_POINT('Origin',(-56.05104,-9.,-30.9119));
#5635=CARTESIAN_POINT('',(-59.12604,-9.,-30.9119));
#5636=CARTESIAN_POINT('Origin',(55.97396,-9.,-30.9119));
#5637=CARTESIAN_POINT('Origin',(29.4166269723131,-6.5,-31.8931312406826));
#5638=CARTESIAN_POINT('',(15.5262714582094,-6.5,-26.2740624813652));
#5639=CARTESIAN_POINT('Origin',(15.5262714582094,-6.5,-26.2740624813652));
#5640=CARTESIAN_POINT('Origin',(-25.0746827286153,-6.5,-31.2132286434897));
#5641=CARTESIAN_POINT('',(-40.1296900090912,-6.5,-31.5019));
#5642=CARTESIAN_POINT('',(-36.7303613643077,-6.5,-31.5019));
#5643=CARTESIAN_POINT('',(-40.1296900090912,-6.5,-37.5122));
#5644=CARTESIAN_POINT('Origin',(-40.1296900090912,-6.5,-24.9142572869794));
#5645=CARTESIAN_POINT('',(-40.1296900090912,-3.25,-31.5019));
#5646=CARTESIAN_POINT('Origin',(-48.38604,0.,-31.5019));
#5647=CARTESIAN_POINT('',(-48.38604,-9.,-31.5019));
#5648=CARTESIAN_POINT('',(-4.38604010419446,-9.,-31.5019));
#5649=CARTESIAN_POINT('',(-12.4541117990435,-3.04999999999999,-31.5019));
#5650=CARTESIAN_POINT('',(-12.4541117990435,-0.0249999999999952,-31.5019));
#5651=CARTESIAN_POINT('',(-22.4541117990435,-3.04999999999999,-31.5019));
#5652=CARTESIAN_POINT('',(-32.9200758995218,-3.04999999999999,-31.5019));
#5653=CARTESIAN_POINT('',(-22.4541117990435,-0.0249999999999959,-31.5019));
#5654=CARTESIAN_POINT('',(-27.19604,-3.04999999999999,-31.5019));
#5655=CARTESIAN_POINT('',(-27.19604,-0.0249999999999951,-31.5019));
#5656=CARTESIAN_POINT('',(-38.01604,-3.04999999999999,-31.5019));
#5657=CARTESIAN_POINT('',(-40.49604,-3.04999999999999,-31.5019));
#5658=CARTESIAN_POINT('',(-38.01604,-0.0249999999999967,-31.5019));
#5659=CARTESIAN_POINT('Origin',(-17.2387429117118,-0.0499999999999983,-6.16676875160517));
#5660=CARTESIAN_POINT('',(6.27227880779477,-1.55,-6.16676875160517));
#5661=CARTESIAN_POINT('Origin',(-5.48323205195852,-1.55,0.765165624197419));
#5662=CARTESIAN_POINT('Origin',(-53.5000007972121,-0.0499999999999998,-1.12511057488594));
#5663=CARTESIAN_POINT('',(-62.4999986030161,-3.05,-1.12511057488594));
#5664=CARTESIAN_POINT('',(-62.4999986030161,-3.05,-1.12511057488594));
#5665=CARTESIAN_POINT('',(-62.4999986030161,1.,-1.12511057488594));
#5666=CARTESIAN_POINT('',(-62.499998373131,-0.0249999999999953,-1.12511057488593));
#5667=CARTESIAN_POINT('',(-61.499998748912,1.,-1.12511057488593));
#5668=CARTESIAN_POINT('',(-26.7499892330114,1.,-1.12511057488594));
#5669=CARTESIAN_POINT('',(-61.499998748912,-0.0249999999999953,-1.12511057488593));
#5670=CARTESIAN_POINT('Origin',(-53.5000007972121,-0.049999999999995,-17.5000002607703));
#5671=CARTESIAN_POINT('',(-62.499099042269,-3.05,-17.5000002607703));
#5672=CARTESIAN_POINT('',(-62.5000009313226,-3.05,-17.5000002607703));
#5673=CARTESIAN_POINT('',(-62.4990994195585,1.,-17.5000002607703));
#5674=CARTESIAN_POINT('',(-62.499099042269,-0.0249999999999975,-17.5000002607703));
#5675=CARTESIAN_POINT('',(-61.4990994180499,1.,-17.5000002607703));
#5676=CARTESIAN_POINT('',(-26.7499892330114,1.,-17.5000002607703));
#5677=CARTESIAN_POINT('',(-61.4990994180499,-0.0249999999999975,-17.5000002607703));
#5678=CARTESIAN_POINT('Origin',(2.23311892888489E-5,1.,-4.65198122423516E-5));
#5679=CARTESIAN_POINT('',(61.4990346293453,1.,32.2296413059925));
#5680=CARTESIAN_POINT('',(61.4990346293453,1.,32.2296413059925));
#5681=CARTESIAN_POINT('',(57.2182803485531,1.,36.5094213897305));
#5682=CARTESIAN_POINT('Origin',(57.001864978913,1.,32.01220236626));
#5683=CARTESIAN_POINT('',(57.0110661049256,1.,36.5121769277496));
#5684=CARTESIAN_POINT('',(57.0110661049256,1.,36.5121769277496));
#5685=CARTESIAN_POINT('',(-57.0134485947514,1.,36.4884225873273));
#5686=CARTESIAN_POINT('',(-57.0134485947514,1.,36.4884225873273));
#5687=CARTESIAN_POINT('',(-57.2222411026413,1.,36.4853984785463));
#5688=CARTESIAN_POINT('',(-57.2222411026413,1.,36.4853984785463));
#5689=CARTESIAN_POINT('',(-61.4989457434389,1.,32.2043647055585));
#5690=CARTESIAN_POINT('Origin',(-57.0023653166378,1.,31.9890382090017));
#5691=CARTESIAN_POINT('',(-61.5018179540984,1.,31.9987212638588));
#5692=CARTESIAN_POINT('',(-61.5018179540984,1.,31.9987212638588));
#5693=CARTESIAN_POINT('',(-61.4983018077086,1.,-32.0227770285794));
#5694=CARTESIAN_POINT('',(-62.5018183376214,1.,32.0056769365043));
#5695=CARTESIAN_POINT('',(-62.4983014269887,1.,-32.029736594661));
#5696=CARTESIAN_POINT('',(-62.4986234515621,1.,32.2344231682543));
#5697=CARTESIAN_POINT('',(-62.5018183376214,1.,32.0056769365043));
#5698=CARTESIAN_POINT('',(-57.2530512752419,1.,37.4850571149105));
#5699=CARTESIAN_POINT('Origin',(-57.0023653166378,1.,31.9890382090017));
#5700=CARTESIAN_POINT('',(-57.0207942724047,1.,37.4884210787272));
#5701=CARTESIAN_POINT('',(-57.2530512752419,1.,37.4850571149105));
#5702=CARTESIAN_POINT('',(57.0176106593386,1.,37.5121783128544));
#5703=CARTESIAN_POINT('',(-57.0207942724047,1.,37.4884210787272));
#5704=CARTESIAN_POINT('',(57.2480995600546,1.,37.5091132681098));
#5705=CARTESIAN_POINT('',(57.0176106593386,1.,37.5121783128544));
#5706=CARTESIAN_POINT('',(62.4987167949614,1.,32.2597524505454));
#5707=CARTESIAN_POINT('Origin',(57.001864978913,1.,32.01220236626));
#5708=CARTESIAN_POINT('',(62.501863,1.,32.0292347444965));
#5709=CARTESIAN_POINT('',(62.4987167949614,1.,32.2597524505454));
#5710=CARTESIAN_POINT('',(62.501863,1.,32.0292347444965));
#5711=CARTESIAN_POINT('Origin',(2.23311892888489E-5,1.,-4.65198122423516E-5));
#5712=CARTESIAN_POINT('',(-61.4983018077086,1.,-32.0227770285794));
#5713=CARTESIAN_POINT('',(-62.4983014269887,1.,-32.029736594661));
#5714=CARTESIAN_POINT('Origin',(-61.5018179540984,0.,31.9987212638588));
#5715=CARTESIAN_POINT('',(-61.4986883056969,-0.0249999999999964,-24.9854760872321));
#5716=CARTESIAN_POINT('',(-61.4983018077086,0.,-32.0227770285794));
#5717=CARTESIAN_POINT('Origin',(-61.5018179540984,0.,31.9987212638588));
#5718=CARTESIAN_POINT('',(-61.5018179540984,0.,31.9987212638588));
#5719=CARTESIAN_POINT('Origin',(-61.5018179540984,0.,31.9987212638588));
#5720=CARTESIAN_POINT('Origin',(2.23311892888489E-5,0.,-4.65198122423516E-5));
#5721=CARTESIAN_POINT('',(-57.2415070606772,0.,-37.5090385662178));
#5722=CARTESIAN_POINT('',(-57.0158104527841,0.,-37.5122));
#5723=CARTESIAN_POINT('',(-57.2391576286197,0.,-37.5091428321146));
#5724=CARTESIAN_POINT('Origin',(-56.9962992659016,0.,-32.0102731963123));
#5725=CARTESIAN_POINT('',(-57.0158107288952,0.,-37.5122713524789));
#5726=CARTESIAN_POINT('',(-57.0158107288952,0.,-37.5122713524789));
#5727=CARTESIAN_POINT('',(14.7152629690082,0.,-37.5122713524789));
#5728=CARTESIAN_POINT('Origin',(2.23311892888489E-5,0.,-4.65198122423516E-5));
#5729=CARTESIAN_POINT('',(-62.4528491239579,0.,32.7382334639425));
#5730=CARTESIAN_POINT('',(-57.2513840090571,0.,37.4850815857037));
#5731=CARTESIAN_POINT('Origin',(-57.0018371641,0.,31.98840004974));
#5732=CARTESIAN_POINT('',(-57.2530512752419,0.,37.4850571149105));
#5733=CARTESIAN_POINT('',(-57.2530512752419,0.,37.4850571149105));
#5734=CARTESIAN_POINT('Origin',(-57.0023653166378,0.,31.9890382090017));
#5735=CARTESIAN_POINT('Origin',(-57.0088073478271,0.,-36.5122713524789));
#5736=CARTESIAN_POINT('',(-57.0088073478271,0.,-36.5122713524789));
#5737=CARTESIAN_POINT('Origin',(-57.2093322559706,0.,-36.509462510003));
#5738=CARTESIAN_POINT('',(-57.2093322559706,0.,-36.509462510003));
#5739=CARTESIAN_POINT('Origin',(-56.9962992659016,0.,-32.0102731963123));
#5740=CARTESIAN_POINT('',(-61.4955351692174,0.,-32.2223199402174));
#5741=CARTESIAN_POINT('Origin',(-61.4983018077086,0.,-32.0227770285794));
#5742=CARTESIAN_POINT('Origin',(-61.4989457434389,0.,32.2043647055585));
#5743=CARTESIAN_POINT('',(-61.4989457434389,0.,32.2043647055585));
#5744=CARTESIAN_POINT('Origin',(-57.0023653166378,0.,31.9890382090017));
#5745=CARTESIAN_POINT('',(-57.2222411026413,0.,36.4853984785463));
#5746=CARTESIAN_POINT('Origin',(-57.0134485947514,0.,36.4884225873273));
#5747=CARTESIAN_POINT('',(-57.0134485947514,0.,36.4884225873273));
#5748=CARTESIAN_POINT('Origin',(57.0110661049256,0.,36.5121769277496));
#5749=CARTESIAN_POINT('',(57.0110661049256,0.,36.5121769277496));
#5750=CARTESIAN_POINT('Origin',(57.2182803485531,0.,36.5094213897305));
#5751=CARTESIAN_POINT('',(57.2182803485531,0.,36.5094213897305));
#5752=CARTESIAN_POINT('Origin',(57.001864978913,0.,32.01220236626));
#5753=CARTESIAN_POINT('',(61.4990346293453,0.,32.2296413059925));
#5754=CARTESIAN_POINT('Origin',(61.501863,0.,32.0224108466974));
#5755=CARTESIAN_POINT('Origin',(61.4990341857682,0.,-32.2244992208403));
#5756=CARTESIAN_POINT('',(61.4990341857682,0.,-32.2244992208403));
#5757=CARTESIAN_POINT('Origin',(57.00033755166,0.,-32.0108042996216));
#5758=CARTESIAN_POINT('',(57.215544754506,0.,-36.5094288432943));
#5759=CARTESIAN_POINT('Origin',(57.0127823112109,0.,-36.5122713524789));
#5760=CARTESIAN_POINT('',(57.0127823112109,0.,-36.5122713524789));
#5761=CARTESIAN_POINT('Origin',(27.0046877903365,0.,-36.5122713524789));
#5762=CARTESIAN_POINT('Origin',(57.0197914236792,0.,-37.5122713524789));
#5763=CARTESIAN_POINT('',(57.0197914236792,0.,-37.5122713524789));
#5764=CARTESIAN_POINT('',(57.0197914236792,0.,-37.5122713524789));
#5765=CARTESIAN_POINT('',(57.0197914236792,0.,-37.5122713524789));
#5766=CARTESIAN_POINT('Origin',(57.2456079440959,0.,-37.5091056501778));
#5767=CARTESIAN_POINT('',(57.2456079440959,0.,-37.5091056501778));
#5768=CARTESIAN_POINT('',(57.2456079440959,0.,-37.5091056501778));
#5769=CARTESIAN_POINT('',(57.2456079440959,0.,-37.5091056501778));
#5770=CARTESIAN_POINT('Origin',(57.00033755166,0.,-32.0108042996216));
#5771=CARTESIAN_POINT('',(57.2481078134999,0.,-37.5089935655783));
#5772=CARTESIAN_POINT('',(62.4987132312686,0.,-32.2544027249479));
#5773=CARTESIAN_POINT('Origin',(57.00033755166,0.,-32.0108042996216));
#5774=CARTESIAN_POINT('Origin',(57.00033755166,0.,-32.0108042996216));
#5775=CARTESIAN_POINT('',(62.4987132312686,0.,-32.2544027249479));
#5776=CARTESIAN_POINT('Origin',(-57.0023653166378,0.,31.9890382090017));
#5777=CARTESIAN_POINT('',(-62.4986234515621,0.,32.2344231682543));
#5778=CARTESIAN_POINT('Origin',(-57.0023653166378,0.,31.9890382090017));
#5779=CARTESIAN_POINT('',(-57.2530512752419,0.,37.4850571149105));
#5780=CARTESIAN_POINT('',(-62.4986234515621,0.,32.2344231682543));
#5781=CARTESIAN_POINT('Origin',(-56.9962992659016,0.,-32.0102731963123));
#5782=CARTESIAN_POINT('',(-62.4952202374455,0.,-32.2519663997864));
#5783=CARTESIAN_POINT('Origin',(-56.9962992659016,0.,-32.0102731963123));
#5784=CARTESIAN_POINT('',(-62.4952202374455,0.,-32.2519663997864));
#5785=CARTESIAN_POINT('',(-57.2391576286197,0.,-37.5091428321146));
#5786=CARTESIAN_POINT('Origin',(-57.0158107288952,0.,-37.5122713524789));
#5787=CARTESIAN_POINT('',(-57.0158107288952,0.,-37.5122713524789));
#5788=CARTESIAN_POINT('Origin',(14.7152629690082,0.,-37.5122713524789));
#5789=CARTESIAN_POINT('Origin',(2.23311892888489E-5,0.,-4.65198122423516E-5));
#5790=CARTESIAN_POINT('',(57.249946315442,0.,-37.5089677917783));
#5791=CARTESIAN_POINT('Origin',(2.2520596214548E-5,0.,-1.07686189476652E-5));
#5792=CARTESIAN_POINT('',(62.4986307917783,0.,-32.2602833154423));
#5793=CARTESIAN_POINT('',(62.501863,0.,-32.0297227811707));
#5794=CARTESIAN_POINT('',(57.249946315442,0.,-37.5089677917783));
#5795=CARTESIAN_POINT('Origin',(57.001864651423,0.,-32.012201651423));
#5796=CARTESIAN_POINT('',(57.249946315442,0.,-37.5089677917783));
#5797=CARTESIAN_POINT('Origin',(2.2520596214548E-5,0.,-1.07686189476652E-5));
#5798=CARTESIAN_POINT('',(-62.4985979301591,0.,32.2361955629068));
#5799=CARTESIAN_POINT('',(-62.5018179588076,0.,32.0056491816722));
#5800=CARTESIAN_POINT('Origin',(-57.0018371641,0.,31.98840004974));
#5801=CARTESIAN_POINT('Origin',(2.2520596214548E-5,0.,-1.07686189476652E-5));
#5802=CARTESIAN_POINT('',(-57.2463497229964,0.,-37.5089707328711));
#5803=CARTESIAN_POINT('',(-57.0158104527841,0.,-37.5122));
#5804=CARTESIAN_POINT('',(-62.4951049858952,0.,-32.2602788813499));
#5805=CARTESIAN_POINT('Origin',(-56.99833849664,0.,-32.012201246918));
#5806=CARTESIAN_POINT('',(-62.4951049858952,0.,-32.2602788813499));
#5807=CARTESIAN_POINT('Origin',(-12.4541117990435,-0.0499999999999903,-33.5380949419174));
#5808=CARTESIAN_POINT('',(-12.4541117990435,-3.04999999999999,-33.5380949419174));
#5809=CARTESIAN_POINT('',(-12.4541117990435,-0.0499999999999903,-33.5380949419174));
#5810=CARTESIAN_POINT('',(-12.4541117990435,-3.04999999999999,-28.4916892254785));
#5811=CARTESIAN_POINT('Origin',(-17.4541117990435,-3.04999999999999,-31.0148920836979));
#5812=CARTESIAN_POINT('',(-22.4541117990435,-3.04999999999999,-33.5380949419174));
#5813=CARTESIAN_POINT('',(-12.4541117990435,-3.04999999999999,-33.5380949419174));
#5814=CARTESIAN_POINT('',(-22.4541117990435,-3.04999999999999,-33.5380949419174));
#5815=CARTESIAN_POINT('Origin',(-22.4541117990435,-0.0499999999999903,-33.5380949419174));
#5816=CARTESIAN_POINT('',(-22.4541117990435,-0.0499999999999903,-33.5380949419174));
#5817=CARTESIAN_POINT('Origin',(-22.4541117990435,-0.0499999999999918,-28.4916892254785));
#5818=CARTESIAN_POINT('Origin',(-27.19604,-0.0499999999999903,-33.768727));
#5819=CARTESIAN_POINT('',(-27.19604,-3.04999999999999,-33.768727));
#5820=CARTESIAN_POINT('',(-27.19604,-0.0499999999999903,-33.768727));
#5821=CARTESIAN_POINT('',(-27.19604,-3.04999999999999,-22.828727));
#5822=CARTESIAN_POINT('Origin',(-32.60604,-3.04999999999999,-28.298727));
#5823=CARTESIAN_POINT('',(-38.01604,-3.04999999999999,-33.768727));
#5824=CARTESIAN_POINT('',(-27.19604,-3.04999999999999,-33.768727));
#5825=CARTESIAN_POINT('',(-38.01604,-3.04999999999999,-33.768727));
#5826=CARTESIAN_POINT('Origin',(-38.01604,-0.0499999999999903,-33.768727));
#5827=CARTESIAN_POINT('',(-38.01604,-0.0499999999999903,-33.768727));
#5828=CARTESIAN_POINT('Origin',(-38.01604,-0.0499999999999934,-22.828727));
#5829=CARTESIAN_POINT('Origin',(-53.5000007972121,-0.0499999999999928,-24.9854760872321));
#5830=CARTESIAN_POINT('',(-62.4986879299161,-3.04999999999999,-24.9854760872321));
#5831=CARTESIAN_POINT('',(-62.4986879299161,-0.0249999999999964,-24.9854760872321));
#5832=CARTESIAN_POINT('',(-48.4609592428784,-3.04999999999999,-24.9854760872321));
#5833=CARTESIAN_POINT('Origin',(-50.9804800200453,-3.04999999999999,-10.2872782788549));
#5834=CARTESIAN_POINT('',(-62.500355715665,-3.05,5.3813319612332));
#5835=CARTESIAN_POINT('',(-62.5008068994811,-3.05,13.5964233480358));
#5836=CARTESIAN_POINT('Origin',(-4.386039730831,0.,-27.201900269169));
#5837=CARTESIAN_POINT('Origin',(-48.38604026916,0.,-27.201900269169));
#5838=CARTESIAN_POINT('Origin',(57.001864978913,0.,32.01220236626));
#5839=CARTESIAN_POINT('',(62.4987167949614,0.,32.2597524505454));
#5840=CARTESIAN_POINT('',(57.2480995600546,0.,37.5091132681098));
#5841=CARTESIAN_POINT('Origin',(62.501863,0.,32.0292347444965));
#5842=CARTESIAN_POINT('',(62.501863,0.,32.0292347444965));
#5843=CARTESIAN_POINT('Origin',(62.501863,0.,-32.0297227811707));
#5844=CARTESIAN_POINT('',(62.501863,0.,-32.0297227811707));
#5845=CARTESIAN_POINT('Origin',(62.4986307917783,0.,-32.2602833154423));
#5846=CARTESIAN_POINT('',(62.4986307917783,0.,-32.2602833154423));
#5847=CARTESIAN_POINT('Origin',(57.001864651423,0.,-32.012201651423));
#5848=CARTESIAN_POINT('',(57.249946315442,0.,-37.5089677917783));
#5849=CARTESIAN_POINT('Origin',(57.0193857811707,0.,-37.5122));
#5850=CARTESIAN_POINT('Origin',(-57.2463497229964,0.,-37.5089707328711));
#5851=CARTESIAN_POINT('',(-57.2463497229964,0.,-37.5089707328711));
#5852=CARTESIAN_POINT('Origin',(-56.99833849664,0.,-32.012201246918));
#5853=CARTESIAN_POINT('',(-62.4951049858952,0.,-32.2602788813499));
#5854=CARTESIAN_POINT('Origin',(-62.4983010481987,0.,-32.0297639153209));
#5855=CARTESIAN_POINT('',(-62.4983010481987,0.,-32.0297639153209));
#5856=CARTESIAN_POINT('',(-62.4983010481987,0.,-32.0297639153209));
#5857=CARTESIAN_POINT('',(-62.4983014269887,0.,-32.029736594661));
#5858=CARTESIAN_POINT('',(-62.4983010481987,0.,-32.0297639153209));
#5859=CARTESIAN_POINT('',(-62.4983014269887,0.,-32.029736594661));
#5860=CARTESIAN_POINT('Origin',(-62.5018179588076,0.,32.0056491816722));
#5861=CARTESIAN_POINT('',(-62.5018179588076,0.,32.0056491816722));
#5862=CARTESIAN_POINT('',(-62.5018179588076,0.,32.0056491816722));
#5863=CARTESIAN_POINT('',(-62.5018183376214,0.,32.0056769365043));
#5864=CARTESIAN_POINT('',(-62.5018179588076,0.,32.0056491816722));
#5865=CARTESIAN_POINT('',(-62.5018183376214,0.,32.0056769365043));
#5866=CARTESIAN_POINT('Origin',(-62.4985979301591,0.,32.2361955629068));
#5867=CARTESIAN_POINT('',(-62.4985979301591,0.,32.2361955629068));
#5868=CARTESIAN_POINT('Origin',(-57.0018371641,0.,31.98840004974));
#5869=CARTESIAN_POINT('',(-57.2513840090571,0.,37.4850815857037));
#5870=CARTESIAN_POINT('Origin',(-57.0208061941332,0.,37.4884212284997));
#5871=CARTESIAN_POINT('',(-57.0208061941332,0.,37.4884212284997));
#5872=CARTESIAN_POINT('',(-57.0208061941332,0.,37.4884212284997));
#5873=CARTESIAN_POINT('',(-57.0207942724047,0.,37.4884210787272));
#5874=CARTESIAN_POINT('Origin',(57.0175993863984,0.,37.5121784627621));
#5875=CARTESIAN_POINT('',(57.0175993863984,0.,37.5121784627621));
#5876=CARTESIAN_POINT('',(57.0175993863984,0.,37.5121784627621));
#5877=CARTESIAN_POINT('',(57.0176106593386,0.,37.5121783128544));
#5878=CARTESIAN_POINT('Origin',(57.2480995600546,0.,37.5091132681098));
#5879=UNCERTAINTY_MEASURE_WITH_UNIT(LENGTH_MEASURE(0.01),#5883,
'DISTANCE_ACCURACY_VALUE',
'Maximum model space distance between geometric entities at asserted c
onnectivities');
#5880=UNCERTAINTY_MEASURE_WITH_UNIT(LENGTH_MEASURE(0.01),#5883,
'DISTANCE_ACCURACY_VALUE',
'Maximum model space distance between geometric entities at asserted c
onnectivities');
#5881=(
GEOMETRIC_REPRESENTATION_CONTEXT(3)
GLOBAL_UNCERTAINTY_ASSIGNED_CONTEXT((#5879))
GLOBAL_UNIT_ASSIGNED_CONTEXT((#5883,#5885,#5886))
REPRESENTATION_CONTEXT('','3D')
);
#5882=(
GEOMETRIC_REPRESENTATION_CONTEXT(3)
GLOBAL_UNCERTAINTY_ASSIGNED_CONTEXT((#5880))
GLOBAL_UNIT_ASSIGNED_CONTEXT((#5883,#5885,#5886))
REPRESENTATION_CONTEXT('','3D')
);
#5883=(
LENGTH_UNIT()
NAMED_UNIT(*)
SI_UNIT(.MILLI.,.METRE.)
);
#5884=(
LENGTH_UNIT()
NAMED_UNIT(*)
SI_UNIT($,.METRE.)
);
#5885=(
NAMED_UNIT(*)
PLANE_ANGLE_UNIT()
SI_UNIT($,.RADIAN.)
);
#5886=(
NAMED_UNIT(*)
SI_UNIT($,.STERADIAN.)
SOLID_ANGLE_UNIT()
);
#5887=SHAPE_DEFINITION_REPRESENTATION(#5888,#5889);
#5888=PRODUCT_DEFINITION_SHAPE('',$,#5891);
#5889=SHAPE_REPRESENTATION('',(#3561),#5881);
#5890=PRODUCT_DEFINITION_CONTEXT('part definition',#5895,'design');
#5891=PRODUCT_DEFINITION('2026-09-01-18-10-12-313','TEMP_STEP_EXPORT',#5892,
#5890);
#5892=PRODUCT_DEFINITION_FORMATION('',$,#5897);
#5893=PRODUCT_RELATED_PRODUCT_CATEGORY('TEMP_STEP_EXPORT',
'TEMP_STEP_EXPORT',(#5897));
#5894=APPLICATION_PROTOCOL_DEFINITION('international standard',
'automotive_design',2009,#5895);
#5895=APPLICATION_CONTEXT(
'Core Data for Automotive Mechanical Design Process');
#5896=PRODUCT_CONTEXT('part definition',#5895,'mechanical');
#5897=PRODUCT('2026-09-01-18-10-12-313','TEMP_STEP_EXPORT',$,(#5896));
#5898=PRESENTATION_STYLE_ASSIGNMENT((#5899));
#5899=SURFACE_STYLE_USAGE(.BOTH.,#5900);
#5900=SURFACE_SIDE_STYLE('',(#5901));
#5901=SURFACE_STYLE_FILL_AREA(#5902);
#5902=FILL_AREA_STYLE('Steel - Satin',(#5903));
#5903=FILL_AREA_STYLE_COLOUR('Steel - Satin',#5904);
#5904=COLOUR_RGB('Steel - Satin',0.627450980392157,0.627450980392157,0.627450980392157);
ENDSEC;
END-ISO-10303-21;
