ISO-10303-21;
HEADER;
/* Generated by software containing ST-Developer
 * from STEP Tools, Inc. (www.steptools.com) 
 */

FILE_DESCRIPTION(
/* description */ (''),
/* implementation_level */ '2;1');

FILE_NAME(
/* name */ 'top.step',
/* time_stamp */ '2026-09-01T18:10:06+05:30',
/* author */ (''),
/* organization */ (''),
/* preprocessor_version */ 'ST-DEVELOPER v20.1',
/* originating_system */ 'Autodesk Translation Framework v15.8.0.0',
/* authorisation */ '');

FILE_SCHEMA (('AUTOMOTIVE_DESIGN { 1 0 10303 214 3 1 1 }'));
ENDSEC;

DATA;
#10=MECHANICAL_DESIGN_GEOMETRIC_PRESENTATION_REPRESENTATION('',(#13),#8379);
#11=SHAPE_REPRESENTATION_RELATIONSHIP('SRR','None',#8386,#12);
#12=ADVANCED_BREP_SHAPE_REPRESENTATION('',(#14),#8378);
#13=STYLED_ITEM('',(#8395),#14);
#14=MANIFOLD_SOLID_BREP('TOP',#4620);
#15=(
BOUNDED_SURFACE()
B_SPLINE_SURFACE(1,2,((#7868,#7869,#7870),(#7871,#7872,#7873)),
 .UNSPECIFIED.,.F.,.F.,.F.)
B_SPLINE_SURFACE_WITH_KNOTS((2,2),(3,3),(-2.11111111111198,-6.21724893790088E-15),
(-1.5707963267949,1.52614632075573E-15),.UNSPECIFIED.)
GEOMETRIC_REPRESENTATION_ITEM()
RATIONAL_B_SPLINE_SURFACE(((1.,0.707106781186546,1.),(1.,0.707106781186546,
1.)))
REPRESENTATION_ITEM('')
SURFACE()
);
#16=(
BOUNDED_SURFACE()
B_SPLINE_SURFACE(1,2,((#7877,#7878,#7879),(#7880,#7881,#7882)),
 .UNSPECIFIED.,.F.,.F.,.F.)
B_SPLINE_SURFACE_WITH_KNOTS((2,2),(3,3),(-2.11111111111037,-3.5527136788005E-15),
(2.08558334882935E-16,1.5707963267949),.UNSPECIFIED.)
GEOMETRIC_REPRESENTATION_ITEM()
RATIONAL_B_SPLINE_SURFACE(((1.,0.707106781186547,1.),(1.,0.707106781186547,
1.)))
REPRESENTATION_ITEM('')
SURFACE()
);
#17=(
BOUNDED_SURFACE()
B_SPLINE_SURFACE(1,2,((#7886,#7887,#7888),(#7889,#7890,#7891)),
 .UNSPECIFIED.,.F.,.F.,.F.)
B_SPLINE_SURFACE_WITH_KNOTS((2,2),(3,3),(-2.11111111111198,-6.21724893790088E-15),
(-7.73077560647745E-16,1.5707963267949),.UNSPECIFIED.)
GEOMETRIC_REPRESENTATION_ITEM()
RATIONAL_B_SPLINE_SURFACE(((1.,0.707106781186547,1.),(1.,0.707106781186547,
1.)))
REPRESENTATION_ITEM('')
SURFACE()
);
#18=(
BOUNDED_SURFACE()
B_SPLINE_SURFACE(1,2,((#7895,#7896,#7897),(#7898,#7899,#7900)),
 .UNSPECIFIED.,.F.,.F.,.F.)
B_SPLINE_SURFACE_WITH_KNOTS((2,2),(3,3),(-2.11111111111037,-3.5527136788005E-15),
(-1.5707963267949,9.07096996059884E-16),.UNSPECIFIED.)
GEOMETRIC_REPRESENTATION_ITEM()
RATIONAL_B_SPLINE_SURFACE(((1.,0.707106781186546,1.),(1.,0.707106781186546,
1.)))
REPRESENTATION_ITEM('')
SURFACE()
);
#19=TOROIDAL_SURFACE('',#4804,4.50234327678967,1.);
#20=TOROIDAL_SURFACE('',#4810,4.50236170658601,1.);
#21=TOROIDAL_SURFACE('',#4816,4.50236153971899,1.);
#22=TOROIDAL_SURFACE('',#4822,4.50242318727165,1.);
#23=TOROIDAL_SURFACE('',#4876,6.9,2.5);
#24=TOROIDAL_SURFACE('',#4899,6.7,2.5);
#25=TOROIDAL_SURFACE('',#4903,6.9,2.5);
#26=TOROIDAL_SURFACE('',#4907,6.9,2.5);
#27=B_SPLINE_SURFACE_WITH_KNOTS('',3,1,((#6716,#6717),(#6718,#6719),(#6720,
#6721),(#6722,#6723),(#6724,#6725)),.UNSPECIFIED.,.F.,.F.,.F.,(4,1,4),(2,
2),(-0.0683659476273144,-0.039259591066193,0.),(0.,0.04),.UNSPECIFIED.);
#28=B_SPLINE_SURFACE_WITH_KNOTS('',3,1,((#6742,#6743),(#6744,#6745),(#6746,
#6747),(#6748,#6749),(#6750,#6751)),.UNSPECIFIED.,.F.,.F.,.F.,(4,1,4),(2,
2),(-0.0514443157136075,-0.0249354873955221,0.),(0.,0.04),.UNSPECIFIED.);
#29=B_SPLINE_SURFACE_WITH_KNOTS('',3,1,((#6765,#6766),(#6767,#6768),(#6769,
#6770),(#6771,#6772),(#6773,#6774)),.UNSPECIFIED.,.F.,.F.,.F.,(4,1,4),(2,
2),(-0.0514896455270519,-0.0269425697546738,0.),(0.,0.04),.UNSPECIFIED.);
#30=B_SPLINE_SURFACE_WITH_KNOTS('',3,1,((#6788,#6789),(#6790,#6791),(#6792,
#6793),(#6794,#6795),(#6796,#6797)),.UNSPECIFIED.,.F.,.F.,.F.,(4,1,4),(2,
2),(-0.0726237135087683,-0.0298116787750198,0.),(0.,0.04),.UNSPECIFIED.);
#31=B_SPLINE_SURFACE_WITH_KNOTS('',3,1,((#6811,#6812),(#6813,#6814),(#6815,
#6816),(#6817,#6818),(#6819,#6820)),.UNSPECIFIED.,.F.,.F.,.F.,(4,1,4),(2,
2),(-0.0651616350821999,-0.0368814903157749,0.),(0.,0.04),.UNSPECIFIED.);
#32=B_SPLINE_SURFACE_WITH_KNOTS('',3,1,((#6834,#6835),(#6836,#6837),(#6838,
#6839),(#6840,#6841),(#6842,#6843)),.UNSPECIFIED.,.F.,.F.,.F.,(4,1,4),(2,
2),(-0.0515354530314926,-0.0248852568184261,0.),(0.,0.04),.UNSPECIFIED.);
#33=B_SPLINE_SURFACE_WITH_KNOTS('',3,1,((#6857,#6858),(#6859,#6860),(#6861,
#6862),(#6863,#6864),(#6865,#6866)),.UNSPECIFIED.,.F.,.F.,.F.,(4,1,4),(2,
2),(-0.0504860835564466,-0.0257554441900547,0.),(0.,0.04),.UNSPECIFIED.);
#34=B_SPLINE_SURFACE_WITH_KNOTS('',3,1,((#6880,#6881),(#6882,#6883),(#6884,
#6885),(#6886,#6887),(#6888,#6889)),.UNSPECIFIED.,.F.,.F.,.F.,(4,1,4),(2,
2),(-0.0688353869940916,-0.0292651503553554,0.),(0.,0.04),.UNSPECIFIED.);
#35=B_SPLINE_SURFACE_WITH_KNOTS('',3,1,((#6900,#6901),(#6902,#6903),(#6904,
#6905),(#6906,#6907),(#6908,#6909)),.UNSPECIFIED.,.F.,.F.,.F.,(4,1,4),(2,
2),(-0.124000578896277,-0.0661272150660543,0.),(0.,0.04),.UNSPECIFIED.);
#36=B_SPLINE_SURFACE_WITH_KNOTS('',3,1,((#6926,#6927),(#6928,#6929),(#6930,
#6931),(#6932,#6933),(#6934,#6935)),.UNSPECIFIED.,.F.,.F.,.F.,(4,1,4),(2,
2),(-0.123610570203881,-0.0577865663958905,0.),(0.,0.04),.UNSPECIFIED.);
#37=B_SPLINE_SURFACE_WITH_KNOTS('',3,1,((#6949,#6950),(#6951,#6952),(#6953,
#6954),(#6955,#6956),(#6957,#6958)),.UNSPECIFIED.,.F.,.F.,.F.,(4,1,4),(2,
2),(-0.124738386128387,-0.0670643959573142,0.),(0.,0.04),.UNSPECIFIED.);
#38=B_SPLINE_SURFACE_WITH_KNOTS('',3,1,((#6972,#6973),(#6974,#6975),(#6976,
#6977),(#6978,#6979),(#6980,#6981)),.UNSPECIFIED.,.F.,.F.,.F.,(4,1,4),(2,
2),(-0.122124600788976,-0.056973485970821,0.),(0.,0.04),.UNSPECIFIED.);
#39=B_SPLINE_SURFACE_WITH_KNOTS('',3,1,((#6995,#6996),(#6997,#6998),(#6999,
#7000),(#7001,#7002),(#7003,#7004)),.UNSPECIFIED.,.F.,.F.,.F.,(4,1,4),(2,
2),(-0.0888151565578988,-0.0480917872414008,0.),(0.,0.04),.UNSPECIFIED.);
#40=B_SPLINE_SURFACE_WITH_KNOTS('',3,1,((#7018,#7019),(#7020,#7021),(#7022,
#7023),(#7024,#7025),(#7026,#7027)),.UNSPECIFIED.,.F.,.F.,.F.,(4,1,4),(2,
2),(-0.0740244962725253,-0.0368612280861814,0.),(0.,0.04),.UNSPECIFIED.);
#41=B_SPLINE_SURFACE_WITH_KNOTS('',3,1,((#7041,#7042),(#7043,#7044),(#7045,
#7046),(#7047,#7048),(#7049,#7050)),.UNSPECIFIED.,.F.,.F.,.F.,(4,1,4),(2,
2),(-0.0860403360723926,-0.0400164540724779,0.),(0.,0.04),.UNSPECIFIED.);
#42=B_SPLINE_SURFACE_WITH_KNOTS('',3,1,((#7064,#7065),(#7066,#7067),(#7068,
#7069),(#7070,#7071),(#7072,#7073)),.UNSPECIFIED.,.F.,.F.,.F.,(4,1,4),(2,
2),(-0.0861836911423388,-0.0465775358334414,0.),(0.,0.04),.UNSPECIFIED.);
#43=B_SPLINE_SURFACE_WITH_KNOTS('',3,1,((#7087,#7088),(#7089,#7090),(#7091,
#7092),(#7093,#7094),(#7095,#7096)),.UNSPECIFIED.,.F.,.F.,.F.,(4,1,4),(2,
2),(-0.0750845701738799,-0.0365722861873148,0.),(0.,0.04),.UNSPECIFIED.);
#44=B_SPLINE_SURFACE_WITH_KNOTS('',3,1,((#7110,#7111),(#7112,#7113),(#7114,
#7115),(#7116,#7117),(#7118,#7119)),.UNSPECIFIED.,.F.,.F.,.F.,(4,1,4),(2,
2),(-0.0908016767805425,-0.0423330969935717,0.),(0.,0.04),.UNSPECIFIED.);
#45=CYLINDRICAL_SURFACE('',#4681,2.26494588774255);
#46=CYLINDRICAL_SURFACE('',#4685,2.26494588774254);
#47=CYLINDRICAL_SURFACE('',#4688,2.28);
#48=CYLINDRICAL_SURFACE('',#4691,2.28);
#49=CYLINDRICAL_SURFACE('',#4694,2.1);
#50=CYLINDRICAL_SURFACE('',#4701,2.1);
#51=CYLINDRICAL_SURFACE('',#4708,2.1);
#52=CYLINDRICAL_SURFACE('',#4715,2.1);
#53=CYLINDRICAL_SURFACE('',#4722,1.9);
#54=CYLINDRICAL_SURFACE('',#4724,1.9);
#55=CYLINDRICAL_SURFACE('',#4726,1.9);
#56=CYLINDRICAL_SURFACE('',#4728,1.9);
#57=CYLINDRICAL_SURFACE('',#4754,1.9);
#58=CYLINDRICAL_SURFACE('',#4758,1.9);
#59=CYLINDRICAL_SURFACE('',#4762,1.9);
#60=CYLINDRICAL_SURFACE('',#4766,1.9);
#61=CYLINDRICAL_SURFACE('',#4771,1.9);
#62=CYLINDRICAL_SURFACE('',#4775,1.9);
#63=CYLINDRICAL_SURFACE('',#4779,1.9);
#64=CYLINDRICAL_SURFACE('',#4782,1.9);
#65=CYLINDRICAL_SURFACE('',#4792,1.08);
#66=CYLINDRICAL_SURFACE('',#4795,1.08);
#67=CYLINDRICAL_SURFACE('',#4807,1.);
#68=CYLINDRICAL_SURFACE('',#4808,1.);
#69=CYLINDRICAL_SURFACE('',#4809,1.);
#70=CYLINDRICAL_SURFACE('',#4813,1.);
#71=CYLINDRICAL_SURFACE('',#4814,1.);
#72=CYLINDRICAL_SURFACE('',#4815,1.);
#73=CYLINDRICAL_SURFACE('',#4819,1.);
#74=CYLINDRICAL_SURFACE('',#4820,1.);
#75=CYLINDRICAL_SURFACE('',#4821,1.);
#76=CYLINDRICAL_SURFACE('',#4825,1.);
#77=CYLINDRICAL_SURFACE('',#4826,1.);
#78=CYLINDRICAL_SURFACE('',#4827,1.);
#79=CYLINDRICAL_SURFACE('',#4828,5.50234327678967);
#80=CYLINDRICAL_SURFACE('',#4837,5.50236170658601);
#81=CYLINDRICAL_SURFACE('',#4855,4.50422996030243);
#82=CYLINDRICAL_SURFACE('',#4858,4.50173311456927);
#83=CYLINDRICAL_SURFACE('',#4862,4.50242318727165);
#84=CYLINDRICAL_SURFACE('',#4866,4.50376919092119);
#85=CYLINDRICAL_SURFACE('',#4871,7.24999999513454);
#86=CYLINDRICAL_SURFACE('',#4897,4.4);
#87=CYLINDRICAL_SURFACE('',#4901,4.2);
#88=CYLINDRICAL_SURFACE('',#4905,4.4);
#89=CYLINDRICAL_SURFACE('',#4909,4.4);
#90=CYLINDRICAL_SURFACE('',#4912,1.06494588774254);
#91=CYLINDRICAL_SURFACE('',#4913,1.06494588774255);
#92=CYLINDRICAL_SURFACE('',#4915,4.4);
#93=CYLINDRICAL_SURFACE('',#4917,3.00245115312598);
#94=CYLINDRICAL_SURFACE('',#4920,4.4);
#95=CYLINDRICAL_SURFACE('',#4923,1.575);
#96=CYLINDRICAL_SURFACE('',#4933,1.575);
#97=CYLINDRICAL_SURFACE('',#4935,3.002364764594);
#98=CYLINDRICAL_SURFACE('',#4937,4.4);
#99=CYLINDRICAL_SURFACE('',#4939,3.002364764594);
#100=CYLINDRICAL_SURFACE('',#4946,1.575);
#101=CYLINDRICAL_SURFACE('',#4948,4.2);
#102=CYLINDRICAL_SURFACE('',#4956,1.575);
#103=CYLINDRICAL_SURFACE('',#4958,3.00246929390899);
#104=CYLINDRICAL_SURFACE('',#4960,4.4);
#105=CYLINDRICAL_SURFACE('',#4962,3.00246929390899);
#106=CYLINDRICAL_SURFACE('',#4980,0.900000000000696);
#107=CYLINDRICAL_SURFACE('',#4982,0.940274258626818);
#108=CYLINDRICAL_SURFACE('',#4984,0.941918295480743);
#109=CYLINDRICAL_SURFACE('',#4986,0.900000000000265);
#110=CYLINDRICAL_SURFACE('',#4988,3.60236153971899);
#111=CYLINDRICAL_SURFACE('',#4992,3.602361706586);
#112=CYLINDRICAL_SURFACE('',#4995,3.60234327678967);
#113=CYLINDRICAL_SURFACE('',#4999,3.60242318727165);
#114=CYLINDRICAL_SURFACE('',#5002,5.50236153971899);
#115=CYLINDRICAL_SURFACE('',#5006,5.50242318727165);
#116=B_SPLINE_CURVE_WITH_KNOTS('',3,(#6424,#6425,#6426,#6427,#6428,#6429,
#6430,#6431,#6432,#6433),.UNSPECIFIED.,.F.,.F.,(4,2,2,2,4),(0.,0.12787023045033,
0.25574046090066,0.38361069135099,0.51148092180132),.UNSPECIFIED.);
#117=B_SPLINE_CURVE_WITH_KNOTS('',3,(#6436,#6437,#6438,#6439),
 .UNSPECIFIED.,.F.,.F.,(4,4),(0.,0.139899004655074),.UNSPECIFIED.);
#118=B_SPLINE_CURVE_WITH_KNOTS('',3,(#6450,#6451,#6452,#6453),
 .UNSPECIFIED.,.F.,.F.,(4,4),(0.,0.139899005224561),.UNSPECIFIED.);
#119=B_SPLINE_CURVE_WITH_KNOTS('',3,(#6728,#6729,#6730,#6731,#6732),
 .UNSPECIFIED.,.F.,.F.,(4,1,4),(0.,0.039259591066193,0.0683659476273144),
 .UNSPECIFIED.);
#120=B_SPLINE_CURVE_WITH_KNOTS('',3,(#6736,#6737,#6738,#6739,#6740),
 .UNSPECIFIED.,.F.,.F.,(4,1,4),(-0.0683659476273144,-0.039259591066193,
0.),.UNSPECIFIED.);
#121=B_SPLINE_CURVE_WITH_KNOTS('',3,(#6753,#6754,#6755,#6756,#6757),
 .UNSPECIFIED.,.F.,.F.,(4,1,4),(0.,0.0249354873955221,0.0514443157136075),
 .UNSPECIFIED.);
#122=B_SPLINE_CURVE_WITH_KNOTS('',3,(#6759,#6760,#6761,#6762,#6763),
 .UNSPECIFIED.,.F.,.F.,(4,1,4),(-0.0514443157136075,-0.0249354873955221,
0.),.UNSPECIFIED.);
#123=B_SPLINE_CURVE_WITH_KNOTS('',3,(#6776,#6777,#6778,#6779,#6780),
 .UNSPECIFIED.,.F.,.F.,(4,1,4),(0.,0.0269425697546738,0.0514896455270519),
 .UNSPECIFIED.);
#124=B_SPLINE_CURVE_WITH_KNOTS('',3,(#6782,#6783,#6784,#6785,#6786),
 .UNSPECIFIED.,.F.,.F.,(4,1,4),(-0.0514896455270519,-0.0269425697546738,
0.),.UNSPECIFIED.);
#125=B_SPLINE_CURVE_WITH_KNOTS('',3,(#6799,#6800,#6801,#6802,#6803),
 .UNSPECIFIED.,.F.,.F.,(4,1,4),(0.,0.0298116787750198,0.0726237135087683),
 .UNSPECIFIED.);
#126=B_SPLINE_CURVE_WITH_KNOTS('',3,(#6805,#6806,#6807,#6808,#6809),
 .UNSPECIFIED.,.F.,.F.,(4,1,4),(-0.0726237135087683,-0.0298116787750198,
0.),.UNSPECIFIED.);
#127=B_SPLINE_CURVE_WITH_KNOTS('',3,(#6822,#6823,#6824,#6825,#6826),
 .UNSPECIFIED.,.F.,.F.,(4,1,4),(0.,0.0368814903157749,0.0651616350821999),
 .UNSPECIFIED.);
#128=B_SPLINE_CURVE_WITH_KNOTS('',3,(#6828,#6829,#6830,#6831,#6832),
 .UNSPECIFIED.,.F.,.F.,(4,1,4),(-0.0651616350821999,-0.0368814903157749,
0.),.UNSPECIFIED.);
#129=B_SPLINE_CURVE_WITH_KNOTS('',3,(#6845,#6846,#6847,#6848,#6849),
 .UNSPECIFIED.,.F.,.F.,(4,1,4),(0.,0.0248852568184261,0.0515354530314926),
 .UNSPECIFIED.);
#130=B_SPLINE_CURVE_WITH_KNOTS('',3,(#6851,#6852,#6853,#6854,#6855),
 .UNSPECIFIED.,.F.,.F.,(4,1,4),(-0.0515354530314926,-0.0248852568184261,
0.),.UNSPECIFIED.);
#131=B_SPLINE_CURVE_WITH_KNOTS('',3,(#6868,#6869,#6870,#6871,#6872),
 .UNSPECIFIED.,.F.,.F.,(4,1,4),(0.,0.0257554441900547,0.0504860835564466),
 .UNSPECIFIED.);
#132=B_SPLINE_CURVE_WITH_KNOTS('',3,(#6874,#6875,#6876,#6877,#6878),
 .UNSPECIFIED.,.F.,.F.,(4,1,4),(-0.0504860835564466,-0.0257554441900547,
0.),.UNSPECIFIED.);
#133=B_SPLINE_CURVE_WITH_KNOTS('',3,(#6890,#6891,#6892,#6893,#6894),
 .UNSPECIFIED.,.F.,.F.,(4,1,4),(0.,0.0292651503553554,0.0688353869940916),
 .UNSPECIFIED.);
#134=B_SPLINE_CURVE_WITH_KNOTS('',3,(#6895,#6896,#6897,#6898,#6899),
 .UNSPECIFIED.,.F.,.F.,(4,1,4),(-0.0688353869940916,-0.0292651503553554,
0.),.UNSPECIFIED.);
#135=B_SPLINE_CURVE_WITH_KNOTS('',3,(#6912,#6913,#6914,#6915,#6916),
 .UNSPECIFIED.,.F.,.F.,(4,1,4),(0.,0.0661272150660543,0.124000578896277),
 .UNSPECIFIED.);
#136=B_SPLINE_CURVE_WITH_KNOTS('',3,(#6920,#6921,#6922,#6923,#6924),
 .UNSPECIFIED.,.F.,.F.,(4,1,4),(-0.124000578896277,-0.0661272150660543,
0.),.UNSPECIFIED.);
#137=B_SPLINE_CURVE_WITH_KNOTS('',3,(#6937,#6938,#6939,#6940,#6941),
 .UNSPECIFIED.,.F.,.F.,(4,1,4),(0.,0.0577865663958905,0.123610570203881),
 .UNSPECIFIED.);
#138=B_SPLINE_CURVE_WITH_KNOTS('',3,(#6943,#6944,#6945,#6946,#6947),
 .UNSPECIFIED.,.F.,.F.,(4,1,4),(-0.123610570203881,-0.0577865663958905,
0.),.UNSPECIFIED.);
#139=B_SPLINE_CURVE_WITH_KNOTS('',3,(#6960,#6961,#6962,#6963,#6964),
 .UNSPECIFIED.,.F.,.F.,(4,1,4),(0.,0.0670643959573142,0.124738386128387),
 .UNSPECIFIED.);
#140=B_SPLINE_CURVE_WITH_KNOTS('',3,(#6966,#6967,#6968,#6969,#6970),
 .UNSPECIFIED.,.F.,.F.,(4,1,4),(-0.124738386128387,-0.0670643959573142,
0.),.UNSPECIFIED.);
#141=B_SPLINE_CURVE_WITH_KNOTS('',3,(#6983,#6984,#6985,#6986,#6987),
 .UNSPECIFIED.,.F.,.F.,(4,1,4),(0.,0.056973485970821,0.122124600788976),
 .UNSPECIFIED.);
#142=B_SPLINE_CURVE_WITH_KNOTS('',3,(#6989,#6990,#6991,#6992,#6993),
 .UNSPECIFIED.,.F.,.F.,(4,1,4),(-0.122124600788976,-0.056973485970821,0.),
 .UNSPECIFIED.);
#143=B_SPLINE_CURVE_WITH_KNOTS('',3,(#7006,#7007,#7008,#7009,#7010),
 .UNSPECIFIED.,.F.,.F.,(4,1,4),(0.,0.0480917872414008,0.0888151565578988),
 .UNSPECIFIED.);
#144=B_SPLINE_CURVE_WITH_KNOTS('',3,(#7012,#7013,#7014,#7015,#7016),
 .UNSPECIFIED.,.F.,.F.,(4,1,4),(-0.0888151565578988,-0.0480917872414008,
0.),.UNSPECIFIED.);
#145=B_SPLINE_CURVE_WITH_KNOTS('',3,(#7029,#7030,#7031,#7032,#7033),
 .UNSPECIFIED.,.F.,.F.,(4,1,4),(0.,0.0368612280861814,0.0740244962725253),
 .UNSPECIFIED.);
#146=B_SPLINE_CURVE_WITH_KNOTS('',3,(#7035,#7036,#7037,#7038,#7039),
 .UNSPECIFIED.,.F.,.F.,(4,1,4),(-0.0740244962725253,-0.0368612280861814,
0.),.UNSPECIFIED.);
#147=B_SPLINE_CURVE_WITH_KNOTS('',3,(#7052,#7053,#7054,#7055,#7056),
 .UNSPECIFIED.,.F.,.F.,(4,1,4),(0.,0.0400164540724779,0.0860403360723926),
 .UNSPECIFIED.);
#148=B_SPLINE_CURVE_WITH_KNOTS('',3,(#7058,#7059,#7060,#7061,#7062),
 .UNSPECIFIED.,.F.,.F.,(4,1,4),(-0.0860403360723926,-0.0400164540724779,
0.),.UNSPECIFIED.);
#149=B_SPLINE_CURVE_WITH_KNOTS('',3,(#7075,#7076,#7077,#7078,#7079),
 .UNSPECIFIED.,.F.,.F.,(4,1,4),(0.,0.0465775358334414,0.0861836911423388),
 .UNSPECIFIED.);
#150=B_SPLINE_CURVE_WITH_KNOTS('',3,(#7081,#7082,#7083,#7084,#7085),
 .UNSPECIFIED.,.F.,.F.,(4,1,4),(-0.0861836911423388,-0.0465775358334414,
0.),.UNSPECIFIED.);
#151=B_SPLINE_CURVE_WITH_KNOTS('',3,(#7098,#7099,#7100,#7101,#7102),
 .UNSPECIFIED.,.F.,.F.,(4,1,4),(0.,0.0365722861873148,0.0750845701738799),
 .UNSPECIFIED.);
#152=B_SPLINE_CURVE_WITH_KNOTS('',3,(#7104,#7105,#7106,#7107,#7108),
 .UNSPECIFIED.,.F.,.F.,(4,1,4),(-0.0750845701738799,-0.0365722861873148,
0.),.UNSPECIFIED.);
#153=B_SPLINE_CURVE_WITH_KNOTS('',3,(#7120,#7121,#7122,#7123,#7124),
 .UNSPECIFIED.,.F.,.F.,(4,1,4),(0.,0.0423330969935717,0.0908016767805425),
 .UNSPECIFIED.);
#154=B_SPLINE_CURVE_WITH_KNOTS('',3,(#7125,#7126,#7127,#7128,#7129),
 .UNSPECIFIED.,.F.,.F.,(4,1,4),(-0.0908016767805425,-0.0423330969935717,
0.),.UNSPECIFIED.);
#155=B_SPLINE_CURVE_WITH_KNOTS('',3,(#7284,#7285,#7286,#7287,#7288,#7289,
#7290,#7291,#7292,#7293,#7294,#7295),.UNSPECIFIED.,.F.,.F.,(4,2,2,2,2,4),
(-0.00117979467199435,0.,0.0392123398822953,0.0782799032774661,0.117342528602362,
0.156402788216341),.UNSPECIFIED.);
#156=B_SPLINE_CURVE_WITH_KNOTS('',3,(#7298,#7299,#7300,#7301,#7302,#7303,
#7304,#7305,#7306,#7307,#7308,#7309),.UNSPECIFIED.,.F.,.F.,(4,2,2,2,2,4),
(-0.157581455866108,-0.156398170085815,-0.117189777870727,-0.0781224898408304,
-0.0390600771012635,0.),.UNSPECIFIED.);
#157=B_SPLINE_CURVE_WITH_KNOTS('',3,(#7314,#7315,#7316,#7317,#7318,#7319,
#7320,#7321,#7322,#7323,#7324,#7325,#7326,#7327,#7328,#7329,#7330,#7331,
#7332,#7333,#7334,#7335,#7336,#7337,#7338,#7339,#7340,#7341,#7342,#7343,
#7344,#7345,#7346,#7347,#7348,#7349,#7350),.UNSPECIFIED.,.F.,.F.,(4,3,3,
3,3,3,3,3,3,3,3,3,4),(0.,0.133019574672533,0.266033949518344,0.39904358489346,
0.532048940980571,0.665092540966263,0.798122691469236,0.931141236368035,
1.06415001782722,1.19719090366563,1.3302074384266,1.46324309542421,1.57081254033221),
 .UNSPECIFIED.);
#158=B_SPLINE_CURVE_WITH_KNOTS('',3,(#7356,#7357,#7358,#7359,#7360,#7361,
#7362,#7363,#7364,#7365,#7366,#7367,#7368,#7369,#7370,#7371,#7372,#7373,
#7374,#7375,#7376,#7377,#7378,#7379,#7380,#7381,#7382,#7383,#7384,#7385,
#7386,#7387,#7388,#7389,#7390,#7391,#7392),.UNSPECIFIED.,.F.,.F.,(4,3,3,
3,3,3,3,3,3,3,3,3,4),(0.,0.133019430751239,0.266033661681374,0.399043153145953,
0.532048365327214,0.665091821365613,0.798121827935844,0.931140228914465,
1.06414886646402,1.19718960835807,1.33020599920103,1.46324151225995,1.5708108407828),
 .UNSPECIFIED.);
#159=B_SPLINE_CURVE_WITH_KNOTS('',3,(#7397,#7398,#7399,#7400,#7401,#7402,
#7403,#7404,#7405,#7406,#7407,#7408,#7409,#7410,#7411,#7412,#7413,#7414,
#7415,#7416,#7417,#7418,#7419,#7420,#7421,#7422,#7423,#7424,#7425,#7426,
#7427,#7428,#7429,#7430,#7431,#7432,#7433),.UNSPECIFIED.,.F.,.F.,(4,3,3,
3,3,3,3,3,3,3,3,3,4),(0.,0.133019486610534,0.266033773397796,0.399043320717512,
0.532048588752079,0.665092100659876,0.798122163093852,0.931140619931347,
1.06414931333568,1.19719011109799,1.33020655779897,1.46324212672395,1.57081150041848),
 .UNSPECIFIED.);
#160=B_SPLINE_CURVE_WITH_KNOTS('',3,(#7437,#7438,#7439,#7440,#7441,#7442,
#7443,#7444,#7445,#7446,#7447,#7448),.UNSPECIFIED.,.F.,.F.,(4,2,2,2,2,4),
(-0.15758174665003,-0.156404642956352,-0.117189696299903,-0.0781223432823687,
-0.0390599771047772,0.),.UNSPECIFIED.);
#161=B_SPLINE_CURVE_WITH_KNOTS('',3,(#7454,#7455,#7456,#7457,#7458,#7459,
#7460,#7461,#7462,#7463,#7464,#7465),.UNSPECIFIED.,.F.,.F.,(4,2,2,2,2,4),
(-0.00117981731718795,0.,0.0392123157337081,0.0782798788403664,0.117342504322653,
0.156402764307127),.UNSPECIFIED.);
#162=B_SPLINE_CURVE_WITH_KNOTS('',3,(#7471,#7472,#7473,#7474,#7475,#7476,
#7477,#7478,#7479,#7480,#7481,#7482,#7483,#7484,#7485,#7486,#7487,#7488,
#7489,#7490,#7491,#7492,#7493,#7494,#7495,#7496,#7497,#7498,#7499,#7500,
#7501,#7502,#7503,#7504,#7505,#7506,#7507),.UNSPECIFIED.,.F.,.F.,(4,3,3,
3,3,3,3,3,3,3,3,3,4),(0.,0.133019456735661,0.266033713649206,0.399043231096278,
0.532048469259162,0.665091951286684,0.79812198384341,0.931140410806266,
1.06414907433813,1.19718984222077,1.33020625904756,1.46324179809405,1.57081114762949),
 .UNSPECIFIED.);
#163=B_SPLINE_CURVE_WITH_KNOTS('',3,(#7510,#7511,#7512,#7513,#7514,#7515,
#7516,#7517,#7518,#7519,#7520,#7521),.UNSPECIFIED.,.F.,.F.,(4,2,2,2,2,4),
(-0.157581846322483,-0.156406834292767,-0.117189668249265,-0.0781222928790474,
-0.0390599427136452,0.),.UNSPECIFIED.);
#164=B_SPLINE_CURVE_WITH_KNOTS('',3,(#7524,#7525,#7526,#7527,#7528,#7529,
#7530,#7531,#7532,#7533,#7534,#7535,#7536,#7537,#7538,#7539,#7540,#7541,
#7542,#7543,#7544,#7545,#7546,#7547,#7548,#7549,#7550,#7551,#7552,#7553,
#7554,#7555,#7556,#7557,#7558,#7559,#7560),.UNSPECIFIED.,.F.,.F.,(4,3,3,
3,3,3,3,3,3,3,3,3,4),(0.,0.133019525782853,0.266033851740906,0.399043438230015,
0.532048745432725,0.66509229651992,0.79812239812934,0.931140894138848,1.06414962671232,
1.19719046365322,1.33020694952564,1.46324255762767,1.57081196299978),
 .UNSPECIFIED.);
#165=B_SPLINE_CURVE_WITH_KNOTS('',3,(#7565,#7566,#7567,#7568,#7569,#7570,
#7571,#7572,#7573,#7574,#7575,#7576,#7577,#7578,#7579,#7580,#7581,#7582,
#7583,#7584,#7585,#7586,#7587,#7588,#7589,#7590,#7591,#7592,#7593,#7594,
#7595,#7596,#7597,#7598,#7599,#7600,#7601),.UNSPECIFIED.,.F.,.F.,(4,3,3,
3,3,3,3,3,3,3,3,3,4),(0.,0.133019525782865,0.266033851740922,0.399043438230022,
0.532048745432714,0.665092296519902,0.798122398129318,0.931140894138835,
1.0641496267123,1.1971904636532,1.33020694952559,1.46324255762763,1.57081196299966),
 .UNSPECIFIED.);
#166=B_SPLINE_CURVE_WITH_KNOTS('',3,(#7605,#7606,#7607,#7608,#7609,#7610,
#7611,#7612,#7613,#7614,#7615,#7616),.UNSPECIFIED.,.F.,.F.,(4,2,2,2,2,4),
(-0.157581619613294,-0.156401833271259,-0.117189731997099,-0.0781224074187856,
-0.039060020864721,0.),.UNSPECIFIED.);
#167=B_SPLINE_CURVE_WITH_KNOTS('',3,(#7622,#7623,#7624,#7625,#7626,#7627,
#7628,#7629,#7630,#7631,#7632,#7633),.UNSPECIFIED.,.F.,.F.,(4,2,2,2,2,4),
(-0.00117979355270896,0.,0.0392123409307812,0.0782799042810595,0.117342529576921,
0.15640278916898),.UNSPECIFIED.);
#168=B_SPLINE_CURVE_WITH_KNOTS('',3,(#7641,#7642,#7643,#7644,#7645,#7646,
#7647,#7648,#7649,#7650,#7651,#7652,#7653,#7654,#7655,#7656,#7657,#7658,
#7659,#7660,#7661,#7662,#7663,#7664,#7665,#7666,#7667,#7668,#7669,#7670,
#7671,#7672,#7673,#7674,#7675,#7676,#7677),.UNSPECIFIED.,.F.,.F.,(4,3,3,
3,3,3,3,3,3,3,3,3,4),(0.,0.133019523618522,0.266033847412336,0.399043431737279,
0.532048736775863,0.665092285698333,0.798122385143237,0.931140878988432,
1.06414960939775,1.19719044417397,1.33020692788209,1.46324253381953,1.57081193744141),
 .UNSPECIFIED.);
#169=B_SPLINE_CURVE_WITH_KNOTS('',3,(#7688,#7689,#7690,#7691,#7692,#7693,
#7694,#7695,#7696,#7697,#7698,#7699),.UNSPECIFIED.,.F.,.F.,(4,2,2,2,2,4),
(-0.00117310000810021,0.,0.039219449574712,0.0782870904459453,0.117349670430436,
0.156409825871042),.UNSPECIFIED.);
#170=B_SPLINE_CURVE_WITH_KNOTS('',3,(#7706,#7707,#7708,#7709,#7710,#7711,
#7712,#7713,#7714,#7715,#7716,#7717,#7718,#7719,#7720,#7721,#7722,#7723,
#7724,#7725,#7726,#7727,#7728,#7729,#7730,#7731,#7732,#7733,#7734,#7735,
#7736,#7737,#7738,#7739,#7740,#7741,#7742),.UNSPECIFIED.,.F.,.F.,(4,3,3,
3,3,3,3,3,3,3,3,3,4),(0.,0.133019526342627,0.266033852860414,0.399043439909258,
0.532048747671659,0.66509229931872,0.798122401487952,0.93114089805723,1.06414963119044,
1.19719046869119,1.33020695512335,1.46324256378522,1.57081196960995),
 .UNSPECIFIED.);
#171=B_SPLINE_CURVE_WITH_KNOTS('',3,(#7904,#7905,#7906,#7907),
 .UNSPECIFIED.,.F.,.F.,(4,4),(2.26560078158289,2.30259308070128),
 .UNSPECIFIED.);
#172=B_SPLINE_CURVE_WITH_KNOTS('',3,(#7911,#7912,#7913,#7914,#7915,#7916,
#7917,#7918,#7919,#7920,#7921,#7922),.UNSPECIFIED.,.F.,.F.,(4,2,2,2,2,4),
(0.406377977898552,0.539213523974029,0.697739044699395,0.836215452173486,
0.877682051165765,0.905839969660849),.UNSPECIFIED.);
#173=B_SPLINE_CURVE_WITH_KNOTS('',3,(#7926,#7927,#7928,#7929,#7930,#7931,
#7932,#7933,#7934,#7935,#7936,#7937),.UNSPECIFIED.,.F.,.F.,(4,2,2,2,2,4),
(0.872936693386272,0.905446093524516,0.946699522324124,1.07036865253141,
1.21479559314664,1.34329825040228),.UNSPECIFIED.);
#174=B_SPLINE_CURVE_WITH_KNOTS('',3,(#7940,#7941,#7942,#7943),
 .UNSPECIFIED.,.F.,.F.,(4,4),(1.33811796438419,1.37399256851676),
 .UNSPECIFIED.);
#175=B_SPLINE_CURVE_WITH_KNOTS('',3,(#8045,#8046,#8047,#8048,#8049,#8050,
#8051,#8052,#8053,#8054,#8055,#8056),.UNSPECIFIED.,.F.,.F.,(4,2,2,2,2,4),
(0.404902114369711,0.536411233792718,0.694654824656893,0.835096809597176,
0.876948528507838,0.904388619414689),.UNSPECIFIED.);
#176=B_SPLINE_CURVE_WITH_KNOTS('',3,(#8059,#8060,#8061,#8062,#8063,#8064,
#8065,#8066,#8067,#8068,#8069,#8070),.UNSPECIFIED.,.F.,.F.,(4,2,2,2,2,4),
(0.892286283817091,0.921557365010264,0.962979697979486,1.09720048795423,
1.25054167259471,1.38077407676195),.UNSPECIFIED.);
#177=B_SPLINE_CURVE_WITH_KNOTS('',3,(#8079,#8080,#8081,#8082,#8083,#8084,
#8085,#8086,#8087,#8088,#8089,#8090),.UNSPECIFIED.,.F.,.F.,(4,2,2,2,2,4),
(0.402124026280127,0.530103193297368,0.673137134762121,0.795584321693376,
0.836884190403739,0.869775008220584),.UNSPECIFIED.);
#178=B_SPLINE_CURVE_WITH_KNOTS('',3,(#8093,#8094,#8095,#8096,#8097,#8098,
#8099,#8100,#8101,#8102,#8103,#8104),.UNSPECIFIED.,.F.,.F.,(4,2,2,2,2,4),
(0.856528873075206,0.890964354531882,0.932533588736948,1.05021220617582,
1.18741822187454,1.31298990893513),.UNSPECIFIED.);
#179=B_SPLINE_CURVE_WITH_KNOTS('',3,(#8113,#8114,#8115,#8116,#8117,#8118,
#8119,#8120,#8121,#8122,#8123,#8124),.UNSPECIFIED.,.F.,.F.,(4,2,2,2,2,4),
(0.399234289550975,0.523822939511969,0.658875852602612,0.774918108571479,
0.816612707778412,0.851603005573723),.UNSPECIFIED.);
#180=B_SPLINE_CURVE_WITH_KNOTS('',3,(#8127,#8128,#8129,#8130,#8131,#8132,
#8133,#8134,#8135,#8136,#8137,#8138),.UNSPECIFIED.,.F.,.F.,(4,2,2,2,2,4),
(0.873152238073998,0.905635440575207,0.946885996568509,1.07063965219647,
1.21516150937397,1.34369913950104),.UNSPECIFIED.);
#181=CONICAL_SURFACE('',#4665,2.76494588774254,0.78539816339745);
#182=CONICAL_SURFACE('',#4668,2.76494588774254,0.78539816339745);
#183=CONICAL_SURFACE('',#4672,2.78,0.785398163397451);
#184=CONICAL_SURFACE('',#4676,2.78,0.785398163397449);
#185=FACE_BOUND('',#477,.T.);
#186=FACE_BOUND('',#478,.T.);
#187=FACE_BOUND('',#503,.T.);
#188=FACE_BOUND('',#505,.T.);
#189=FACE_BOUND('',#508,.T.);
#190=FACE_BOUND('',#510,.T.);
#191=FACE_BOUND('',#513,.T.);
#192=FACE_BOUND('',#515,.T.);
#193=FACE_BOUND('',#518,.T.);
#194=FACE_BOUND('',#520,.T.);
#195=FACE_BOUND('',#564,.T.);
#196=FACE_BOUND('',#566,.T.);
#197=FACE_BOUND('',#567,.T.);
#198=FACE_BOUND('',#568,.T.);
#199=FACE_BOUND('',#571,.T.);
#200=FACE_BOUND('',#574,.T.);
#201=FACE_BOUND('',#577,.T.);
#202=FACE_BOUND('',#580,.T.);
#203=FACE_BOUND('',#590,.T.);
#204=FACE_BOUND('',#600,.T.);
#205=FACE_BOUND('',#620,.T.);
#206=FACE_BOUND('',#621,.T.);
#207=FACE_BOUND('',#628,.T.);
#208=FACE_BOUND('',#663,.T.);
#209=FACE_BOUND('',#664,.T.);
#210=FACE_BOUND('',#665,.T.);
#211=FACE_BOUND('',#666,.T.);
#212=FACE_BOUND('',#687,.T.);
#213=FACE_BOUND('',#698,.T.);
#214=FACE_BOUND('',#706,.T.);
#215=FACE_BOUND('',#717,.T.);
#216=FACE_BOUND('',#728,.T.);
#217=FACE_OUTER_BOUND('',#472,.T.);
#218=FACE_OUTER_BOUND('',#473,.T.);
#219=FACE_OUTER_BOUND('',#474,.T.);
#220=FACE_OUTER_BOUND('',#475,.T.);
#221=FACE_OUTER_BOUND('',#476,.T.);
#222=FACE_OUTER_BOUND('',#479,.T.);
#223=FACE_OUTER_BOUND('',#480,.T.);
#224=FACE_OUTER_BOUND('',#481,.T.);
#225=FACE_OUTER_BOUND('',#482,.T.);
#226=FACE_OUTER_BOUND('',#483,.T.);
#227=FACE_OUTER_BOUND('',#484,.T.);
#228=FACE_OUTER_BOUND('',#485,.T.);
#229=FACE_OUTER_BOUND('',#486,.T.);
#230=FACE_OUTER_BOUND('',#487,.T.);
#231=FACE_OUTER_BOUND('',#488,.T.);
#232=FACE_OUTER_BOUND('',#489,.T.);
#233=FACE_OUTER_BOUND('',#490,.T.);
#234=FACE_OUTER_BOUND('',#491,.T.);
#235=FACE_OUTER_BOUND('',#492,.T.);
#236=FACE_OUTER_BOUND('',#493,.T.);
#237=FACE_OUTER_BOUND('',#494,.T.);
#238=FACE_OUTER_BOUND('',#495,.T.);
#239=FACE_OUTER_BOUND('',#496,.T.);
#240=FACE_OUTER_BOUND('',#497,.T.);
#241=FACE_OUTER_BOUND('',#498,.T.);
#242=FACE_OUTER_BOUND('',#499,.T.);
#243=FACE_OUTER_BOUND('',#500,.T.);
#244=FACE_OUTER_BOUND('',#501,.T.);
#245=FACE_OUTER_BOUND('',#502,.T.);
#246=FACE_OUTER_BOUND('',#504,.T.);
#247=FACE_OUTER_BOUND('',#506,.T.);
#248=FACE_OUTER_BOUND('',#507,.T.);
#249=FACE_OUTER_BOUND('',#509,.T.);
#250=FACE_OUTER_BOUND('',#511,.T.);
#251=FACE_OUTER_BOUND('',#512,.T.);
#252=FACE_OUTER_BOUND('',#514,.T.);
#253=FACE_OUTER_BOUND('',#516,.T.);
#254=FACE_OUTER_BOUND('',#517,.T.);
#255=FACE_OUTER_BOUND('',#519,.T.);
#256=FACE_OUTER_BOUND('',#521,.T.);
#257=FACE_OUTER_BOUND('',#522,.T.);
#258=FACE_OUTER_BOUND('',#523,.T.);
#259=FACE_OUTER_BOUND('',#524,.T.);
#260=FACE_OUTER_BOUND('',#525,.T.);
#261=FACE_OUTER_BOUND('',#526,.T.);
#262=FACE_OUTER_BOUND('',#527,.T.);
#263=FACE_OUTER_BOUND('',#528,.T.);
#264=FACE_OUTER_BOUND('',#529,.T.);
#265=FACE_OUTER_BOUND('',#530,.T.);
#266=FACE_OUTER_BOUND('',#531,.T.);
#267=FACE_OUTER_BOUND('',#532,.T.);
#268=FACE_OUTER_BOUND('',#533,.T.);
#269=FACE_OUTER_BOUND('',#534,.T.);
#270=FACE_OUTER_BOUND('',#535,.T.);
#271=FACE_OUTER_BOUND('',#536,.T.);
#272=FACE_OUTER_BOUND('',#537,.T.);
#273=FACE_OUTER_BOUND('',#538,.T.);
#274=FACE_OUTER_BOUND('',#539,.T.);
#275=FACE_OUTER_BOUND('',#540,.T.);
#276=FACE_OUTER_BOUND('',#541,.T.);
#277=FACE_OUTER_BOUND('',#542,.T.);
#278=FACE_OUTER_BOUND('',#543,.T.);
#279=FACE_OUTER_BOUND('',#544,.T.);
#280=FACE_OUTER_BOUND('',#545,.T.);
#281=FACE_OUTER_BOUND('',#546,.T.);
#282=FACE_OUTER_BOUND('',#547,.T.);
#283=FACE_OUTER_BOUND('',#548,.T.);
#284=FACE_OUTER_BOUND('',#549,.T.);
#285=FACE_OUTER_BOUND('',#550,.T.);
#286=FACE_OUTER_BOUND('',#551,.T.);
#287=FACE_OUTER_BOUND('',#552,.T.);
#288=FACE_OUTER_BOUND('',#553,.T.);
#289=FACE_OUTER_BOUND('',#554,.T.);
#290=FACE_OUTER_BOUND('',#555,.T.);
#291=FACE_OUTER_BOUND('',#556,.T.);
#292=FACE_OUTER_BOUND('',#557,.T.);
#293=FACE_OUTER_BOUND('',#558,.T.);
#294=FACE_OUTER_BOUND('',#559,.T.);
#295=FACE_OUTER_BOUND('',#560,.T.);
#296=FACE_OUTER_BOUND('',#561,.T.);
#297=FACE_OUTER_BOUND('',#562,.T.);
#298=FACE_OUTER_BOUND('',#563,.T.);
#299=FACE_OUTER_BOUND('',#565,.T.);
#300=FACE_OUTER_BOUND('',#569,.T.);
#301=FACE_OUTER_BOUND('',#570,.T.);
#302=FACE_OUTER_BOUND('',#572,.T.);
#303=FACE_OUTER_BOUND('',#573,.T.);
#304=FACE_OUTER_BOUND('',#575,.T.);
#305=FACE_OUTER_BOUND('',#576,.T.);
#306=FACE_OUTER_BOUND('',#578,.T.);
#307=FACE_OUTER_BOUND('',#579,.T.);
#308=FACE_OUTER_BOUND('',#581,.T.);
#309=FACE_OUTER_BOUND('',#582,.T.);
#310=FACE_OUTER_BOUND('',#583,.T.);
#311=FACE_OUTER_BOUND('',#584,.T.);
#312=FACE_OUTER_BOUND('',#585,.T.);
#313=FACE_OUTER_BOUND('',#586,.T.);
#314=FACE_OUTER_BOUND('',#587,.T.);
#315=FACE_OUTER_BOUND('',#588,.T.);
#316=FACE_OUTER_BOUND('',#589,.T.);
#317=FACE_OUTER_BOUND('',#591,.T.);
#318=FACE_OUTER_BOUND('',#592,.T.);
#319=FACE_OUTER_BOUND('',#593,.T.);
#320=FACE_OUTER_BOUND('',#594,.T.);
#321=FACE_OUTER_BOUND('',#595,.T.);
#322=FACE_OUTER_BOUND('',#596,.T.);
#323=FACE_OUTER_BOUND('',#597,.T.);
#324=FACE_OUTER_BOUND('',#598,.T.);
#325=FACE_OUTER_BOUND('',#599,.T.);
#326=FACE_OUTER_BOUND('',#601,.T.);
#327=FACE_OUTER_BOUND('',#602,.T.);
#328=FACE_OUTER_BOUND('',#603,.T.);
#329=FACE_OUTER_BOUND('',#604,.T.);
#330=FACE_OUTER_BOUND('',#605,.T.);
#331=FACE_OUTER_BOUND('',#606,.T.);
#332=FACE_OUTER_BOUND('',#607,.T.);
#333=FACE_OUTER_BOUND('',#608,.T.);
#334=FACE_OUTER_BOUND('',#609,.T.);
#335=FACE_OUTER_BOUND('',#610,.T.);
#336=FACE_OUTER_BOUND('',#611,.T.);
#337=FACE_OUTER_BOUND('',#612,.T.);
#338=FACE_OUTER_BOUND('',#613,.T.);
#339=FACE_OUTER_BOUND('',#614,.T.);
#340=FACE_OUTER_BOUND('',#615,.T.);
#341=FACE_OUTER_BOUND('',#616,.T.);
#342=FACE_OUTER_BOUND('',#617,.T.);
#343=FACE_OUTER_BOUND('',#618,.T.);
#344=FACE_OUTER_BOUND('',#619,.T.);
#345=FACE_OUTER_BOUND('',#622,.T.);
#346=FACE_OUTER_BOUND('',#623,.T.);
#347=FACE_OUTER_BOUND('',#624,.T.);
#348=FACE_OUTER_BOUND('',#625,.T.);
#349=FACE_OUTER_BOUND('',#626,.T.);
#350=FACE_OUTER_BOUND('',#627,.T.);
#351=FACE_OUTER_BOUND('',#629,.T.);
#352=FACE_OUTER_BOUND('',#630,.T.);
#353=FACE_OUTER_BOUND('',#631,.T.);
#354=FACE_OUTER_BOUND('',#632,.T.);
#355=FACE_OUTER_BOUND('',#633,.T.);
#356=FACE_OUTER_BOUND('',#634,.T.);
#357=FACE_OUTER_BOUND('',#635,.T.);
#358=FACE_OUTER_BOUND('',#636,.T.);
#359=FACE_OUTER_BOUND('',#637,.T.);
#360=FACE_OUTER_BOUND('',#638,.T.);
#361=FACE_OUTER_BOUND('',#639,.T.);
#362=FACE_OUTER_BOUND('',#640,.T.);
#363=FACE_OUTER_BOUND('',#641,.T.);
#364=FACE_OUTER_BOUND('',#642,.T.);
#365=FACE_OUTER_BOUND('',#643,.T.);
#366=FACE_OUTER_BOUND('',#644,.T.);
#367=FACE_OUTER_BOUND('',#645,.T.);
#368=FACE_OUTER_BOUND('',#646,.T.);
#369=FACE_OUTER_BOUND('',#647,.T.);
#370=FACE_OUTER_BOUND('',#648,.T.);
#371=FACE_OUTER_BOUND('',#649,.T.);
#372=FACE_OUTER_BOUND('',#650,.T.);
#373=FACE_OUTER_BOUND('',#651,.T.);
#374=FACE_OUTER_BOUND('',#652,.T.);
#375=FACE_OUTER_BOUND('',#653,.T.);
#376=FACE_OUTER_BOUND('',#654,.T.);
#377=FACE_OUTER_BOUND('',#655,.T.);
#378=FACE_OUTER_BOUND('',#656,.T.);
#379=FACE_OUTER_BOUND('',#657,.T.);
#380=FACE_OUTER_BOUND('',#658,.T.);
#381=FACE_OUTER_BOUND('',#659,.T.);
#382=FACE_OUTER_BOUND('',#660,.T.);
#383=FACE_OUTER_BOUND('',#661,.T.);
#384=FACE_OUTER_BOUND('',#662,.T.);
#385=FACE_OUTER_BOUND('',#667,.T.);
#386=FACE_OUTER_BOUND('',#668,.T.);
#387=FACE_OUTER_BOUND('',#669,.T.);
#388=FACE_OUTER_BOUND('',#670,.T.);
#389=FACE_OUTER_BOUND('',#671,.T.);
#390=FACE_OUTER_BOUND('',#672,.T.);
#391=FACE_OUTER_BOUND('',#673,.T.);
#392=FACE_OUTER_BOUND('',#674,.T.);
#393=FACE_OUTER_BOUND('',#675,.T.);
#394=FACE_OUTER_BOUND('',#676,.T.);
#395=FACE_OUTER_BOUND('',#677,.T.);
#396=FACE_OUTER_BOUND('',#678,.T.);
#397=FACE_OUTER_BOUND('',#679,.T.);
#398=FACE_OUTER_BOUND('',#680,.T.);
#399=FACE_OUTER_BOUND('',#681,.T.);
#400=FACE_OUTER_BOUND('',#682,.T.);
#401=FACE_OUTER_BOUND('',#683,.T.);
#402=FACE_OUTER_BOUND('',#684,.T.);
#403=FACE_OUTER_BOUND('',#685,.T.);
#404=FACE_OUTER_BOUND('',#686,.T.);
#405=FACE_OUTER_BOUND('',#688,.T.);
#406=FACE_OUTER_BOUND('',#689,.T.);
#407=FACE_OUTER_BOUND('',#690,.T.);
#408=FACE_OUTER_BOUND('',#691,.T.);
#409=FACE_OUTER_BOUND('',#692,.T.);
#410=FACE_OUTER_BOUND('',#693,.T.);
#411=FACE_OUTER_BOUND('',#694,.T.);
#412=FACE_OUTER_BOUND('',#695,.T.);
#413=FACE_OUTER_BOUND('',#696,.T.);
#414=FACE_OUTER_BOUND('',#697,.T.);
#415=FACE_OUTER_BOUND('',#699,.T.);
#416=FACE_OUTER_BOUND('',#700,.T.);
#417=FACE_OUTER_BOUND('',#701,.T.);
#418=FACE_OUTER_BOUND('',#702,.T.);
#419=FACE_OUTER_BOUND('',#703,.T.);
#420=FACE_OUTER_BOUND('',#704,.T.);
#421=FACE_OUTER_BOUND('',#705,.T.);
#422=FACE_OUTER_BOUND('',#707,.T.);
#423=FACE_OUTER_BOUND('',#708,.T.);
#424=FACE_OUTER_BOUND('',#709,.T.);
#425=FACE_OUTER_BOUND('',#710,.T.);
#426=FACE_OUTER_BOUND('',#711,.T.);
#427=FACE_OUTER_BOUND('',#712,.T.);
#428=FACE_OUTER_BOUND('',#713,.T.);
#429=FACE_OUTER_BOUND('',#714,.T.);
#430=FACE_OUTER_BOUND('',#715,.T.);
#431=FACE_OUTER_BOUND('',#716,.T.);
#432=FACE_OUTER_BOUND('',#718,.T.);
#433=FACE_OUTER_BOUND('',#719,.T.);
#434=FACE_OUTER_BOUND('',#720,.T.);
#435=FACE_OUTER_BOUND('',#721,.T.);
#436=FACE_OUTER_BOUND('',#722,.T.);
#437=FACE_OUTER_BOUND('',#723,.T.);
#438=FACE_OUTER_BOUND('',#724,.T.);
#439=FACE_OUTER_BOUND('',#725,.T.);
#440=FACE_OUTER_BOUND('',#726,.T.);
#441=FACE_OUTER_BOUND('',#727,.T.);
#442=FACE_OUTER_BOUND('',#729,.T.);
#443=FACE_OUTER_BOUND('',#730,.T.);
#444=FACE_OUTER_BOUND('',#731,.T.);
#445=FACE_OUTER_BOUND('',#732,.T.);
#446=FACE_OUTER_BOUND('',#733,.T.);
#447=FACE_OUTER_BOUND('',#734,.T.);
#448=FACE_OUTER_BOUND('',#735,.T.);
#449=FACE_OUTER_BOUND('',#736,.T.);
#450=FACE_OUTER_BOUND('',#737,.T.);
#451=FACE_OUTER_BOUND('',#738,.T.);
#452=FACE_OUTER_BOUND('',#739,.T.);
#453=FACE_OUTER_BOUND('',#740,.T.);
#454=FACE_OUTER_BOUND('',#741,.T.);
#455=FACE_OUTER_BOUND('',#742,.T.);
#456=FACE_OUTER_BOUND('',#743,.T.);
#457=FACE_OUTER_BOUND('',#744,.T.);
#458=FACE_OUTER_BOUND('',#745,.T.);
#459=FACE_OUTER_BOUND('',#746,.T.);
#460=FACE_OUTER_BOUND('',#747,.T.);
#461=FACE_OUTER_BOUND('',#748,.T.);
#462=FACE_OUTER_BOUND('',#749,.T.);
#463=FACE_OUTER_BOUND('',#750,.T.);
#464=FACE_OUTER_BOUND('',#751,.T.);
#465=FACE_OUTER_BOUND('',#752,.T.);
#466=FACE_OUTER_BOUND('',#753,.T.);
#467=FACE_OUTER_BOUND('',#754,.T.);
#468=FACE_OUTER_BOUND('',#755,.T.);
#469=FACE_OUTER_BOUND('',#756,.T.);
#470=FACE_OUTER_BOUND('',#757,.T.);
#471=FACE_OUTER_BOUND('',#758,.T.);
#472=EDGE_LOOP('',(#2895,#2896,#2897,#2898,#2899,#2900,#2901,#2902,#2903,
#2904,#2905,#2906,#2907,#2908,#2909,#2910,#2911,#2912,#2913,#2914));
#473=EDGE_LOOP('',(#2915,#2916,#2917,#2918));
#474=EDGE_LOOP('',(#2919,#2920,#2921,#2922,#2923,#2924,#2925,#2926,#2927,
#2928,#2929,#2930,#2931,#2932,#2933,#2934,#2935,#2936,#2937,#2938,#2939,
#2940));
#475=EDGE_LOOP('',(#2941,#2942,#2943,#2944));
#476=EDGE_LOOP('',(#2945,#2946,#2947,#2948,#2949,#2950,#2951,#2952,#2953));
#477=EDGE_LOOP('',(#2954));
#478=EDGE_LOOP('',(#2955,#2956,#2957,#2958,#2959,#2960,#2961,#2962));
#479=EDGE_LOOP('',(#2963,#2964,#2965,#2966,#2967,#2968,#2969,#2970,#2971,
#2972,#2973,#2974,#2975,#2976));
#480=EDGE_LOOP('',(#2977,#2978,#2979,#2980,#2981,#2982,#2983));
#481=EDGE_LOOP('',(#2984,#2985,#2986,#2987));
#482=EDGE_LOOP('',(#2988,#2989,#2990,#2991,#2992,#2993,#2994));
#483=EDGE_LOOP('',(#2995,#2996,#2997,#2998,#2999,#3000,#3001,#3002,#3003,
#3004,#3005,#3006));
#484=EDGE_LOOP('',(#3007,#3008,#3009,#3010));
#485=EDGE_LOOP('',(#3011,#3012,#3013));
#486=EDGE_LOOP('',(#3014,#3015,#3016,#3017));
#487=EDGE_LOOP('',(#3018,#3019,#3020,#3021));
#488=EDGE_LOOP('',(#3022,#3023,#3024,#3025));
#489=EDGE_LOOP('',(#3026,#3027,#3028,#3029));
#490=EDGE_LOOP('',(#3030,#3031,#3032,#3033));
#491=EDGE_LOOP('',(#3034,#3035,#3036,#3037));
#492=EDGE_LOOP('',(#3038,#3039,#3040,#3041));
#493=EDGE_LOOP('',(#3042,#3043,#3044,#3045));
#494=EDGE_LOOP('',(#3046,#3047,#3048,#3049,#3050));
#495=EDGE_LOOP('',(#3051,#3052,#3053,#3054));
#496=EDGE_LOOP('',(#3055,#3056,#3057,#3058));
#497=EDGE_LOOP('',(#3059,#3060,#3061,#3062));
#498=EDGE_LOOP('',(#3063,#3064,#3065,#3066));
#499=EDGE_LOOP('',(#3067,#3068,#3069,#3070));
#500=EDGE_LOOP('',(#3071,#3072,#3073,#3074,#3075));
#501=EDGE_LOOP('',(#3076,#3077,#3078,#3079));
#502=EDGE_LOOP('',(#3080));
#503=EDGE_LOOP('',(#3081));
#504=EDGE_LOOP('',(#3082));
#505=EDGE_LOOP('',(#3083));
#506=EDGE_LOOP('',(#3084,#3085,#3086,#3087));
#507=EDGE_LOOP('',(#3088));
#508=EDGE_LOOP('',(#3089));
#509=EDGE_LOOP('',(#3090));
#510=EDGE_LOOP('',(#3091));
#511=EDGE_LOOP('',(#3092,#3093,#3094,#3095));
#512=EDGE_LOOP('',(#3096));
#513=EDGE_LOOP('',(#3097));
#514=EDGE_LOOP('',(#3098));
#515=EDGE_LOOP('',(#3099));
#516=EDGE_LOOP('',(#3100,#3101,#3102,#3103));
#517=EDGE_LOOP('',(#3104));
#518=EDGE_LOOP('',(#3105));
#519=EDGE_LOOP('',(#3106));
#520=EDGE_LOOP('',(#3107));
#521=EDGE_LOOP('',(#3108,#3109,#3110,#3111));
#522=EDGE_LOOP('',(#3112,#3113,#3114,#3115));
#523=EDGE_LOOP('',(#3116,#3117,#3118,#3119));
#524=EDGE_LOOP('',(#3120,#3121,#3122,#3123));
#525=EDGE_LOOP('',(#3124,#3125,#3126,#3127));
#526=EDGE_LOOP('',(#3128,#3129,#3130,#3131));
#527=EDGE_LOOP('',(#3132,#3133,#3134,#3135));
#528=EDGE_LOOP('',(#3136,#3137,#3138,#3139,#3140,#3141,#3142,#3143,#3144,
#3145,#3146,#3147,#3148,#3149));
#529=EDGE_LOOP('',(#3150,#3151,#3152,#3153));
#530=EDGE_LOOP('',(#3154,#3155,#3156,#3157));
#531=EDGE_LOOP('',(#3158,#3159,#3160,#3161));
#532=EDGE_LOOP('',(#3162,#3163,#3164,#3165));
#533=EDGE_LOOP('',(#3166,#3167,#3168,#3169));
#534=EDGE_LOOP('',(#3170,#3171,#3172,#3173,#3174,#3175));
#535=EDGE_LOOP('',(#3176,#3177,#3178,#3179,#3180,#3181));
#536=EDGE_LOOP('',(#3182,#3183,#3184,#3185));
#537=EDGE_LOOP('',(#3186,#3187,#3188,#3189));
#538=EDGE_LOOP('',(#3190,#3191,#3192,#3193));
#539=EDGE_LOOP('',(#3194,#3195,#3196,#3197));
#540=EDGE_LOOP('',(#3198,#3199,#3200,#3201));
#541=EDGE_LOOP('',(#3202,#3203,#3204,#3205));
#542=EDGE_LOOP('',(#3206,#3207,#3208,#3209));
#543=EDGE_LOOP('',(#3210,#3211,#3212,#3213));
#544=EDGE_LOOP('',(#3214,#3215,#3216,#3217));
#545=EDGE_LOOP('',(#3218,#3219,#3220,#3221));
#546=EDGE_LOOP('',(#3222,#3223,#3224,#3225));
#547=EDGE_LOOP('',(#3226,#3227,#3228,#3229));
#548=EDGE_LOOP('',(#3230,#3231,#3232,#3233));
#549=EDGE_LOOP('',(#3234,#3235,#3236,#3237));
#550=EDGE_LOOP('',(#3238,#3239,#3240,#3241));
#551=EDGE_LOOP('',(#3242,#3243,#3244,#3245));
#552=EDGE_LOOP('',(#3246,#3247,#3248,#3249));
#553=EDGE_LOOP('',(#3250,#3251,#3252,#3253));
#554=EDGE_LOOP('',(#3254,#3255,#3256,#3257));
#555=EDGE_LOOP('',(#3258,#3259,#3260,#3261));
#556=EDGE_LOOP('',(#3262,#3263,#3264,#3265));
#557=EDGE_LOOP('',(#3266,#3267,#3268,#3269));
#558=EDGE_LOOP('',(#3270,#3271,#3272,#3273));
#559=EDGE_LOOP('',(#3274,#3275,#3276,#3277));
#560=EDGE_LOOP('',(#3278,#3279,#3280,#3281));
#561=EDGE_LOOP('',(#3282,#3283,#3284,#3285));
#562=EDGE_LOOP('',(#3286,#3287,#3288,#3289));
#563=EDGE_LOOP('',(#3290,#3291,#3292,#3293,#3294,#3295,#3296,#3297,#3298,
#3299));
#564=EDGE_LOOP('',(#3300,#3301,#3302,#3303,#3304,#3305,#3306,#3307));
#565=EDGE_LOOP('',(#3308,#3309,#3310,#3311,#3312,#3313,#3314,#3315,#3316,
#3317,#3318,#3319,#3320,#3321,#3322,#3323));
#566=EDGE_LOOP('',(#3324,#3325,#3326,#3327));
#567=EDGE_LOOP('',(#3328,#3329,#3330,#3331));
#568=EDGE_LOOP('',(#3332,#3333,#3334,#3335,#3336,#3337,#3338,#3339,#3340,
#3341));
#569=EDGE_LOOP('',(#3342,#3343,#3344,#3345));
#570=EDGE_LOOP('',(#3346));
#571=EDGE_LOOP('',(#3347));
#572=EDGE_LOOP('',(#3348,#3349,#3350,#3351));
#573=EDGE_LOOP('',(#3352));
#574=EDGE_LOOP('',(#3353));
#575=EDGE_LOOP('',(#3354,#3355,#3356,#3357));
#576=EDGE_LOOP('',(#3358));
#577=EDGE_LOOP('',(#3359));
#578=EDGE_LOOP('',(#3360,#3361,#3362,#3363));
#579=EDGE_LOOP('',(#3364));
#580=EDGE_LOOP('',(#3365));
#581=EDGE_LOOP('',(#3366,#3367,#3368,#3369));
#582=EDGE_LOOP('',(#3370,#3371,#3372,#3373));
#583=EDGE_LOOP('',(#3374,#3375,#3376,#3377));
#584=EDGE_LOOP('',(#3378,#3379,#3380,#3381));
#585=EDGE_LOOP('',(#3382,#3383,#3384,#3385));
#586=EDGE_LOOP('',(#3386,#3387,#3388,#3389));
#587=EDGE_LOOP('',(#3390,#3391,#3392,#3393));
#588=EDGE_LOOP('',(#3394,#3395,#3396,#3397));
#589=EDGE_LOOP('',(#3398,#3399,#3400,#3401,#3402,#3403,#3404,#3405));
#590=EDGE_LOOP('',(#3406,#3407,#3408,#3409,#3410,#3411,#3412,#3413));
#591=EDGE_LOOP('',(#3414,#3415,#3416,#3417));
#592=EDGE_LOOP('',(#3418,#3419,#3420,#3421));
#593=EDGE_LOOP('',(#3422,#3423,#3424,#3425));
#594=EDGE_LOOP('',(#3426,#3427,#3428,#3429));
#595=EDGE_LOOP('',(#3430,#3431,#3432,#3433,#3434,#3435,#3436,#3437));
#596=EDGE_LOOP('',(#3438,#3439,#3440,#3441));
#597=EDGE_LOOP('',(#3442,#3443,#3444,#3445,#3446,#3447));
#598=EDGE_LOOP('',(#3448,#3449,#3450,#3451,#3452,#3453));
#599=EDGE_LOOP('',(#3454,#3455,#3456,#3457,#3458,#3459,#3460,#3461));
#600=EDGE_LOOP('',(#3462,#3463,#3464,#3465,#3466,#3467,#3468,#3469));
#601=EDGE_LOOP('',(#3470,#3471,#3472,#3473));
#602=EDGE_LOOP('',(#3474,#3475,#3476,#3477));
#603=EDGE_LOOP('',(#3478,#3479,#3480,#3481));
#604=EDGE_LOOP('',(#3482,#3483,#3484,#3485));
#605=EDGE_LOOP('',(#3486,#3487,#3488,#3489));
#606=EDGE_LOOP('',(#3490,#3491,#3492,#3493));
#607=EDGE_LOOP('',(#3494,#3495,#3496,#3497));
#608=EDGE_LOOP('',(#3498,#3499,#3500,#3501));
#609=EDGE_LOOP('',(#3502,#3503,#3504,#3505));
#610=EDGE_LOOP('',(#3506,#3507,#3508,#3509));
#611=EDGE_LOOP('',(#3510,#3511,#3512,#3513));
#612=EDGE_LOOP('',(#3514,#3515,#3516,#3517));
#613=EDGE_LOOP('',(#3518,#3519,#3520,#3521));
#614=EDGE_LOOP('',(#3522,#3523,#3524,#3525));
#615=EDGE_LOOP('',(#3526,#3527,#3528,#3529));
#616=EDGE_LOOP('',(#3530,#3531,#3532,#3533));
#617=EDGE_LOOP('',(#3534,#3535,#3536,#3537));
#618=EDGE_LOOP('',(#3538,#3539,#3540,#3541));
#619=EDGE_LOOP('',(#3542,#3543,#3544,#3545,#3546,#3547));
#620=EDGE_LOOP('',(#3548,#3549,#3550,#3551,#3552,#3553,#3554,#3555));
#621=EDGE_LOOP('',(#3556));
#622=EDGE_LOOP('',(#3557,#3558,#3559,#3560));
#623=EDGE_LOOP('',(#3561,#3562,#3563,#3564,#3565,#3566));
#624=EDGE_LOOP('',(#3567,#3568,#3569,#3570));
#625=EDGE_LOOP('',(#3571,#3572,#3573,#3574,#3575,#3576,#3577,#3578,#3579,
#3580,#3581,#3582,#3583,#3584,#3585,#3586,#3587,#3588,#3589,#3590));
#626=EDGE_LOOP('',(#3591,#3592,#3593,#3594));
#627=EDGE_LOOP('',(#3595,#3596,#3597,#3598,#3599,#3600,#3601,#3602,#3603,
#3604,#3605,#3606,#3607,#3608,#3609,#3610));
#628=EDGE_LOOP('',(#3611,#3612,#3613,#3614,#3615,#3616,#3617,#3618));
#629=EDGE_LOOP('',(#3619,#3620,#3621,#3622,#3623,#3624,#3625,#3626,#3627,
#3628,#3629,#3630));
#630=EDGE_LOOP('',(#3631,#3632,#3633,#3634,#3635,#3636,#3637,#3638,#3639));
#631=EDGE_LOOP('',(#3640,#3641,#3642));
#632=EDGE_LOOP('',(#3643,#3644,#3645,#3646));
#633=EDGE_LOOP('',(#3647,#3648,#3649,#3650));
#634=EDGE_LOOP('',(#3651,#3652,#3653,#3654));
#635=EDGE_LOOP('',(#3655,#3656,#3657,#3658));
#636=EDGE_LOOP('',(#3659,#3660,#3661,#3662));
#637=EDGE_LOOP('',(#3663,#3664,#3665,#3666));
#638=EDGE_LOOP('',(#3667,#3668,#3669,#3670));
#639=EDGE_LOOP('',(#3671,#3672,#3673,#3674));
#640=EDGE_LOOP('',(#3675,#3676,#3677,#3678));
#641=EDGE_LOOP('',(#3679,#3680,#3681,#3682));
#642=EDGE_LOOP('',(#3683,#3684,#3685,#3686));
#643=EDGE_LOOP('',(#3687,#3688,#3689,#3690));
#644=EDGE_LOOP('',(#3691,#3692,#3693,#3694));
#645=EDGE_LOOP('',(#3695,#3696,#3697,#3698));
#646=EDGE_LOOP('',(#3699,#3700,#3701,#3702));
#647=EDGE_LOOP('',(#3703,#3704,#3705,#3706));
#648=EDGE_LOOP('',(#3707,#3708,#3709,#3710));
#649=EDGE_LOOP('',(#3711,#3712,#3713,#3714));
#650=EDGE_LOOP('',(#3715,#3716,#3717,#3718,#3719,#3720));
#651=EDGE_LOOP('',(#3721,#3722,#3723,#3724,#3725,#3726));
#652=EDGE_LOOP('',(#3727,#3728,#3729,#3730));
#653=EDGE_LOOP('',(#3731,#3732,#3733,#3734));
#654=EDGE_LOOP('',(#3735,#3736,#3737,#3738));
#655=EDGE_LOOP('',(#3739,#3740,#3741,#3742));
#656=EDGE_LOOP('',(#3743,#3744,#3745,#3746));
#657=EDGE_LOOP('',(#3747,#3748,#3749,#3750));
#658=EDGE_LOOP('',(#3751,#3752,#3753,#3754));
#659=EDGE_LOOP('',(#3755,#3756,#3757,#3758));
#660=EDGE_LOOP('',(#3759,#3760,#3761,#3762));
#661=EDGE_LOOP('',(#3763,#3764,#3765,#3766,#3767,#3768,#3769));
#662=EDGE_LOOP('',(#3770,#3771,#3772,#3773,#3774,#3775,#3776,#3777,#3778,
#3779,#3780,#3781,#3782,#3783,#3784,#3785));
#663=EDGE_LOOP('',(#3786,#3787,#3788,#3789,#3790,#3791,#3792,#3793,#3794,
#3795,#3796,#3797,#3798,#3799,#3800));
#664=EDGE_LOOP('',(#3801,#3802,#3803,#3804,#3805,#3806,#3807,#3808));
#665=EDGE_LOOP('',(#3809,#3810,#3811,#3812,#3813,#3814,#3815,#3816));
#666=EDGE_LOOP('',(#3817,#3818,#3819,#3820,#3821));
#667=EDGE_LOOP('',(#3822,#3823,#3824,#3825));
#668=EDGE_LOOP('',(#3826,#3827,#3828,#3829));
#669=EDGE_LOOP('',(#3830,#3831,#3832,#3833));
#670=EDGE_LOOP('',(#3834,#3835,#3836,#3837));
#671=EDGE_LOOP('',(#3838,#3839,#3840,#3841));
#672=EDGE_LOOP('',(#3842,#3843,#3844,#3845));
#673=EDGE_LOOP('',(#3846,#3847,#3848,#3849));
#674=EDGE_LOOP('',(#3850,#3851,#3852,#3853));
#675=EDGE_LOOP('',(#3854,#3855,#3856,#3857));
#676=EDGE_LOOP('',(#3858,#3859,#3860,#3861));
#677=EDGE_LOOP('',(#3862,#3863,#3864,#3865));
#678=EDGE_LOOP('',(#3866,#3867,#3868,#3869));
#679=EDGE_LOOP('',(#3870,#3871,#3872,#3873));
#680=EDGE_LOOP('',(#3874,#3875,#3876,#3877));
#681=EDGE_LOOP('',(#3878,#3879,#3880,#3881));
#682=EDGE_LOOP('',(#3882,#3883,#3884,#3885));
#683=EDGE_LOOP('',(#3886,#3887,#3888,#3889,#3890));
#684=EDGE_LOOP('',(#3891,#3892,#3893,#3894,#3895));
#685=EDGE_LOOP('',(#3896,#3897));
#686=EDGE_LOOP('',(#3898,#3899,#3900,#3901,#3902,#3903));
#687=EDGE_LOOP('',(#3904));
#688=EDGE_LOOP('',(#3905,#3906,#3907,#3908,#3909,#3910,#3911,#3912));
#689=EDGE_LOOP('',(#3913,#3914,#3915,#3916,#3917));
#690=EDGE_LOOP('',(#3918,#3919,#3920,#3921,#3922));
#691=EDGE_LOOP('',(#3923,#3924,#3925,#3926));
#692=EDGE_LOOP('',(#3927,#3928,#3929,#3930));
#693=EDGE_LOOP('',(#3931,#3932,#3933,#3934));
#694=EDGE_LOOP('',(#3935,#3936,#3937,#3938));
#695=EDGE_LOOP('',(#3939,#3940,#3941,#3942));
#696=EDGE_LOOP('',(#3943,#3944,#3945,#3946));
#697=EDGE_LOOP('',(#3947,#3948,#3949,#3950,#3951,#3952,#3953,#3954));
#698=EDGE_LOOP('',(#3955));
#699=EDGE_LOOP('',(#3956));
#700=EDGE_LOOP('',(#3957,#3958,#3959,#3960,#3961));
#701=EDGE_LOOP('',(#3962,#3963,#3964,#3965,#3966));
#702=EDGE_LOOP('',(#3967,#3968,#3969,#3970));
#703=EDGE_LOOP('',(#3971,#3972,#3973,#3974));
#704=EDGE_LOOP('',(#3975,#3976,#3977,#3978));
#705=EDGE_LOOP('',(#3979,#3980,#3981,#3982,#3983));
#706=EDGE_LOOP('',(#3984));
#707=EDGE_LOOP('',(#3985));
#708=EDGE_LOOP('',(#3986,#3987,#3988,#3989,#3990));
#709=EDGE_LOOP('',(#3991,#3992,#3993,#3994,#3995));
#710=EDGE_LOOP('',(#3996,#3997,#3998,#3999));
#711=EDGE_LOOP('',(#4000,#4001,#4002,#4003));
#712=EDGE_LOOP('',(#4004,#4005,#4006,#4007));
#713=EDGE_LOOP('',(#4008,#4009,#4010,#4011));
#714=EDGE_LOOP('',(#4012,#4013,#4014,#4015));
#715=EDGE_LOOP('',(#4016,#4017,#4018,#4019));
#716=EDGE_LOOP('',(#4020,#4021,#4022,#4023,#4024,#4025,#4026,#4027));
#717=EDGE_LOOP('',(#4028));
#718=EDGE_LOOP('',(#4029));
#719=EDGE_LOOP('',(#4030,#4031,#4032,#4033));
#720=EDGE_LOOP('',(#4034,#4035,#4036,#4037));
#721=EDGE_LOOP('',(#4038,#4039,#4040,#4041,#4042));
#722=EDGE_LOOP('',(#4043,#4044,#4045,#4046,#4047));
#723=EDGE_LOOP('',(#4048,#4049,#4050,#4051));
#724=EDGE_LOOP('',(#4052,#4053,#4054,#4055));
#725=EDGE_LOOP('',(#4056,#4057,#4058,#4059));
#726=EDGE_LOOP('',(#4060,#4061,#4062,#4063));
#727=EDGE_LOOP('',(#4064,#4065,#4066,#4067,#4068,#4069,#4070,#4071,#4072,
#4073));
#728=EDGE_LOOP('',(#4074,#4075,#4076,#4077,#4078,#4079,#4080,#4081));
#729=EDGE_LOOP('',(#4082,#4083,#4084,#4085));
#730=EDGE_LOOP('',(#4086,#4087,#4088,#4089));
#731=EDGE_LOOP('',(#4090,#4091,#4092,#4093));
#732=EDGE_LOOP('',(#4094,#4095,#4096,#4097));
#733=EDGE_LOOP('',(#4098,#4099,#4100,#4101));
#734=EDGE_LOOP('',(#4102,#4103,#4104,#4105));
#735=EDGE_LOOP('',(#4106,#4107,#4108,#4109));
#736=EDGE_LOOP('',(#4110));
#737=EDGE_LOOP('',(#4111,#4112,#4113,#4114));
#738=EDGE_LOOP('',(#4115,#4116,#4117,#4118));
#739=EDGE_LOOP('',(#4119,#4120,#4121,#4122,#4123,#4124,#4125,#4126,#4127,
#4128,#4129,#4130,#4131,#4132,#4133,#4134));
#740=EDGE_LOOP('',(#4135,#4136,#4137,#4138));
#741=EDGE_LOOP('',(#4139,#4140,#4141,#4142));
#742=EDGE_LOOP('',(#4143,#4144,#4145,#4146));
#743=EDGE_LOOP('',(#4147,#4148,#4149,#4150));
#744=EDGE_LOOP('',(#4151,#4152,#4153,#4154));
#745=EDGE_LOOP('',(#4155,#4156,#4157,#4158));
#746=EDGE_LOOP('',(#4159,#4160,#4161,#4162));
#747=EDGE_LOOP('',(#4163,#4164,#4165,#4166));
#748=EDGE_LOOP('',(#4167,#4168,#4169,#4170));
#749=EDGE_LOOP('',(#4171,#4172,#4173,#4174));
#750=EDGE_LOOP('',(#4175,#4176,#4177,#4178));
#751=EDGE_LOOP('',(#4179,#4180,#4181,#4182));
#752=EDGE_LOOP('',(#4183,#4184,#4185,#4186));
#753=EDGE_LOOP('',(#4187,#4188,#4189,#4190,#4191,#4192,#4193,#4194));
#754=EDGE_LOOP('',(#4195,#4196,#4197,#4198));
#755=EDGE_LOOP('',(#4199,#4200,#4201,#4202));
#756=EDGE_LOOP('',(#4203,#4204,#4205,#4206));
#757=EDGE_LOOP('',(#4207,#4208,#4209,#4210));
#758=EDGE_LOOP('',(#4211,#4212,#4213,#4214));
#759=(
BOUNDED_CURVE()
B_SPLINE_CURVE(2,(#6242,#6243,#6244),.UNSPECIFIED.,.F.,.F.)
B_SPLINE_CURVE_WITH_KNOTS((3,3),(0.,0.143353793564403),.UNSPECIFIED.)
CURVE()
GEOMETRIC_REPRESENTATION_ITEM()
RATIONAL_B_SPLINE_CURVE((1.,1.1548189473117,1.23228803716591))
REPRESENTATION_ITEM('')
);
#760=(
BOUNDED_CURVE()
B_SPLINE_CURVE(2,(#6445,#6446,#6447),.UNSPECIFIED.,.F.,.F.)
B_SPLINE_CURVE_WITH_KNOTS((3,3),(0.,0.18297574131228),.UNSPECIFIED.)
CURVE()
GEOMETRIC_REPRESENTATION_ITEM()
RATIONAL_B_SPLINE_CURVE((1.,1.04055469368789,1.))
REPRESENTATION_ITEM('')
);
#761=CIRCLE('',#4635,4.50173311456927);
#762=CIRCLE('',#4636,4.50242318727165);
#763=CIRCLE('',#4637,5.50242318727165);
#764=CIRCLE('',#4638,5.50173311456927);
#765=CIRCLE('',#4641,3.60234327678967);
#766=CIRCLE('',#4642,3.60242318727165);
#767=CIRCLE('',#4643,4.50242318727165);
#768=CIRCLE('',#4644,4.50173311456927);
#769=CIRCLE('',#4647,7.24999999513454);
#770=CIRCLE('',#4648,0.900000000000001);
#771=CIRCLE('',#4649,0.900000000000001);
#772=CIRCLE('',#4650,0.900000000000001);
#773=CIRCLE('',#4651,0.900000000000001);
#774=CIRCLE('',#4653,4.50422996030243);
#775=CIRCLE('',#4654,5.50422996030243);
#776=CIRCLE('',#4655,5.50422996030243);
#777=CIRCLE('',#4656,5.50422996030243);
#778=CIRCLE('',#4661,3.602361706586);
#779=CIRCLE('',#4662,4.50422996030243);
#780=CIRCLE('',#4666,2.26494588774254);
#781=CIRCLE('',#4667,3.26494588774254);
#782=CIRCLE('',#4669,2.26494588774255);
#783=CIRCLE('',#4670,3.26494588774255);
#784=CIRCLE('',#4673,2.28);
#785=CIRCLE('',#4674,3.28);
#786=CIRCLE('',#4677,3.28);
#787=CIRCLE('',#4678,2.28);
#788=CIRCLE('',#4682,2.26494588774255);
#789=CIRCLE('',#4683,2.26494588774255);
#790=CIRCLE('',#4686,2.26494588774254);
#791=CIRCLE('',#4689,2.28);
#792=CIRCLE('',#4692,2.28);
#793=CIRCLE('',#4693,2.28);
#794=CIRCLE('',#4695,2.1);
#795=CIRCLE('',#4696,2.1);
#796=CIRCLE('',#4698,1.9);
#797=CIRCLE('',#4700,1.9);
#798=CIRCLE('',#4702,2.1);
#799=CIRCLE('',#4703,2.1);
#800=CIRCLE('',#4705,1.9);
#801=CIRCLE('',#4707,1.9);
#802=CIRCLE('',#4709,2.1);
#803=CIRCLE('',#4710,2.1);
#804=CIRCLE('',#4712,1.9);
#805=CIRCLE('',#4714,1.9);
#806=CIRCLE('',#4716,2.1);
#807=CIRCLE('',#4717,2.1);
#808=CIRCLE('',#4719,1.9);
#809=CIRCLE('',#4721,1.9);
#810=CIRCLE('',#4723,1.9);
#811=CIRCLE('',#4725,1.9);
#812=CIRCLE('',#4727,1.9);
#813=CIRCLE('',#4729,1.9);
#814=CIRCLE('',#4734,4.50376919092119);
#815=CIRCLE('',#4735,3.60236153971899);
#816=CIRCLE('',#4755,1.9);
#817=CIRCLE('',#4757,1.575);
#818=CIRCLE('',#4759,1.9);
#819=CIRCLE('',#4761,1.575);
#820=CIRCLE('',#4763,1.9);
#821=CIRCLE('',#4765,1.575);
#822=CIRCLE('',#4767,1.9);
#823=CIRCLE('',#4769,1.575);
#824=CIRCLE('',#4772,1.9);
#825=CIRCLE('',#4773,1.9);
#826=CIRCLE('',#4776,1.9);
#827=CIRCLE('',#4777,1.9);
#828=CIRCLE('',#4780,1.9);
#829=CIRCLE('',#4781,1.9);
#830=CIRCLE('',#4783,1.9);
#831=CIRCLE('',#4784,1.9);
#832=CIRCLE('',#4787,1.08);
#833=CIRCLE('',#4788,1.08);
#834=CIRCLE('',#4789,1.06494588774254);
#835=CIRCLE('',#4790,1.06494588774255);
#836=CIRCLE('',#4793,1.08);
#837=CIRCLE('',#4796,1.08);
#838=CIRCLE('',#4802,1.06494588774255);
#839=CIRCLE('',#4803,1.06494588774254);
#840=CIRCLE('',#4805,4.50234327678967);
#841=CIRCLE('',#4806,5.50234327678967);
#842=CIRCLE('',#4811,4.50236170658601);
#843=CIRCLE('',#4812,5.50236170658601);
#844=CIRCLE('',#4817,4.50236153971899);
#845=CIRCLE('',#4818,5.50236153971899);
#846=CIRCLE('',#4823,5.50242318727164);
#847=CIRCLE('',#4824,4.50242318727164);
#848=CIRCLE('',#4831,0.900000000000001);
#849=CIRCLE('',#4832,0.900000000000001);
#850=CIRCLE('',#4833,0.900000000000001);
#851=CIRCLE('',#4834,0.900000000000001);
#852=CIRCLE('',#4835,7.24999999513454);
#853=CIRCLE('',#4842,0.940274258626818);
#854=CIRCLE('',#4843,0.941918295480743);
#855=CIRCLE('',#4844,0.900000000000265);
#856=CIRCLE('',#4845,0.900000000000696);
#857=CIRCLE('',#4847,4.50376919092119);
#858=CIRCLE('',#4848,5.50376919092118);
#859=CIRCLE('',#4877,6.9);
#860=CIRCLE('',#4878,4.4);
#861=CIRCLE('',#4879,6.9);
#862=CIRCLE('',#4881,3.60236153971899);
#863=CIRCLE('',#4882,3.60242318727165);
#864=CIRCLE('',#4883,3.60234327678967);
#865=CIRCLE('',#4884,3.602361706586);
#866=CIRCLE('',#4885,3.00245115312598);
#867=CIRCLE('',#4886,4.4);
#868=CIRCLE('',#4887,3.002364764594);
#869=CIRCLE('',#4888,4.4);
#870=CIRCLE('',#4889,3.002364764594);
#871=CIRCLE('',#4890,6.9);
#872=CIRCLE('',#4891,3.00246929390899);
#873=CIRCLE('',#4892,4.4);
#874=CIRCLE('',#4893,3.00246929390899);
#875=CIRCLE('',#4894,6.9);
#876=CIRCLE('',#4895,4.2);
#877=CIRCLE('',#4896,6.7);
#878=CIRCLE('',#4898,4.4);
#879=CIRCLE('',#4900,4.2);
#880=CIRCLE('',#4902,4.2);
#881=CIRCLE('',#4904,4.4);
#882=CIRCLE('',#4906,4.4);
#883=CIRCLE('',#4908,4.4);
#884=CIRCLE('',#4910,4.4);
#885=CIRCLE('',#4916,4.4);
#886=CIRCLE('',#4918,3.00245115312598);
#887=CIRCLE('',#4921,4.4);
#888=CIRCLE('',#4922,4.4);
#889=CIRCLE('',#4924,1.575);
#890=CIRCLE('',#4934,1.575);
#891=CIRCLE('',#4936,3.002364764594);
#892=CIRCLE('',#4938,4.4);
#893=CIRCLE('',#4940,3.002364764594);
#894=CIRCLE('',#4947,1.575);
#895=CIRCLE('',#4949,4.2);
#896=CIRCLE('',#4957,1.575);
#897=CIRCLE('',#4959,3.00246929390899);
#898=CIRCLE('',#4961,4.4);
#899=CIRCLE('',#4963,3.00246929390899);
#900=CIRCLE('',#4976,0.900000000000265);
#901=CIRCLE('',#4977,0.941918295480743);
#902=CIRCLE('',#4978,0.940274258626818);
#903=CIRCLE('',#4979,0.900000000000696);
#904=LINE('',#6218,#1354);
#905=LINE('',#6220,#1355);
#906=LINE('',#6222,#1356);
#907=LINE('',#6224,#1357);
#908=LINE('',#6226,#1358);
#909=LINE('',#6230,#1359);
#910=LINE('',#6232,#1360);
#911=LINE('',#6234,#1361);
#912=LINE('',#6238,#1362);
#913=LINE('',#6240,#1363);
#914=LINE('',#6246,#1364);
#915=LINE('',#6248,#1365);
#916=LINE('',#6252,#1366);
#917=LINE('',#6254,#1367);
#918=LINE('',#6256,#1368);
#919=LINE('',#6260,#1369);
#920=LINE('',#6262,#1370);
#921=LINE('',#6263,#1371);
#922=LINE('',#6267,#1372);
#923=LINE('',#6269,#1373);
#924=LINE('',#6271,#1374);
#925=LINE('',#6275,#1375);
#926=LINE('',#6277,#1376);
#927=LINE('',#6279,#1377);
#928=LINE('',#6283,#1378);
#929=LINE('',#6285,#1379);
#930=LINE('',#6287,#1380);
#931=LINE('',#6289,#1381);
#932=LINE('',#6291,#1382);
#933=LINE('',#6295,#1383);
#934=LINE('',#6297,#1384);
#935=LINE('',#6299,#1385);
#936=LINE('',#6302,#1386);
#937=LINE('',#6304,#1387);
#938=LINE('',#6305,#1388);
#939=LINE('',#6308,#1389);
#940=LINE('',#6310,#1390);
#941=LINE('',#6311,#1391);
#942=LINE('',#6314,#1392);
#943=LINE('',#6316,#1393);
#944=LINE('',#6318,#1394);
#945=LINE('',#6320,#1395);
#946=LINE('',#6322,#1396);
#947=LINE('',#6324,#1397);
#948=LINE('',#6325,#1398);
#949=LINE('',#6330,#1399);
#950=LINE('',#6334,#1400);
#951=LINE('',#6338,#1401);
#952=LINE('',#6342,#1402);
#953=LINE('',#6349,#1403);
#954=LINE('',#6351,#1404);
#955=LINE('',#6353,#1405);
#956=LINE('',#6355,#1406);
#957=LINE('',#6357,#1407);
#958=LINE('',#6365,#1408);
#959=LINE('',#6367,#1409);
#960=LINE('',#6369,#1410);
#961=LINE('',#6371,#1411);
#962=LINE('',#6372,#1412);
#963=LINE('',#6376,#1413);
#964=LINE('',#6378,#1414);
#965=LINE('',#6379,#1415);
#966=LINE('',#6380,#1416);
#967=LINE('',#6384,#1417);
#968=LINE('',#6385,#1418);
#969=LINE('',#6386,#1419);
#970=LINE('',#6390,#1420);
#971=LINE('',#6391,#1421);
#972=LINE('',#6392,#1422);
#973=LINE('',#6393,#1423);
#974=LINE('',#6398,#1424);
#975=LINE('',#6400,#1425);
#976=LINE('',#6402,#1426);
#977=LINE('',#6404,#1427);
#978=LINE('',#6408,#1428);
#979=LINE('',#6410,#1429);
#980=LINE('',#6412,#1430);
#981=LINE('',#6414,#1431);
#982=LINE('',#6415,#1432);
#983=LINE('',#6417,#1433);
#984=LINE('',#6455,#1434);
#985=LINE('',#6456,#1435);
#986=LINE('',#6461,#1436);
#987=LINE('',#6466,#1437);
#988=LINE('',#6467,#1438);
#989=LINE('',#6468,#1439);
#990=LINE('',#6472,#1440);
#991=LINE('',#6476,#1441);
#992=LINE('',#6477,#1442);
#993=LINE('',#6480,#1443);
#994=LINE('',#6482,#1444);
#995=LINE('',#6483,#1445);
#996=LINE('',#6486,#1446);
#997=LINE('',#6490,#1447);
#998=LINE('',#6494,#1448);
#999=LINE('',#6495,#1449);
#1000=LINE('',#6498,#1450);
#1001=LINE('',#6502,#1451);
#1002=LINE('',#6503,#1452);
#1003=LINE('',#6506,#1453);
#1004=LINE('',#6510,#1454);
#1005=LINE('',#6511,#1455);
#1006=LINE('',#6516,#1456);
#1007=LINE('',#6522,#1457);
#1008=LINE('',#6534,#1458);
#1009=LINE('',#6546,#1459);
#1010=LINE('',#6558,#1460);
#1011=LINE('',#6569,#1461);
#1012=LINE('',#6573,#1462);
#1013=LINE('',#6577,#1463);
#1014=LINE('',#6581,#1464);
#1015=LINE('',#6585,#1465);
#1016=LINE('',#6587,#1466);
#1017=LINE('',#6589,#1467);
#1018=LINE('',#6590,#1468);
#1019=LINE('',#6594,#1469);
#1020=LINE('',#6596,#1470);
#1021=LINE('',#6598,#1471);
#1022=LINE('',#6599,#1472);
#1023=LINE('',#6601,#1473);
#1024=LINE('',#6602,#1474);
#1025=LINE('',#6605,#1475);
#1026=LINE('',#6607,#1476);
#1027=LINE('',#6611,#1477);
#1028=LINE('',#6613,#1478);
#1029=LINE('',#6615,#1479);
#1030=LINE('',#6617,#1480);
#1031=LINE('',#6619,#1481);
#1032=LINE('',#6623,#1482);
#1033=LINE('',#6625,#1483);
#1034=LINE('',#6627,#1484);
#1035=LINE('',#6628,#1485);
#1036=LINE('',#6632,#1486);
#1037=LINE('',#6634,#1487);
#1038=LINE('',#6636,#1488);
#1039=LINE('',#6637,#1489);
#1040=LINE('',#6640,#1490);
#1041=LINE('',#6642,#1491);
#1042=LINE('',#6643,#1492);
#1043=LINE('',#6646,#1493);
#1044=LINE('',#6647,#1494);
#1045=LINE('',#6650,#1495);
#1046=LINE('',#6651,#1496);
#1047=LINE('',#6653,#1497);
#1048=LINE('',#6656,#1498);
#1049=LINE('',#6658,#1499);
#1050=LINE('',#6660,#1500);
#1051=LINE('',#6662,#1501);
#1052=LINE('',#6663,#1502);
#1053=LINE('',#6665,#1503);
#1054=LINE('',#6667,#1504);
#1055=LINE('',#6669,#1505);
#1056=LINE('',#6670,#1506);
#1057=LINE('',#6673,#1507);
#1058=LINE('',#6674,#1508);
#1059=LINE('',#6677,#1509);
#1060=LINE('',#6678,#1510);
#1061=LINE('',#6681,#1511);
#1062=LINE('',#6683,#1512);
#1063=LINE('',#6684,#1513);
#1064=LINE('',#6687,#1514);
#1065=LINE('',#6689,#1515);
#1066=LINE('',#6690,#1516);
#1067=LINE('',#6694,#1517);
#1068=LINE('',#6696,#1518);
#1069=LINE('',#6698,#1519);
#1070=LINE('',#6699,#1520);
#1071=LINE('',#6702,#1521);
#1072=LINE('',#6704,#1522);
#1073=LINE('',#6705,#1523);
#1074=LINE('',#6708,#1524);
#1075=LINE('',#6710,#1525);
#1076=LINE('',#6711,#1526);
#1077=LINE('',#6713,#1527);
#1078=LINE('',#6714,#1528);
#1079=LINE('',#6734,#1529);
#1080=LINE('',#6741,#1530);
#1081=LINE('',#6764,#1531);
#1082=LINE('',#6787,#1532);
#1083=LINE('',#6810,#1533);
#1084=LINE('',#6833,#1534);
#1085=LINE('',#6856,#1535);
#1086=LINE('',#6879,#1536);
#1087=LINE('',#6918,#1537);
#1088=LINE('',#6925,#1538);
#1089=LINE('',#6948,#1539);
#1090=LINE('',#6971,#1540);
#1091=LINE('',#6994,#1541);
#1092=LINE('',#7017,#1542);
#1093=LINE('',#7040,#1543);
#1094=LINE('',#7063,#1544);
#1095=LINE('',#7086,#1545);
#1096=LINE('',#7109,#1546);
#1097=LINE('',#7133,#1547);
#1098=LINE('',#7135,#1548);
#1099=LINE('',#7137,#1549);
#1100=LINE('',#7139,#1550);
#1101=LINE('',#7141,#1551);
#1102=LINE('',#7143,#1552);
#1103=LINE('',#7144,#1553);
#1104=LINE('',#7147,#1554);
#1105=LINE('',#7154,#1555);
#1106=LINE('',#7161,#1556);
#1107=LINE('',#7168,#1557);
#1108=LINE('',#7176,#1558);
#1109=LINE('',#7178,#1559);
#1110=LINE('',#7180,#1560);
#1111=LINE('',#7181,#1561);
#1112=LINE('',#7187,#1562);
#1113=LINE('',#7190,#1563);
#1114=LINE('',#7192,#1564);
#1115=LINE('',#7193,#1565);
#1116=LINE('',#7199,#1566);
#1117=LINE('',#7202,#1567);
#1118=LINE('',#7204,#1568);
#1119=LINE('',#7205,#1569);
#1120=LINE('',#7213,#1570);
#1121=LINE('',#7214,#1571);
#1122=LINE('',#7220,#1572);
#1123=LINE('',#7224,#1573);
#1124=LINE('',#7228,#1574);
#1125=LINE('',#7231,#1575);
#1126=LINE('',#7234,#1576);
#1127=LINE('',#7236,#1577);
#1128=LINE('',#7237,#1578);
#1129=LINE('',#7240,#1579);
#1130=LINE('',#7244,#1580);
#1131=LINE('',#7245,#1581);
#1132=LINE('',#7248,#1582);
#1133=LINE('',#7251,#1583);
#1134=LINE('',#7252,#1584);
#1135=LINE('',#7256,#1585);
#1136=LINE('',#7257,#1586);
#1137=LINE('',#7258,#1587);
#1138=LINE('',#7260,#1588);
#1139=LINE('',#7263,#1589);
#1140=LINE('',#7264,#1590);
#1141=LINE('',#7265,#1591);
#1142=LINE('',#7268,#1592);
#1143=LINE('',#7270,#1593);
#1144=LINE('',#7271,#1594);
#1145=LINE('',#7273,#1595);
#1146=LINE('',#7277,#1596);
#1147=LINE('',#7312,#1597);
#1148=LINE('',#7351,#1598);
#1149=LINE('',#7354,#1599);
#1150=LINE('',#7393,#1600);
#1151=LINE('',#7435,#1601);
#1152=LINE('',#7449,#1602);
#1153=LINE('',#7469,#1603);
#1154=LINE('',#7509,#1604);
#1155=LINE('',#7561,#1605);
#1156=LINE('',#7603,#1606);
#1157=LINE('',#7617,#1607);
#1158=LINE('',#7636,#1608);
#1159=LINE('',#7637,#1609);
#1160=LINE('',#7678,#1610);
#1161=LINE('',#7679,#1611);
#1162=LINE('',#7681,#1612);
#1163=LINE('',#7682,#1613);
#1164=LINE('',#7701,#1614);
#1165=LINE('',#7702,#1615);
#1166=LINE('',#7743,#1616);
#1167=LINE('',#7744,#1617);
#1168=LINE('',#7746,#1618);
#1169=LINE('',#7747,#1619);
#1170=LINE('',#7749,#1620);
#1171=LINE('',#7750,#1621);
#1172=LINE('',#7752,#1622);
#1173=LINE('',#7754,#1623);
#1174=LINE('',#7755,#1624);
#1175=LINE('',#7758,#1625);
#1176=LINE('',#7762,#1626);
#1177=LINE('',#7766,#1627);
#1178=LINE('',#7770,#1628);
#1179=LINE('',#7775,#1629);
#1180=LINE('',#7777,#1630);
#1181=LINE('',#7779,#1631);
#1182=LINE('',#7782,#1632);
#1183=LINE('',#7784,#1633);
#1184=LINE('',#7785,#1634);
#1185=LINE('',#7786,#1635);
#1186=LINE('',#7789,#1636);
#1187=LINE('',#7790,#1637);
#1188=LINE('',#7794,#1638);
#1189=LINE('',#7798,#1639);
#1190=LINE('',#7802,#1640);
#1191=LINE('',#7806,#1641);
#1192=LINE('',#7810,#1642);
#1193=LINE('',#7812,#1643);
#1194=LINE('',#7816,#1644);
#1195=LINE('',#7818,#1645);
#1196=LINE('',#7819,#1646);
#1197=LINE('',#7822,#1647);
#1198=LINE('',#7824,#1648);
#1199=LINE('',#7825,#1649);
#1200=LINE('',#7826,#1650);
#1201=LINE('',#7830,#1651);
#1202=LINE('',#7832,#1652);
#1203=LINE('',#7834,#1653);
#1204=LINE('',#7836,#1654);
#1205=LINE('',#7839,#1655);
#1206=LINE('',#7841,#1656);
#1207=LINE('',#7843,#1657);
#1208=LINE('',#7845,#1658);
#1209=LINE('',#7847,#1659);
#1210=LINE('',#7849,#1660);
#1211=LINE('',#7852,#1661);
#1212=LINE('',#7854,#1662);
#1213=LINE('',#7856,#1663);
#1214=LINE('',#7858,#1664);
#1215=LINE('',#7860,#1665);
#1216=LINE('',#7864,#1666);
#1217=LINE('',#7866,#1667);
#1218=LINE('',#7867,#1668);
#1219=LINE('',#7874,#1669);
#1220=LINE('',#7876,#1670);
#1221=LINE('',#7883,#1671);
#1222=LINE('',#7885,#1672);
#1223=LINE('',#7892,#1673);
#1224=LINE('',#7894,#1674);
#1225=LINE('',#7948,#1675);
#1226=LINE('',#7950,#1676);
#1227=LINE('',#7954,#1677);
#1228=LINE('',#7956,#1678);
#1229=LINE('',#7958,#1679);
#1230=LINE('',#7961,#1680);
#1231=LINE('',#7963,#1681);
#1232=LINE('',#7967,#1682);
#1233=LINE('',#7969,#1683);
#1234=LINE('',#7970,#1684);
#1235=LINE('',#7972,#1685);
#1236=LINE('',#7974,#1686);
#1237=LINE('',#7979,#1687);
#1238=LINE('',#7981,#1688);
#1239=LINE('',#7983,#1689);
#1240=LINE('',#7985,#1690);
#1241=LINE('',#7987,#1691);
#1242=LINE('',#7989,#1692);
#1243=LINE('',#7991,#1693);
#1244=LINE('',#7993,#1694);
#1245=LINE('',#7994,#1695);
#1246=LINE('',#7997,#1696);
#1247=LINE('',#7999,#1697);
#1248=LINE('',#8007,#1698);
#1249=LINE('',#8009,#1699);
#1250=LINE('',#8013,#1700);
#1251=LINE('',#8015,#1701);
#1252=LINE('',#8023,#1702);
#1253=LINE('',#8025,#1703);
#1254=LINE('',#8029,#1704);
#1255=LINE('',#8031,#1705);
#1256=LINE('',#8035,#1706);
#1257=LINE('',#8039,#1707);
#1258=LINE('',#8042,#1708);
#1259=LINE('',#8073,#1709);
#1260=LINE('',#8076,#1710);
#1261=LINE('',#8107,#1711);
#1262=LINE('',#8110,#1712);
#1263=LINE('',#8141,#1713);
#1264=LINE('',#8144,#1714);
#1265=LINE('',#8146,#1715);
#1266=LINE('',#8147,#1716);
#1267=LINE('',#8150,#1717);
#1268=LINE('',#8154,#1718);
#1269=LINE('',#8157,#1719);
#1270=LINE('',#8160,#1720);
#1271=LINE('',#8164,#1721);
#1272=LINE('',#8165,#1722);
#1273=LINE('',#8169,#1723);
#1274=LINE('',#8173,#1724);
#1275=LINE('',#8178,#1725);
#1276=LINE('',#8180,#1726);
#1277=LINE('',#8182,#1727);
#1278=LINE('',#8184,#1728);
#1279=LINE('',#8188,#1729);
#1280=LINE('',#8189,#1730);
#1281=LINE('',#8191,#1731);
#1282=LINE('',#8192,#1732);
#1283=LINE('',#8195,#1733);
#1284=LINE('',#8196,#1734);
#1285=LINE('',#8199,#1735);
#1286=LINE('',#8200,#1736);
#1287=LINE('',#8203,#1737);
#1288=LINE('',#8204,#1738);
#1289=LINE('',#8208,#1739);
#1290=LINE('',#8211,#1740);
#1291=LINE('',#8215,#1741);
#1292=LINE('',#8219,#1742);
#1293=LINE('',#8222,#1743);
#1294=LINE('',#8227,#1744);
#1295=LINE('',#8228,#1745);
#1296=LINE('',#8231,#1746);
#1297=LINE('',#8232,#1747);
#1298=LINE('',#8236,#1748);
#1299=LINE('',#8239,#1749);
#1300=LINE('',#8242,#1750);
#1301=LINE('',#8247,#1751);
#1302=LINE('',#8248,#1752);
#1303=LINE('',#8251,#1753);
#1304=LINE('',#8252,#1754);
#1305=LINE('',#8255,#1755);
#1306=LINE('',#8256,#1756);
#1307=LINE('',#8260,#1757);
#1308=LINE('',#8263,#1758);
#1309=LINE('',#8267,#1759);
#1310=LINE('',#8271,#1760);
#1311=LINE('',#8274,#1761);
#1312=LINE('',#8280,#1762);
#1313=LINE('',#8281,#1763);
#1314=LINE('',#8282,#1764);
#1315=LINE('',#8285,#1765);
#1316=LINE('',#8286,#1766);
#1317=LINE('',#8289,#1767);
#1318=LINE('',#8290,#1768);
#1319=LINE('',#8293,#1769);
#1320=LINE('',#8294,#1770);
#1321=LINE('',#8297,#1771);
#1322=LINE('',#8298,#1772);
#1323=LINE('',#8301,#1773);
#1324=LINE('',#8302,#1774);
#1325=LINE('',#8305,#1775);
#1326=LINE('',#8306,#1776);
#1327=LINE('',#8308,#1777);
#1328=LINE('',#8313,#1778);
#1329=LINE('',#8317,#1779);
#1330=LINE('',#8321,#1780);
#1331=LINE('',#8324,#1781);
#1332=LINE('',#8326,#1782);
#1333=LINE('',#8328,#1783);
#1334=LINE('',#8330,#1784);
#1335=LINE('',#8331,#1785);
#1336=LINE('',#8333,#1786);
#1337=LINE('',#8338,#1787);
#1338=LINE('',#8339,#1788);
#1339=LINE('',#8341,#1789);
#1340=LINE('',#8343,#1790);
#1341=LINE('',#8345,#1791);
#1342=LINE('',#8347,#1792);
#1343=LINE('',#8350,#1793);
#1344=LINE('',#8352,#1794);
#1345=LINE('',#8354,#1795);
#1346=LINE('',#8356,#1796);
#1347=LINE('',#8358,#1797);
#1348=LINE('',#8360,#1798);
#1349=LINE('',#8364,#1799);
#1350=LINE('',#8368,#1800);
#1351=LINE('',#8370,#1801);
#1352=LINE('',#8372,#1802);
#1353=LINE('',#8374,#1803);
#1354=VECTOR('',#5014,10.);
#1355=VECTOR('',#5015,10.);
#1356=VECTOR('',#5016,10.);
#1357=VECTOR('',#5017,10.);
#1358=VECTOR('',#5018,10.);
#1359=VECTOR('',#5021,10.);
#1360=VECTOR('',#5022,10.);
#1361=VECTOR('',#5023,10.);
#1362=VECTOR('',#5026,10.);
#1363=VECTOR('',#5027,10.);
#1364=VECTOR('',#5028,10.);
#1365=VECTOR('',#5029,10.);
#1366=VECTOR('',#5032,10.);
#1367=VECTOR('',#5033,10.);
#1368=VECTOR('',#5034,10.);
#1369=VECTOR('',#5039,10.);
#1370=VECTOR('',#5040,10.);
#1371=VECTOR('',#5041,10.);
#1372=VECTOR('',#5044,10.);
#1373=VECTOR('',#5045,10.);
#1374=VECTOR('',#5046,10.);
#1375=VECTOR('',#5049,10.);
#1376=VECTOR('',#5050,10.);
#1377=VECTOR('',#5051,10.);
#1378=VECTOR('',#5054,10.);
#1379=VECTOR('',#5055,10.);
#1380=VECTOR('',#5056,10.);
#1381=VECTOR('',#5057,10.);
#1382=VECTOR('',#5058,10.);
#1383=VECTOR('',#5061,10.);
#1384=VECTOR('',#5062,10.);
#1385=VECTOR('',#5063,10.);
#1386=VECTOR('',#5066,10.);
#1387=VECTOR('',#5067,10.);
#1388=VECTOR('',#5068,10.);
#1389=VECTOR('',#5071,10.);
#1390=VECTOR('',#5072,10.);
#1391=VECTOR('',#5073,10.);
#1392=VECTOR('',#5076,10.);
#1393=VECTOR('',#5077,10.);
#1394=VECTOR('',#5078,10.);
#1395=VECTOR('',#5079,10.);
#1396=VECTOR('',#5080,10.);
#1397=VECTOR('',#5081,10.);
#1398=VECTOR('',#5082,10.);
#1399=VECTOR('',#5085,10.);
#1400=VECTOR('',#5088,10.);
#1401=VECTOR('',#5091,10.);
#1402=VECTOR('',#5094,10.);
#1403=VECTOR('',#5101,10.);
#1404=VECTOR('',#5102,10.);
#1405=VECTOR('',#5103,10.);
#1406=VECTOR('',#5104,10.);
#1407=VECTOR('',#5105,10.);
#1408=VECTOR('',#5112,10.);
#1409=VECTOR('',#5113,10.);
#1410=VECTOR('',#5114,10.);
#1411=VECTOR('',#5115,10.);
#1412=VECTOR('',#5116,10.);
#1413=VECTOR('',#5119,10.);
#1414=VECTOR('',#5120,10.);
#1415=VECTOR('',#5121,10.);
#1416=VECTOR('',#5122,10.);
#1417=VECTOR('',#5125,10.);
#1418=VECTOR('',#5126,10.);
#1419=VECTOR('',#5127,10.);
#1420=VECTOR('',#5130,10.);
#1421=VECTOR('',#5131,10.);
#1422=VECTOR('',#5132,10.);
#1423=VECTOR('',#5133,10.);
#1424=VECTOR('',#5138,10.);
#1425=VECTOR('',#5139,10.);
#1426=VECTOR('',#5140,10.);
#1427=VECTOR('',#5141,10.);
#1428=VECTOR('',#5144,10.);
#1429=VECTOR('',#5145,10.);
#1430=VECTOR('',#5146,10.);
#1431=VECTOR('',#5147,10.);
#1432=VECTOR('',#5148,10.);
#1433=VECTOR('',#5151,10.);
#1434=VECTOR('',#5168,10.);
#1435=VECTOR('',#5169,10.);
#1436=VECTOR('',#5174,10.);
#1437=VECTOR('',#5179,10.);
#1438=VECTOR('',#5180,10.);
#1439=VECTOR('',#5181,10.);
#1440=VECTOR('',#5184,10.);
#1441=VECTOR('',#5191,10.);
#1442=VECTOR('',#5192,10.);
#1443=VECTOR('',#5195,10.);
#1444=VECTOR('',#5196,10.);
#1445=VECTOR('',#5197,10.);
#1446=VECTOR('',#5200,10.);
#1447=VECTOR('',#5203,10.);
#1448=VECTOR('',#5208,10.);
#1449=VECTOR('',#5209,10.);
#1450=VECTOR('',#5212,10.);
#1451=VECTOR('',#5217,10.);
#1452=VECTOR('',#5218,10.);
#1453=VECTOR('',#5221,10.);
#1454=VECTOR('',#5226,10.);
#1455=VECTOR('',#5227,10.);
#1456=VECTOR('',#5232,10.);
#1457=VECTOR('',#5239,2.1);
#1458=VECTOR('',#5254,2.1);
#1459=VECTOR('',#5269,2.1);
#1460=VECTOR('',#5284,2.1);
#1461=VECTOR('',#5299,1.9);
#1462=VECTOR('',#5304,1.9);
#1463=VECTOR('',#5309,1.9);
#1464=VECTOR('',#5314,1.9);
#1465=VECTOR('',#5317,10.);
#1466=VECTOR('',#5318,10.);
#1467=VECTOR('',#5319,10.);
#1468=VECTOR('',#5320,10.);
#1469=VECTOR('',#5323,10.);
#1470=VECTOR('',#5324,10.);
#1471=VECTOR('',#5325,10.);
#1472=VECTOR('',#5326,10.);
#1473=VECTOR('',#5329,10.);
#1474=VECTOR('',#5330,10.);
#1475=VECTOR('',#5333,10.);
#1476=VECTOR('',#5334,10.);
#1477=VECTOR('',#5337,10.);
#1478=VECTOR('',#5338,10.);
#1479=VECTOR('',#5339,10.);
#1480=VECTOR('',#5340,10.);
#1481=VECTOR('',#5341,10.);
#1482=VECTOR('',#5344,10.);
#1483=VECTOR('',#5345,10.);
#1484=VECTOR('',#5346,10.);
#1485=VECTOR('',#5347,10.);
#1486=VECTOR('',#5350,10.);
#1487=VECTOR('',#5351,10.);
#1488=VECTOR('',#5352,10.);
#1489=VECTOR('',#5353,10.);
#1490=VECTOR('',#5356,10.);
#1491=VECTOR('',#5357,10.);
#1492=VECTOR('',#5358,10.);
#1493=VECTOR('',#5361,10.);
#1494=VECTOR('',#5362,10.);
#1495=VECTOR('',#5365,10.);
#1496=VECTOR('',#5366,10.);
#1497=VECTOR('',#5369,10.);
#1498=VECTOR('',#5372,10.);
#1499=VECTOR('',#5373,10.);
#1500=VECTOR('',#5374,10.);
#1501=VECTOR('',#5375,10.);
#1502=VECTOR('',#5376,10.);
#1503=VECTOR('',#5379,10.);
#1504=VECTOR('',#5380,10.);
#1505=VECTOR('',#5381,10.);
#1506=VECTOR('',#5382,10.);
#1507=VECTOR('',#5385,10.);
#1508=VECTOR('',#5386,10.);
#1509=VECTOR('',#5389,10.);
#1510=VECTOR('',#5390,10.);
#1511=VECTOR('',#5393,10.);
#1512=VECTOR('',#5394,10.);
#1513=VECTOR('',#5395,10.);
#1514=VECTOR('',#5398,10.);
#1515=VECTOR('',#5399,10.);
#1516=VECTOR('',#5400,10.);
#1517=VECTOR('',#5403,10.);
#1518=VECTOR('',#5404,10.);
#1519=VECTOR('',#5405,10.);
#1520=VECTOR('',#5406,10.);
#1521=VECTOR('',#5409,10.);
#1522=VECTOR('',#5410,10.);
#1523=VECTOR('',#5411,10.);
#1524=VECTOR('',#5414,10.);
#1525=VECTOR('',#5415,10.);
#1526=VECTOR('',#5416,10.);
#1527=VECTOR('',#5419,10.);
#1528=VECTOR('',#5420,10.);
#1529=VECTOR('',#5423,10.);
#1530=VECTOR('',#5424,10.);
#1531=VECTOR('',#5425,10.);
#1532=VECTOR('',#5426,10.);
#1533=VECTOR('',#5427,10.);
#1534=VECTOR('',#5428,10.);
#1535=VECTOR('',#5429,10.);
#1536=VECTOR('',#5430,10.);
#1537=VECTOR('',#5431,10.);
#1538=VECTOR('',#5432,10.);
#1539=VECTOR('',#5433,10.);
#1540=VECTOR('',#5434,10.);
#1541=VECTOR('',#5435,10.);
#1542=VECTOR('',#5436,10.);
#1543=VECTOR('',#5437,10.);
#1544=VECTOR('',#5438,10.);
#1545=VECTOR('',#5439,10.);
#1546=VECTOR('',#5440,10.);
#1547=VECTOR('',#5445,10.);
#1548=VECTOR('',#5446,10.);
#1549=VECTOR('',#5447,10.);
#1550=VECTOR('',#5448,10.);
#1551=VECTOR('',#5449,10.);
#1552=VECTOR('',#5450,10.);
#1553=VECTOR('',#5451,10.);
#1554=VECTOR('',#5454,1.89999999999999);
#1555=VECTOR('',#5463,1.9);
#1556=VECTOR('',#5472,1.9);
#1557=VECTOR('',#5481,1.9);
#1558=VECTOR('',#5490,10.);
#1559=VECTOR('',#5491,10.);
#1560=VECTOR('',#5492,10.);
#1561=VECTOR('',#5493,10.);
#1562=VECTOR('',#5500,10.);
#1563=VECTOR('',#5503,10.);
#1564=VECTOR('',#5504,10.);
#1565=VECTOR('',#5505,10.);
#1566=VECTOR('',#5512,10.);
#1567=VECTOR('',#5515,10.);
#1568=VECTOR('',#5516,10.);
#1569=VECTOR('',#5517,10.);
#1570=VECTOR('',#5532,10.);
#1571=VECTOR('',#5533,10.);
#1572=VECTOR('',#5538,10.);
#1573=VECTOR('',#5541,10.);
#1574=VECTOR('',#5544,10.);
#1575=VECTOR('',#5547,10.);
#1576=VECTOR('',#5550,10.);
#1577=VECTOR('',#5551,10.);
#1578=VECTOR('',#5552,10.);
#1579=VECTOR('',#5555,10.);
#1580=VECTOR('',#5560,10.);
#1581=VECTOR('',#5561,10.);
#1582=VECTOR('',#5564,10.);
#1583=VECTOR('',#5569,10.);
#1584=VECTOR('',#5570,10.);
#1585=VECTOR('',#5573,10.);
#1586=VECTOR('',#5574,10.);
#1587=VECTOR('',#5575,10.);
#1588=VECTOR('',#5578,10.);
#1589=VECTOR('',#5581,10.);
#1590=VECTOR('',#5582,10.);
#1591=VECTOR('',#5583,10.);
#1592=VECTOR('',#5586,10.);
#1593=VECTOR('',#5587,10.);
#1594=VECTOR('',#5588,10.);
#1595=VECTOR('',#5589,10.);
#1596=VECTOR('',#5592,10.);
#1597=VECTOR('',#5603,10.);
#1598=VECTOR('',#5604,10.);
#1599=VECTOR('',#5607,10.);
#1600=VECTOR('',#5608,10.);
#1601=VECTOR('',#5611,10.);
#1602=VECTOR('',#5612,10.);
#1603=VECTOR('',#5621,10.);
#1604=VECTOR('',#5622,10.);
#1605=VECTOR('',#5625,10.);
#1606=VECTOR('',#5628,10.);
#1607=VECTOR('',#5629,10.);
#1608=VECTOR('',#5638,10.);
#1609=VECTOR('',#5639,10.);
#1610=VECTOR('',#5642,10.);
#1611=VECTOR('',#5643,10.);
#1612=VECTOR('',#5646,10.);
#1613=VECTOR('',#5647,10.);
#1614=VECTOR('',#5656,10.);
#1615=VECTOR('',#5657,10.);
#1616=VECTOR('',#5660,10.);
#1617=VECTOR('',#5661,10.);
#1618=VECTOR('',#5664,10.);
#1619=VECTOR('',#5665,10.);
#1620=VECTOR('',#5668,10.);
#1621=VECTOR('',#5669,10.);
#1622=VECTOR('',#5672,10.);
#1623=VECTOR('',#5675,10.);
#1624=VECTOR('',#5676,10.);
#1625=VECTOR('',#5677,10.);
#1626=VECTOR('',#5680,10.);
#1627=VECTOR('',#5683,10.);
#1628=VECTOR('',#5686,10.);
#1629=VECTOR('',#5693,10.);
#1630=VECTOR('',#5696,10.);
#1631=VECTOR('',#5699,10.);
#1632=VECTOR('',#5702,10.);
#1633=VECTOR('',#5703,10.);
#1634=VECTOR('',#5704,10.);
#1635=VECTOR('',#5705,10.);
#1636=VECTOR('',#5708,10.);
#1637=VECTOR('',#5709,10.);
#1638=VECTOR('',#5712,10.);
#1639=VECTOR('',#5715,10.);
#1640=VECTOR('',#5718,10.);
#1641=VECTOR('',#5721,10.);
#1642=VECTOR('',#5726,10.);
#1643=VECTOR('',#5727,10.);
#1644=VECTOR('',#5730,10.);
#1645=VECTOR('',#5731,10.);
#1646=VECTOR('',#5732,10.);
#1647=VECTOR('',#5735,10.);
#1648=VECTOR('',#5738,10.);
#1649=VECTOR('',#5739,10.);
#1650=VECTOR('',#5740,10.);
#1651=VECTOR('',#5747,10.);
#1652=VECTOR('',#5750,10.);
#1653=VECTOR('',#5753,10.);
#1654=VECTOR('',#5756,10.);
#1655=VECTOR('',#5761,10.);
#1656=VECTOR('',#5764,10.);
#1657=VECTOR('',#5767,10.);
#1658=VECTOR('',#5770,10.);
#1659=VECTOR('',#5773,10.);
#1660=VECTOR('',#5776,10.);
#1661=VECTOR('',#5781,10.);
#1662=VECTOR('',#5784,10.);
#1663=VECTOR('',#5787,10.);
#1664=VECTOR('',#5790,10.);
#1665=VECTOR('',#5793,10.);
#1666=VECTOR('',#5800,7.24999999513454);
#1667=VECTOR('',#5803,10.);
#1668=VECTOR('',#5804,10.);
#1669=VECTOR('',#5805,10.);
#1670=VECTOR('',#5808,10.);
#1671=VECTOR('',#5809,10.);
#1672=VECTOR('',#5812,10.);
#1673=VECTOR('',#5813,10.);
#1674=VECTOR('',#5816,10.);
#1675=VECTOR('',#5829,10.);
#1676=VECTOR('',#5830,10.);
#1677=VECTOR('',#5833,10.);
#1678=VECTOR('',#5834,10.);
#1679=VECTOR('',#5835,10.);
#1680=VECTOR('',#5838,10.);
#1681=VECTOR('',#5839,10.);
#1682=VECTOR('',#5842,10.);
#1683=VECTOR('',#5843,10.);
#1684=VECTOR('',#5844,10.);
#1685=VECTOR('',#5845,10.);
#1686=VECTOR('',#5846,10.);
#1687=VECTOR('',#5851,10.);
#1688=VECTOR('',#5852,10.);
#1689=VECTOR('',#5853,10.);
#1690=VECTOR('',#5854,10.);
#1691=VECTOR('',#5855,10.);
#1692=VECTOR('',#5856,10.);
#1693=VECTOR('',#5857,10.);
#1694=VECTOR('',#5858,10.);
#1695=VECTOR('',#5859,10.);
#1696=VECTOR('',#5860,10.);
#1697=VECTOR('',#5861,10.);
#1698=VECTOR('',#5868,10.);
#1699=VECTOR('',#5869,10.);
#1700=VECTOR('',#5872,10.);
#1701=VECTOR('',#5873,10.);
#1702=VECTOR('',#5880,10.);
#1703=VECTOR('',#5881,10.);
#1704=VECTOR('',#5884,10.);
#1705=VECTOR('',#5885,10.);
#1706=VECTOR('',#5888,10.);
#1707=VECTOR('',#5893,10.);
#1708=VECTOR('',#5896,10.);
#1709=VECTOR('',#5903,10.);
#1710=VECTOR('',#5906,10.);
#1711=VECTOR('',#5913,10.);
#1712=VECTOR('',#5916,10.);
#1713=VECTOR('',#5923,10.);
#1714=VECTOR('',#5926,10.);
#1715=VECTOR('',#5929,10.);
#1716=VECTOR('',#5930,10.);
#1717=VECTOR('',#5935,10.);
#1718=VECTOR('',#5940,10.);
#1719=VECTOR('',#5943,10.);
#1720=VECTOR('',#5946,10.);
#1721=VECTOR('',#5951,10.);
#1722=VECTOR('',#5952,10.);
#1723=VECTOR('',#5955,10.);
#1724=VECTOR('',#5958,10.);
#1725=VECTOR('',#5965,1.575);
#1726=VECTOR('',#5968,10.);
#1727=VECTOR('',#5971,10.);
#1728=VECTOR('',#5974,10.);
#1729=VECTOR('',#5979,10.);
#1730=VECTOR('',#5980,10.);
#1731=VECTOR('',#5981,10.);
#1732=VECTOR('',#5982,10.);
#1733=VECTOR('',#5985,10.);
#1734=VECTOR('',#5986,10.);
#1735=VECTOR('',#5989,10.);
#1736=VECTOR('',#5990,10.);
#1737=VECTOR('',#5993,10.);
#1738=VECTOR('',#5994,10.);
#1739=VECTOR('',#5999,1.575);
#1740=VECTOR('',#6002,10.);
#1741=VECTOR('',#6007,10.);
#1742=VECTOR('',#6012,10.);
#1743=VECTOR('',#6017,10.);
#1744=VECTOR('',#6024,10.);
#1745=VECTOR('',#6025,10.);
#1746=VECTOR('',#6028,10.);
#1747=VECTOR('',#6029,10.);
#1748=VECTOR('',#6034,1.575);
#1749=VECTOR('',#6037,10.);
#1750=VECTOR('',#6042,10.);
#1751=VECTOR('',#6049,10.);
#1752=VECTOR('',#6050,10.);
#1753=VECTOR('',#6053,10.);
#1754=VECTOR('',#6054,10.);
#1755=VECTOR('',#6057,10.);
#1756=VECTOR('',#6058,10.);
#1757=VECTOR('',#6063,1.575);
#1758=VECTOR('',#6066,10.);
#1759=VECTOR('',#6071,10.);
#1760=VECTOR('',#6076,10.);
#1761=VECTOR('',#6081,10.);
#1762=VECTOR('',#6088,10.);
#1763=VECTOR('',#6089,10.);
#1764=VECTOR('',#6090,10.);
#1765=VECTOR('',#6093,10.);
#1766=VECTOR('',#6094,10.);
#1767=VECTOR('',#6097,10.);
#1768=VECTOR('',#6098,10.);
#1769=VECTOR('',#6101,10.);
#1770=VECTOR('',#6102,10.);
#1771=VECTOR('',#6105,10.);
#1772=VECTOR('',#6106,10.);
#1773=VECTOR('',#6109,10.);
#1774=VECTOR('',#6110,10.);
#1775=VECTOR('',#6113,10.);
#1776=VECTOR('',#6114,10.);
#1777=VECTOR('',#6117,10.);
#1778=VECTOR('',#6122,10.);
#1779=VECTOR('',#6125,10.);
#1780=VECTOR('',#6128,10.);
#1781=VECTOR('',#6133,10.);
#1782=VECTOR('',#6136,10.);
#1783=VECTOR('',#6139,10.);
#1784=VECTOR('',#6142,10.);
#1785=VECTOR('',#6143,10.);
#1786=VECTOR('',#6146,10.);
#1787=VECTOR('',#6155,10.);
#1788=VECTOR('',#6156,10.);
#1789=VECTOR('',#6159,10.);
#1790=VECTOR('',#6162,10.);
#1791=VECTOR('',#6165,10.);
#1792=VECTOR('',#6168,10.);
#1793=VECTOR('',#6173,10.);
#1794=VECTOR('',#6176,10.);
#1795=VECTOR('',#6179,10.);
#1796=VECTOR('',#6182,10.);
#1797=VECTOR('',#6185,10.);
#1798=VECTOR('',#6188,10.);
#1799=VECTOR('',#6195,10.);
#1800=VECTOR('',#6202,10.);
#1801=VECTOR('',#6205,10.);
#1802=VECTOR('',#6208,10.);
#1803=VECTOR('',#6211,10.);
#1804=VERTEX_POINT('',#6216);
#1805=VERTEX_POINT('',#6217);
#1806=VERTEX_POINT('',#6219);
#1807=VERTEX_POINT('',#6221);
#1808=VERTEX_POINT('',#6223);
#1809=VERTEX_POINT('',#6225);
#1810=VERTEX_POINT('',#6227);
#1811=VERTEX_POINT('',#6229);
#1812=VERTEX_POINT('',#6231);
#1813=VERTEX_POINT('',#6233);
#1814=VERTEX_POINT('',#6235);
#1815=VERTEX_POINT('',#6237);
#1816=VERTEX_POINT('',#6239);
#1817=VERTEX_POINT('',#6241);
#1818=VERTEX_POINT('',#6245);
#1819=VERTEX_POINT('',#6247);
#1820=VERTEX_POINT('',#6249);
#1821=VERTEX_POINT('',#6251);
#1822=VERTEX_POINT('',#6253);
#1823=VERTEX_POINT('',#6255);
#1824=VERTEX_POINT('',#6259);
#1825=VERTEX_POINT('',#6261);
#1826=VERTEX_POINT('',#6265);
#1827=VERTEX_POINT('',#6266);
#1828=VERTEX_POINT('',#6268);
#1829=VERTEX_POINT('',#6270);
#1830=VERTEX_POINT('',#6272);
#1831=VERTEX_POINT('',#6274);
#1832=VERTEX_POINT('',#6276);
#1833=VERTEX_POINT('',#6278);
#1834=VERTEX_POINT('',#6280);
#1835=VERTEX_POINT('',#6282);
#1836=VERTEX_POINT('',#6284);
#1837=VERTEX_POINT('',#6286);
#1838=VERTEX_POINT('',#6288);
#1839=VERTEX_POINT('',#6290);
#1840=VERTEX_POINT('',#6292);
#1841=VERTEX_POINT('',#6294);
#1842=VERTEX_POINT('',#6296);
#1843=VERTEX_POINT('',#6298);
#1844=VERTEX_POINT('',#6300);
#1845=VERTEX_POINT('',#6303);
#1846=VERTEX_POINT('',#6307);
#1847=VERTEX_POINT('',#6309);
#1848=VERTEX_POINT('',#6313);
#1849=VERTEX_POINT('',#6315);
#1850=VERTEX_POINT('',#6317);
#1851=VERTEX_POINT('',#6319);
#1852=VERTEX_POINT('',#6321);
#1853=VERTEX_POINT('',#6323);
#1854=VERTEX_POINT('',#6326);
#1855=VERTEX_POINT('',#6328);
#1856=VERTEX_POINT('',#6329);
#1857=VERTEX_POINT('',#6331);
#1858=VERTEX_POINT('',#6333);
#1859=VERTEX_POINT('',#6335);
#1860=VERTEX_POINT('',#6337);
#1861=VERTEX_POINT('',#6339);
#1862=VERTEX_POINT('',#6341);
#1863=VERTEX_POINT('',#6345);
#1864=VERTEX_POINT('',#6346);
#1865=VERTEX_POINT('',#6348);
#1866=VERTEX_POINT('',#6350);
#1867=VERTEX_POINT('',#6352);
#1868=VERTEX_POINT('',#6354);
#1869=VERTEX_POINT('',#6356);
#1870=VERTEX_POINT('',#6358);
#1871=VERTEX_POINT('',#6360);
#1872=VERTEX_POINT('',#6362);
#1873=VERTEX_POINT('',#6364);
#1874=VERTEX_POINT('',#6366);
#1875=VERTEX_POINT('',#6368);
#1876=VERTEX_POINT('',#6370);
#1877=VERTEX_POINT('',#6374);
#1878=VERTEX_POINT('',#6375);
#1879=VERTEX_POINT('',#6377);
#1880=VERTEX_POINT('',#6382);
#1881=VERTEX_POINT('',#6383);
#1882=VERTEX_POINT('',#6388);
#1883=VERTEX_POINT('',#6389);
#1884=VERTEX_POINT('',#6395);
#1885=VERTEX_POINT('',#6396);
#1886=VERTEX_POINT('',#6399);
#1887=VERTEX_POINT('',#6401);
#1888=VERTEX_POINT('',#6403);
#1889=VERTEX_POINT('',#6405);
#1890=VERTEX_POINT('',#6407);
#1891=VERTEX_POINT('',#6409);
#1892=VERTEX_POINT('',#6411);
#1893=VERTEX_POINT('',#6413);
#1894=VERTEX_POINT('',#6420);
#1895=VERTEX_POINT('',#6421);
#1896=VERTEX_POINT('',#6423);
#1897=VERTEX_POINT('',#6434);
#1898=VERTEX_POINT('',#6441);
#1899=VERTEX_POINT('',#6442);
#1900=VERTEX_POINT('',#6444);
#1901=VERTEX_POINT('',#6448);
#1902=VERTEX_POINT('',#6458);
#1903=VERTEX_POINT('',#6460);
#1904=VERTEX_POINT('',#6464);
#1905=VERTEX_POINT('',#6465);
#1906=VERTEX_POINT('',#6470);
#1907=VERTEX_POINT('',#6471);
#1908=VERTEX_POINT('',#6479);
#1909=VERTEX_POINT('',#6481);
#1910=VERTEX_POINT('',#6485);
#1911=VERTEX_POINT('',#6487);
#1912=VERTEX_POINT('',#6489);
#1913=VERTEX_POINT('',#6493);
#1914=VERTEX_POINT('',#6497);
#1915=VERTEX_POINT('',#6501);
#1916=VERTEX_POINT('',#6505);
#1917=VERTEX_POINT('',#6509);
#1918=VERTEX_POINT('',#6513);
#1919=VERTEX_POINT('',#6515);
#1920=VERTEX_POINT('',#6519);
#1921=VERTEX_POINT('',#6521);
#1922=VERTEX_POINT('',#6525);
#1923=VERTEX_POINT('',#6528);
#1924=VERTEX_POINT('',#6531);
#1925=VERTEX_POINT('',#6533);
#1926=VERTEX_POINT('',#6537);
#1927=VERTEX_POINT('',#6540);
#1928=VERTEX_POINT('',#6543);
#1929=VERTEX_POINT('',#6545);
#1930=VERTEX_POINT('',#6549);
#1931=VERTEX_POINT('',#6552);
#1932=VERTEX_POINT('',#6555);
#1933=VERTEX_POINT('',#6557);
#1934=VERTEX_POINT('',#6561);
#1935=VERTEX_POINT('',#6564);
#1936=VERTEX_POINT('',#6567);
#1937=VERTEX_POINT('',#6571);
#1938=VERTEX_POINT('',#6575);
#1939=VERTEX_POINT('',#6579);
#1940=VERTEX_POINT('',#6583);
#1941=VERTEX_POINT('',#6584);
#1942=VERTEX_POINT('',#6586);
#1943=VERTEX_POINT('',#6588);
#1944=VERTEX_POINT('',#6592);
#1945=VERTEX_POINT('',#6593);
#1946=VERTEX_POINT('',#6595);
#1947=VERTEX_POINT('',#6597);
#1948=VERTEX_POINT('',#6604);
#1949=VERTEX_POINT('',#6606);
#1950=VERTEX_POINT('',#6608);
#1951=VERTEX_POINT('',#6610);
#1952=VERTEX_POINT('',#6612);
#1953=VERTEX_POINT('',#6614);
#1954=VERTEX_POINT('',#6616);
#1955=VERTEX_POINT('',#6618);
#1956=VERTEX_POINT('',#6620);
#1957=VERTEX_POINT('',#6622);
#1958=VERTEX_POINT('',#6624);
#1959=VERTEX_POINT('',#6626);
#1960=VERTEX_POINT('',#6630);
#1961=VERTEX_POINT('',#6631);
#1962=VERTEX_POINT('',#6633);
#1963=VERTEX_POINT('',#6635);
#1964=VERTEX_POINT('',#6639);
#1965=VERTEX_POINT('',#6641);
#1966=VERTEX_POINT('',#6645);
#1967=VERTEX_POINT('',#6649);
#1968=VERTEX_POINT('',#6655);
#1969=VERTEX_POINT('',#6657);
#1970=VERTEX_POINT('',#6659);
#1971=VERTEX_POINT('',#6661);
#1972=VERTEX_POINT('',#6666);
#1973=VERTEX_POINT('',#6668);
#1974=VERTEX_POINT('',#6672);
#1975=VERTEX_POINT('',#6676);
#1976=VERTEX_POINT('',#6680);
#1977=VERTEX_POINT('',#6682);
#1978=VERTEX_POINT('',#6686);
#1979=VERTEX_POINT('',#6688);
#1980=VERTEX_POINT('',#6692);
#1981=VERTEX_POINT('',#6693);
#1982=VERTEX_POINT('',#6695);
#1983=VERTEX_POINT('',#6697);
#1984=VERTEX_POINT('',#6701);
#1985=VERTEX_POINT('',#6703);
#1986=VERTEX_POINT('',#6707);
#1987=VERTEX_POINT('',#6709);
#1988=VERTEX_POINT('',#6726);
#1989=VERTEX_POINT('',#6727);
#1990=VERTEX_POINT('',#6733);
#1991=VERTEX_POINT('',#6735);
#1992=VERTEX_POINT('',#6752);
#1993=VERTEX_POINT('',#6758);
#1994=VERTEX_POINT('',#6775);
#1995=VERTEX_POINT('',#6781);
#1996=VERTEX_POINT('',#6798);
#1997=VERTEX_POINT('',#6804);
#1998=VERTEX_POINT('',#6821);
#1999=VERTEX_POINT('',#6827);
#2000=VERTEX_POINT('',#6844);
#2001=VERTEX_POINT('',#6850);
#2002=VERTEX_POINT('',#6867);
#2003=VERTEX_POINT('',#6873);
#2004=VERTEX_POINT('',#6910);
#2005=VERTEX_POINT('',#6911);
#2006=VERTEX_POINT('',#6917);
#2007=VERTEX_POINT('',#6919);
#2008=VERTEX_POINT('',#6936);
#2009=VERTEX_POINT('',#6942);
#2010=VERTEX_POINT('',#6959);
#2011=VERTEX_POINT('',#6965);
#2012=VERTEX_POINT('',#6982);
#2013=VERTEX_POINT('',#6988);
#2014=VERTEX_POINT('',#7005);
#2015=VERTEX_POINT('',#7011);
#2016=VERTEX_POINT('',#7028);
#2017=VERTEX_POINT('',#7034);
#2018=VERTEX_POINT('',#7051);
#2019=VERTEX_POINT('',#7057);
#2020=VERTEX_POINT('',#7074);
#2021=VERTEX_POINT('',#7080);
#2022=VERTEX_POINT('',#7097);
#2023=VERTEX_POINT('',#7103);
#2024=VERTEX_POINT('',#7132);
#2025=VERTEX_POINT('',#7134);
#2026=VERTEX_POINT('',#7136);
#2027=VERTEX_POINT('',#7138);
#2028=VERTEX_POINT('',#7140);
#2029=VERTEX_POINT('',#7142);
#2030=VERTEX_POINT('',#7146);
#2031=VERTEX_POINT('',#7150);
#2032=VERTEX_POINT('',#7153);
#2033=VERTEX_POINT('',#7157);
#2034=VERTEX_POINT('',#7160);
#2035=VERTEX_POINT('',#7164);
#2036=VERTEX_POINT('',#7167);
#2037=VERTEX_POINT('',#7171);
#2038=VERTEX_POINT('',#7174);
#2039=VERTEX_POINT('',#7175);
#2040=VERTEX_POINT('',#7177);
#2041=VERTEX_POINT('',#7179);
#2042=VERTEX_POINT('',#7183);
#2043=VERTEX_POINT('',#7185);
#2044=VERTEX_POINT('',#7189);
#2045=VERTEX_POINT('',#7191);
#2046=VERTEX_POINT('',#7195);
#2047=VERTEX_POINT('',#7197);
#2048=VERTEX_POINT('',#7201);
#2049=VERTEX_POINT('',#7203);
#2050=VERTEX_POINT('',#7216);
#2051=VERTEX_POINT('',#7217);
#2052=VERTEX_POINT('',#7219);
#2053=VERTEX_POINT('',#7221);
#2054=VERTEX_POINT('',#7223);
#2055=VERTEX_POINT('',#7225);
#2056=VERTEX_POINT('',#7227);
#2057=VERTEX_POINT('',#7229);
#2058=VERTEX_POINT('',#7233);
#2059=VERTEX_POINT('',#7235);
#2060=VERTEX_POINT('',#7239);
#2061=VERTEX_POINT('',#7243);
#2062=VERTEX_POINT('',#7247);
#2063=VERTEX_POINT('',#7254);
#2064=VERTEX_POINT('',#7255);
#2065=VERTEX_POINT('',#7262);
#2066=VERTEX_POINT('',#7267);
#2067=VERTEX_POINT('',#7269);
#2068=VERTEX_POINT('',#7272);
#2069=VERTEX_POINT('',#7274);
#2070=VERTEX_POINT('',#7276);
#2071=VERTEX_POINT('',#7280);
#2072=VERTEX_POINT('',#7281);
#2073=VERTEX_POINT('',#7283);
#2074=VERTEX_POINT('',#7296);
#2075=VERTEX_POINT('',#7311);
#2076=VERTEX_POINT('',#7313);
#2077=VERTEX_POINT('',#7353);
#2078=VERTEX_POINT('',#7355);
#2079=VERTEX_POINT('',#7395);
#2080=VERTEX_POINT('',#7396);
#2081=VERTEX_POINT('',#7434);
#2082=VERTEX_POINT('',#7436);
#2083=VERTEX_POINT('',#7451);
#2084=VERTEX_POINT('',#7453);
#2085=VERTEX_POINT('',#7468);
#2086=VERTEX_POINT('',#7470);
#2087=VERTEX_POINT('',#7508);
#2088=VERTEX_POINT('',#7523);
#2089=VERTEX_POINT('',#7563);
#2090=VERTEX_POINT('',#7564);
#2091=VERTEX_POINT('',#7602);
#2092=VERTEX_POINT('',#7604);
#2093=VERTEX_POINT('',#7619);
#2094=VERTEX_POINT('',#7621);
#2095=VERTEX_POINT('',#7639);
#2096=VERTEX_POINT('',#7640);
#2097=VERTEX_POINT('',#7684);
#2098=VERTEX_POINT('',#7686);
#2099=VERTEX_POINT('',#7704);
#2100=VERTEX_POINT('',#7705);
#2101=VERTEX_POINT('',#7756);
#2102=VERTEX_POINT('',#7757);
#2103=VERTEX_POINT('',#7759);
#2104=VERTEX_POINT('',#7761);
#2105=VERTEX_POINT('',#7763);
#2106=VERTEX_POINT('',#7765);
#2107=VERTEX_POINT('',#7767);
#2108=VERTEX_POINT('',#7769);
#2109=VERTEX_POINT('',#7772);
#2110=VERTEX_POINT('',#7781);
#2111=VERTEX_POINT('',#7783);
#2112=VERTEX_POINT('',#7788);
#2113=VERTEX_POINT('',#7792);
#2114=VERTEX_POINT('',#7793);
#2115=VERTEX_POINT('',#7795);
#2116=VERTEX_POINT('',#7797);
#2117=VERTEX_POINT('',#7799);
#2118=VERTEX_POINT('',#7801);
#2119=VERTEX_POINT('',#7803);
#2120=VERTEX_POINT('',#7805);
#2121=VERTEX_POINT('',#7809);
#2122=VERTEX_POINT('',#7811);
#2123=VERTEX_POINT('',#7813);
#2124=VERTEX_POINT('',#7815);
#2125=VERTEX_POINT('',#7817);
#2126=VERTEX_POINT('',#7820);
#2127=VERTEX_POINT('',#7902);
#2128=VERTEX_POINT('',#7903);
#2129=VERTEX_POINT('',#7908);
#2130=VERTEX_POINT('',#7910);
#2131=VERTEX_POINT('',#7923);
#2132=VERTEX_POINT('',#7925);
#2133=VERTEX_POINT('',#7938);
#2134=VERTEX_POINT('',#7945);
#2135=VERTEX_POINT('',#7946);
#2136=VERTEX_POINT('',#7949);
#2137=VERTEX_POINT('',#7951);
#2138=VERTEX_POINT('',#7953);
#2139=VERTEX_POINT('',#7955);
#2140=VERTEX_POINT('',#7957);
#2141=VERTEX_POINT('',#7959);
#2142=VERTEX_POINT('',#7962);
#2143=VERTEX_POINT('',#7964);
#2144=VERTEX_POINT('',#7966);
#2145=VERTEX_POINT('',#7968);
#2146=VERTEX_POINT('',#7971);
#2147=VERTEX_POINT('',#7973);
#2148=VERTEX_POINT('',#7975);
#2149=VERTEX_POINT('',#7977);
#2150=VERTEX_POINT('',#7980);
#2151=VERTEX_POINT('',#7982);
#2152=VERTEX_POINT('',#7984);
#2153=VERTEX_POINT('',#7986);
#2154=VERTEX_POINT('',#7988);
#2155=VERTEX_POINT('',#7990);
#2156=VERTEX_POINT('',#7992);
#2157=VERTEX_POINT('',#7995);
#2158=VERTEX_POINT('',#7996);
#2159=VERTEX_POINT('',#7998);
#2160=VERTEX_POINT('',#8000);
#2161=VERTEX_POINT('',#8002);
#2162=VERTEX_POINT('',#8004);
#2163=VERTEX_POINT('',#8006);
#2164=VERTEX_POINT('',#8008);
#2165=VERTEX_POINT('',#8011);
#2166=VERTEX_POINT('',#8012);
#2167=VERTEX_POINT('',#8014);
#2168=VERTEX_POINT('',#8016);
#2169=VERTEX_POINT('',#8018);
#2170=VERTEX_POINT('',#8020);
#2171=VERTEX_POINT('',#8022);
#2172=VERTEX_POINT('',#8024);
#2173=VERTEX_POINT('',#8027);
#2174=VERTEX_POINT('',#8028);
#2175=VERTEX_POINT('',#8030);
#2176=VERTEX_POINT('',#8032);
#2177=VERTEX_POINT('',#8034);
#2178=VERTEX_POINT('',#8038);
#2179=VERTEX_POINT('',#8040);
#2180=VERTEX_POINT('',#8044);
#2181=VERTEX_POINT('',#8057);
#2182=VERTEX_POINT('',#8072);
#2183=VERTEX_POINT('',#8074);
#2184=VERTEX_POINT('',#8078);
#2185=VERTEX_POINT('',#8091);
#2186=VERTEX_POINT('',#8106);
#2187=VERTEX_POINT('',#8108);
#2188=VERTEX_POINT('',#8112);
#2189=VERTEX_POINT('',#8125);
#2190=VERTEX_POINT('',#8140);
#2191=VERTEX_POINT('',#8142);
#2192=VERTEX_POINT('',#8153);
#2193=VERTEX_POINT('',#8155);
#2194=VERTEX_POINT('',#8159);
#2195=VERTEX_POINT('',#8163);
#2196=VERTEX_POINT('',#8167);
#2197=VERTEX_POINT('',#8168);
#2198=VERTEX_POINT('',#8170);
#2199=VERTEX_POINT('',#8172);
#2200=VERTEX_POINT('',#8176);
#2201=VERTEX_POINT('',#8187);
#2202=VERTEX_POINT('',#8190);
#2203=VERTEX_POINT('',#8194);
#2204=VERTEX_POINT('',#8198);
#2205=VERTEX_POINT('',#8202);
#2206=VERTEX_POINT('',#8206);
#2207=VERTEX_POINT('',#8210);
#2208=VERTEX_POINT('',#8214);
#2209=VERTEX_POINT('',#8218);
#2210=VERTEX_POINT('',#8226);
#2211=VERTEX_POINT('',#8230);
#2212=VERTEX_POINT('',#8234);
#2213=VERTEX_POINT('',#8238);
#2214=VERTEX_POINT('',#8246);
#2215=VERTEX_POINT('',#8250);
#2216=VERTEX_POINT('',#8254);
#2217=VERTEX_POINT('',#8258);
#2218=VERTEX_POINT('',#8262);
#2219=VERTEX_POINT('',#8266);
#2220=VERTEX_POINT('',#8270);
#2221=VERTEX_POINT('',#8278);
#2222=VERTEX_POINT('',#8279);
#2223=VERTEX_POINT('',#8284);
#2224=VERTEX_POINT('',#8288);
#2225=VERTEX_POINT('',#8292);
#2226=VERTEX_POINT('',#8296);
#2227=VERTEX_POINT('',#8300);
#2228=VERTEX_POINT('',#8304);
#2229=VERTEX_POINT('',#8310);
#2230=VERTEX_POINT('',#8312);
#2231=VERTEX_POINT('',#8314);
#2232=VERTEX_POINT('',#8316);
#2233=VERTEX_POINT('',#8318);
#2234=VERTEX_POINT('',#8320);
#2235=EDGE_CURVE('',#1804,#1805,#904,.T.);
#2236=EDGE_CURVE('',#1806,#1804,#905,.T.);
#2237=EDGE_CURVE('',#1806,#1807,#906,.T.);
#2238=EDGE_CURVE('',#1808,#1807,#907,.T.);
#2239=EDGE_CURVE('',#1809,#1808,#908,.T.);
#2240=EDGE_CURVE('',#1810,#1809,#761,.T.);
#2241=EDGE_CURVE('',#1811,#1810,#909,.T.);
#2242=EDGE_CURVE('',#1812,#1811,#910,.T.);
#2243=EDGE_CURVE('',#1813,#1812,#911,.T.);
#2244=EDGE_CURVE('',#1814,#1813,#762,.T.);
#2245=EDGE_CURVE('',#1815,#1814,#912,.T.);
#2246=EDGE_CURVE('',#1816,#1815,#913,.T.);
#2247=EDGE_CURVE('',#1817,#1816,#759,.T.);
#2248=EDGE_CURVE('',#1818,#1817,#914,.T.);
#2249=EDGE_CURVE('',#1819,#1818,#915,.T.);
#2250=EDGE_CURVE('',#1820,#1819,#763,.T.);
#2251=EDGE_CURVE('',#1821,#1820,#916,.T.);
#2252=EDGE_CURVE('',#1822,#1821,#917,.T.);
#2253=EDGE_CURVE('',#1823,#1822,#918,.T.);
#2254=EDGE_CURVE('',#1805,#1823,#764,.T.);
#2255=EDGE_CURVE('',#1807,#1824,#919,.T.);
#2256=EDGE_CURVE('',#1824,#1825,#920,.T.);
#2257=EDGE_CURVE('',#1825,#1808,#921,.T.);
#2258=EDGE_CURVE('',#1826,#1827,#922,.T.);
#2259=EDGE_CURVE('',#1828,#1827,#923,.T.);
#2260=EDGE_CURVE('',#1829,#1828,#924,.T.);
#2261=EDGE_CURVE('',#1830,#1829,#765,.T.);
#2262=EDGE_CURVE('',#1831,#1830,#925,.T.);
#2263=EDGE_CURVE('',#1832,#1831,#926,.T.);
#2264=EDGE_CURVE('',#1833,#1832,#927,.T.);
#2265=EDGE_CURVE('',#1834,#1833,#766,.T.);
#2266=EDGE_CURVE('',#1835,#1834,#928,.T.);
#2267=EDGE_CURVE('',#1836,#1835,#929,.T.);
#2268=EDGE_CURVE('',#1836,#1837,#930,.T.);
#2269=EDGE_CURVE('',#1838,#1837,#931,.T.);
#2270=EDGE_CURVE('',#1839,#1838,#932,.T.);
#2271=EDGE_CURVE('',#1840,#1839,#767,.T.);
#2272=EDGE_CURVE('',#1841,#1840,#933,.T.);
#2273=EDGE_CURVE('',#1842,#1841,#934,.T.);
#2274=EDGE_CURVE('',#1843,#1842,#935,.T.);
#2275=EDGE_CURVE('',#1844,#1843,#768,.T.);
#2276=EDGE_CURVE('',#1825,#1844,#936,.T.);
#2277=EDGE_CURVE('',#1824,#1845,#937,.T.);
#2278=EDGE_CURVE('',#1845,#1826,#938,.T.);
#2279=EDGE_CURVE('',#1826,#1846,#939,.T.);
#2280=EDGE_CURVE('',#1846,#1847,#940,.T.);
#2281=EDGE_CURVE('',#1827,#1847,#941,.T.);
#2282=EDGE_CURVE('',#1847,#1848,#942,.T.);
#2283=EDGE_CURVE('',#1848,#1849,#943,.T.);
#2284=EDGE_CURVE('',#1849,#1850,#944,.T.);
#2285=EDGE_CURVE('',#1850,#1851,#945,.T.);
#2286=EDGE_CURVE('',#1851,#1852,#946,.T.);
#2287=EDGE_CURVE('',#1853,#1852,#947,.T.);
#2288=EDGE_CURVE('',#1828,#1853,#948,.T.);
#2289=EDGE_CURVE('',#1854,#1854,#769,.T.);
#2290=EDGE_CURVE('',#1855,#1856,#949,.T.);
#2291=EDGE_CURVE('',#1856,#1857,#770,.T.);
#2292=EDGE_CURVE('',#1857,#1858,#950,.T.);
#2293=EDGE_CURVE('',#1858,#1859,#771,.T.);
#2294=EDGE_CURVE('',#1859,#1860,#951,.T.);
#2295=EDGE_CURVE('',#1860,#1861,#772,.T.);
#2296=EDGE_CURVE('',#1861,#1862,#952,.T.);
#2297=EDGE_CURVE('',#1862,#1855,#773,.T.);
#2298=EDGE_CURVE('',#1863,#1864,#774,.T.);
#2299=EDGE_CURVE('',#1865,#1863,#953,.T.);
#2300=EDGE_CURVE('',#1866,#1865,#954,.T.);
#2301=EDGE_CURVE('',#1866,#1867,#955,.T.);
#2302=EDGE_CURVE('',#1868,#1867,#956,.T.);
#2303=EDGE_CURVE('',#1869,#1868,#957,.T.);
#2304=EDGE_CURVE('',#1870,#1869,#775,.T.);
#2305=EDGE_CURVE('',#1871,#1870,#776,.T.);
#2306=EDGE_CURVE('',#1872,#1871,#777,.T.);
#2307=EDGE_CURVE('',#1873,#1872,#958,.T.);
#2308=EDGE_CURVE('',#1874,#1873,#959,.T.);
#2309=EDGE_CURVE('',#1874,#1875,#960,.T.);
#2310=EDGE_CURVE('',#1876,#1875,#961,.T.);
#2311=EDGE_CURVE('',#1864,#1876,#962,.T.);
#2312=EDGE_CURVE('',#1877,#1878,#963,.T.);
#2313=EDGE_CURVE('',#1877,#1879,#964,.T.);
#2314=EDGE_CURVE('',#1879,#1845,#965,.T.);
#2315=EDGE_CURVE('',#1878,#1806,#966,.T.);
#2316=EDGE_CURVE('',#1880,#1881,#967,.T.);
#2317=EDGE_CURVE('',#1880,#1877,#968,.T.);
#2318=EDGE_CURVE('',#1881,#1878,#969,.T.);
#2319=EDGE_CURVE('',#1882,#1883,#970,.T.);
#2320=EDGE_CURVE('',#1848,#1882,#971,.T.);
#2321=EDGE_CURVE('',#1846,#1848,#972,.T.);
#2322=EDGE_CURVE('',#1883,#1879,#973,.T.);
#2323=EDGE_CURVE('',#1884,#1885,#778,.T.);
#2324=EDGE_CURVE('',#1851,#1884,#974,.T.);
#2325=EDGE_CURVE('',#1850,#1886,#975,.T.);
#2326=EDGE_CURVE('',#1887,#1886,#976,.T.);
#2327=EDGE_CURVE('',#1888,#1887,#977,.T.);
#2328=EDGE_CURVE('',#1889,#1888,#779,.T.);
#2329=EDGE_CURVE('',#1890,#1889,#978,.T.);
#2330=EDGE_CURVE('',#1891,#1890,#979,.T.);
#2331=EDGE_CURVE('',#1891,#1892,#980,.T.);
#2332=EDGE_CURVE('',#1893,#1892,#981,.T.);
#2333=EDGE_CURVE('',#1885,#1893,#982,.T.);
#2334=EDGE_CURVE('',#1883,#1880,#983,.T.);
#2335=EDGE_CURVE('',#1894,#1895,#780,.T.);
#2336=EDGE_CURVE('',#1895,#1896,#116,.T.);
#2337=EDGE_CURVE('',#1896,#1897,#781,.T.);
#2338=EDGE_CURVE('',#1897,#1894,#117,.T.);
#2339=EDGE_CURVE('',#1898,#1899,#782,.T.);
#2340=EDGE_CURVE('',#1899,#1900,#760,.T.);
#2341=EDGE_CURVE('',#1900,#1901,#783,.T.);
#2342=EDGE_CURVE('',#1901,#1898,#118,.T.);
#2343=EDGE_CURVE('',#1895,#1898,#984,.T.);
#2344=EDGE_CURVE('',#1901,#1896,#985,.T.);
#2345=EDGE_CURVE('',#1816,#1902,#784,.T.);
#2346=EDGE_CURVE('',#1902,#1903,#986,.T.);
#2347=EDGE_CURVE('',#1903,#1817,#785,.T.);
#2348=EDGE_CURVE('',#1904,#1905,#987,.T.);
#2349=EDGE_CURVE('',#1905,#1903,#988,.T.);
#2350=EDGE_CURVE('',#1902,#1904,#989,.T.);
#2351=EDGE_CURVE('',#1906,#1907,#990,.T.);
#2352=EDGE_CURVE('',#1907,#1905,#786,.T.);
#2353=EDGE_CURVE('',#1904,#1906,#787,.T.);
#2354=EDGE_CURVE('',#1897,#1907,#991,.T.);
#2355=EDGE_CURVE('',#1906,#1894,#992,.T.);
#2356=EDGE_CURVE('',#1908,#1899,#993,.T.);
#2357=EDGE_CURVE('',#1908,#1909,#994,.T.);
#2358=EDGE_CURVE('',#1900,#1909,#995,.T.);
#2359=EDGE_CURVE('',#1898,#1910,#996,.T.);
#2360=EDGE_CURVE('',#1910,#1911,#788,.T.);
#2361=EDGE_CURVE('',#1912,#1911,#997,.T.);
#2362=EDGE_CURVE('',#1899,#1912,#789,.T.);
#2363=EDGE_CURVE('',#1895,#1913,#998,.T.);
#2364=EDGE_CURVE('',#1913,#1910,#999,.T.);
#2365=EDGE_CURVE('',#1894,#1914,#1000,.T.);
#2366=EDGE_CURVE('',#1914,#1913,#790,.T.);
#2367=EDGE_CURVE('',#1906,#1915,#1001,.T.);
#2368=EDGE_CURVE('',#1915,#1914,#1002,.T.);
#2369=EDGE_CURVE('',#1904,#1916,#1003,.T.);
#2370=EDGE_CURVE('',#1916,#1915,#791,.T.);
#2371=EDGE_CURVE('',#1902,#1917,#1004,.T.);
#2372=EDGE_CURVE('',#1917,#1916,#1005,.T.);
#2373=EDGE_CURVE('',#1918,#1816,#792,.T.);
#2374=EDGE_CURVE('',#1918,#1919,#1006,.T.);
#2375=EDGE_CURVE('',#1919,#1917,#793,.T.);
#2376=EDGE_CURVE('',#1920,#1920,#794,.T.);
#2377=EDGE_CURVE('',#1920,#1921,#1007,.T.);
#2378=EDGE_CURVE('',#1921,#1921,#795,.T.);
#2379=EDGE_CURVE('',#1922,#1922,#796,.T.);
#2380=EDGE_CURVE('',#1923,#1923,#797,.T.);
#2381=EDGE_CURVE('',#1924,#1924,#798,.T.);
#2382=EDGE_CURVE('',#1924,#1925,#1008,.T.);
#2383=EDGE_CURVE('',#1925,#1925,#799,.T.);
#2384=EDGE_CURVE('',#1926,#1926,#800,.T.);
#2385=EDGE_CURVE('',#1927,#1927,#801,.T.);
#2386=EDGE_CURVE('',#1928,#1928,#802,.T.);
#2387=EDGE_CURVE('',#1928,#1929,#1009,.T.);
#2388=EDGE_CURVE('',#1929,#1929,#803,.T.);
#2389=EDGE_CURVE('',#1930,#1930,#804,.T.);
#2390=EDGE_CURVE('',#1931,#1931,#805,.T.);
#2391=EDGE_CURVE('',#1932,#1932,#806,.T.);
#2392=EDGE_CURVE('',#1932,#1933,#1010,.T.);
#2393=EDGE_CURVE('',#1933,#1933,#807,.T.);
#2394=EDGE_CURVE('',#1934,#1934,#808,.T.);
#2395=EDGE_CURVE('',#1935,#1935,#809,.T.);
#2396=EDGE_CURVE('',#1936,#1936,#810,.T.);
#2397=EDGE_CURVE('',#1936,#1923,#1011,.T.);
#2398=EDGE_CURVE('',#1937,#1937,#811,.T.);
#2399=EDGE_CURVE('',#1937,#1927,#1012,.T.);
#2400=EDGE_CURVE('',#1938,#1938,#812,.T.);
#2401=EDGE_CURVE('',#1938,#1931,#1013,.T.);
#2402=EDGE_CURVE('',#1939,#1939,#813,.T.);
#2403=EDGE_CURVE('',#1939,#1935,#1014,.T.);
#2404=EDGE_CURVE('',#1940,#1941,#1015,.T.);
#2405=EDGE_CURVE('',#1940,#1942,#1016,.T.);
#2406=EDGE_CURVE('',#1943,#1942,#1017,.T.);
#2407=EDGE_CURVE('',#1941,#1943,#1018,.T.);
#2408=EDGE_CURVE('',#1944,#1945,#1019,.T.);
#2409=EDGE_CURVE('',#1944,#1946,#1020,.T.);
#2410=EDGE_CURVE('',#1947,#1946,#1021,.T.);
#2411=EDGE_CURVE('',#1945,#1947,#1022,.T.);
#2412=EDGE_CURVE('',#1946,#1943,#1023,.T.);
#2413=EDGE_CURVE('',#1942,#1947,#1024,.T.);
#2414=EDGE_CURVE('',#1948,#1945,#1025,.T.);
#2415=EDGE_CURVE('',#1949,#1948,#1026,.T.);
#2416=EDGE_CURVE('',#1950,#1949,#814,.T.);
#2417=EDGE_CURVE('',#1951,#1950,#1027,.T.);
#2418=EDGE_CURVE('',#1952,#1951,#1028,.T.);
#2419=EDGE_CURVE('',#1952,#1953,#1029,.T.);
#2420=EDGE_CURVE('',#1954,#1953,#1030,.T.);
#2421=EDGE_CURVE('',#1955,#1954,#1031,.T.);
#2422=EDGE_CURVE('',#1956,#1955,#815,.T.);
#2423=EDGE_CURVE('',#1957,#1956,#1032,.T.);
#2424=EDGE_CURVE('',#1958,#1957,#1033,.T.);
#2425=EDGE_CURVE('',#1958,#1959,#1034,.T.);
#2426=EDGE_CURVE('',#1944,#1959,#1035,.T.);
#2427=EDGE_CURVE('',#1960,#1961,#1036,.T.);
#2428=EDGE_CURVE('',#1962,#1960,#1037,.T.);
#2429=EDGE_CURVE('',#1962,#1963,#1038,.T.);
#2430=EDGE_CURVE('',#1963,#1961,#1039,.T.);
#2431=EDGE_CURVE('',#1961,#1964,#1040,.T.);
#2432=EDGE_CURVE('',#1963,#1965,#1041,.T.);
#2433=EDGE_CURVE('',#1964,#1965,#1042,.T.);
#2434=EDGE_CURVE('',#1966,#1962,#1043,.T.);
#2435=EDGE_CURVE('',#1965,#1966,#1044,.T.);
#2436=EDGE_CURVE('',#1964,#1967,#1045,.T.);
#2437=EDGE_CURVE('',#1966,#1967,#1046,.T.);
#2438=EDGE_CURVE('',#1967,#1960,#1047,.T.);
#2439=EDGE_CURVE('',#1959,#1968,#1048,.T.);
#2440=EDGE_CURVE('',#1969,#1958,#1049,.T.);
#2441=EDGE_CURVE('',#1970,#1969,#1050,.T.);
#2442=EDGE_CURVE('',#1971,#1970,#1051,.T.);
#2443=EDGE_CURVE('',#1968,#1971,#1052,.T.);
#2444=EDGE_CURVE('',#1875,#1891,#1053,.T.);
#2445=EDGE_CURVE('',#1972,#1874,#1054,.T.);
#2446=EDGE_CURVE('',#1973,#1972,#1055,.T.);
#2447=EDGE_CURVE('',#1892,#1973,#1056,.T.);
#2448=EDGE_CURVE('',#1968,#1974,#1057,.T.);
#2449=EDGE_CURVE('',#1944,#1974,#1058,.T.);
#2450=EDGE_CURVE('',#1975,#1971,#1059,.T.);
#2451=EDGE_CURVE('',#1974,#1975,#1060,.T.);
#2452=EDGE_CURVE('',#1976,#1969,#1061,.T.);
#2453=EDGE_CURVE('',#1977,#1976,#1062,.T.);
#2454=EDGE_CURVE('',#1970,#1977,#1063,.T.);
#2455=EDGE_CURVE('',#1978,#1972,#1064,.T.);
#2456=EDGE_CURVE('',#1978,#1979,#1065,.T.);
#2457=EDGE_CURVE('',#1973,#1979,#1066,.T.);
#2458=EDGE_CURVE('',#1980,#1981,#1067,.T.);
#2459=EDGE_CURVE('',#1980,#1982,#1068,.T.);
#2460=EDGE_CURVE('',#1983,#1982,#1069,.T.);
#2461=EDGE_CURVE('',#1981,#1983,#1070,.T.);
#2462=EDGE_CURVE('',#1981,#1984,#1071,.T.);
#2463=EDGE_CURVE('',#1985,#1983,#1072,.T.);
#2464=EDGE_CURVE('',#1984,#1985,#1073,.T.);
#2465=EDGE_CURVE('',#1984,#1986,#1074,.T.);
#2466=EDGE_CURVE('',#1987,#1985,#1075,.T.);
#2467=EDGE_CURVE('',#1986,#1987,#1076,.T.);
#2468=EDGE_CURVE('',#1986,#1980,#1077,.T.);
#2469=EDGE_CURVE('',#1982,#1987,#1078,.T.);
#2470=EDGE_CURVE('',#1988,#1989,#119,.T.);
#2471=EDGE_CURVE('',#1988,#1990,#1079,.T.);
#2472=EDGE_CURVE('',#1991,#1990,#120,.T.);
#2473=EDGE_CURVE('',#1989,#1991,#1080,.T.);
#2474=EDGE_CURVE('',#1989,#1992,#121,.T.);
#2475=EDGE_CURVE('',#1993,#1991,#122,.T.);
#2476=EDGE_CURVE('',#1992,#1993,#1081,.T.);
#2477=EDGE_CURVE('',#1992,#1994,#123,.T.);
#2478=EDGE_CURVE('',#1995,#1993,#124,.T.);
#2479=EDGE_CURVE('',#1994,#1995,#1082,.T.);
#2480=EDGE_CURVE('',#1994,#1996,#125,.T.);
#2481=EDGE_CURVE('',#1997,#1995,#126,.T.);
#2482=EDGE_CURVE('',#1996,#1997,#1083,.T.);
#2483=EDGE_CURVE('',#1996,#1998,#127,.T.);
#2484=EDGE_CURVE('',#1999,#1997,#128,.T.);
#2485=EDGE_CURVE('',#1998,#1999,#1084,.T.);
#2486=EDGE_CURVE('',#1998,#2000,#129,.T.);
#2487=EDGE_CURVE('',#2001,#1999,#130,.T.);
#2488=EDGE_CURVE('',#2000,#2001,#1085,.T.);
#2489=EDGE_CURVE('',#2000,#2002,#131,.T.);
#2490=EDGE_CURVE('',#2003,#2001,#132,.T.);
#2491=EDGE_CURVE('',#2002,#2003,#1086,.T.);
#2492=EDGE_CURVE('',#2002,#1988,#133,.T.);
#2493=EDGE_CURVE('',#1990,#2003,#134,.T.);
#2494=EDGE_CURVE('',#2004,#2005,#135,.T.);
#2495=EDGE_CURVE('',#2004,#2006,#1087,.T.);
#2496=EDGE_CURVE('',#2007,#2006,#136,.T.);
#2497=EDGE_CURVE('',#2005,#2007,#1088,.T.);
#2498=EDGE_CURVE('',#2005,#2008,#137,.T.);
#2499=EDGE_CURVE('',#2009,#2007,#138,.T.);
#2500=EDGE_CURVE('',#2008,#2009,#1089,.T.);
#2501=EDGE_CURVE('',#2008,#2010,#139,.T.);
#2502=EDGE_CURVE('',#2011,#2009,#140,.T.);
#2503=EDGE_CURVE('',#2010,#2011,#1090,.T.);
#2504=EDGE_CURVE('',#2010,#2012,#141,.T.);
#2505=EDGE_CURVE('',#2013,#2011,#142,.T.);
#2506=EDGE_CURVE('',#2012,#2013,#1091,.T.);
#2507=EDGE_CURVE('',#2012,#2014,#143,.T.);
#2508=EDGE_CURVE('',#2015,#2013,#144,.T.);
#2509=EDGE_CURVE('',#2014,#2015,#1092,.T.);
#2510=EDGE_CURVE('',#2014,#2016,#145,.T.);
#2511=EDGE_CURVE('',#2017,#2015,#146,.T.);
#2512=EDGE_CURVE('',#2016,#2017,#1093,.T.);
#2513=EDGE_CURVE('',#2016,#2018,#147,.T.);
#2514=EDGE_CURVE('',#2019,#2017,#148,.T.);
#2515=EDGE_CURVE('',#2018,#2019,#1094,.T.);
#2516=EDGE_CURVE('',#2018,#2020,#149,.T.);
#2517=EDGE_CURVE('',#2021,#2019,#150,.T.);
#2518=EDGE_CURVE('',#2020,#2021,#1095,.T.);
#2519=EDGE_CURVE('',#2020,#2022,#151,.T.);
#2520=EDGE_CURVE('',#2023,#2021,#152,.T.);
#2521=EDGE_CURVE('',#2022,#2023,#1096,.T.);
#2522=EDGE_CURVE('',#2022,#2004,#153,.T.);
#2523=EDGE_CURVE('',#2006,#2023,#154,.T.);
#2524=EDGE_CURVE('',#1909,#2024,#1097,.T.);
#2525=EDGE_CURVE('',#2024,#2025,#1098,.T.);
#2526=EDGE_CURVE('',#2025,#2026,#1099,.T.);
#2527=EDGE_CURVE('',#2026,#2027,#1100,.T.);
#2528=EDGE_CURVE('',#2027,#2028,#1101,.T.);
#2529=EDGE_CURVE('',#2029,#2028,#1102,.T.);
#2530=EDGE_CURVE('',#1818,#2029,#1103,.T.);
#2531=EDGE_CURVE('',#1922,#2030,#1104,.T.);
#2532=EDGE_CURVE('',#2030,#2030,#816,.T.);
#2533=EDGE_CURVE('',#2031,#2031,#817,.T.);
#2534=EDGE_CURVE('',#1930,#2032,#1105,.T.);
#2535=EDGE_CURVE('',#2032,#2032,#818,.T.);
#2536=EDGE_CURVE('',#2033,#2033,#819,.T.);
#2537=EDGE_CURVE('',#1926,#2034,#1106,.T.);
#2538=EDGE_CURVE('',#2034,#2034,#820,.T.);
#2539=EDGE_CURVE('',#2035,#2035,#821,.T.);
#2540=EDGE_CURVE('',#1934,#2036,#1107,.T.);
#2541=EDGE_CURVE('',#2036,#2036,#822,.T.);
#2542=EDGE_CURVE('',#2037,#2037,#823,.T.);
#2543=EDGE_CURVE('',#2038,#2039,#1108,.T.);
#2544=EDGE_CURVE('',#2040,#2038,#1109,.T.);
#2545=EDGE_CURVE('',#2041,#2040,#1110,.T.);
#2546=EDGE_CURVE('',#2041,#2039,#1111,.T.);
#2547=EDGE_CURVE('',#2039,#2042,#824,.T.);
#2548=EDGE_CURVE('',#2043,#2041,#825,.T.);
#2549=EDGE_CURVE('',#2043,#2042,#1112,.T.);
#2550=EDGE_CURVE('',#2042,#2044,#1113,.T.);
#2551=EDGE_CURVE('',#2045,#2043,#1114,.T.);
#2552=EDGE_CURVE('',#2045,#2044,#1115,.T.);
#2553=EDGE_CURVE('',#2044,#2046,#826,.T.);
#2554=EDGE_CURVE('',#2047,#2045,#827,.T.);
#2555=EDGE_CURVE('',#2047,#2046,#1116,.T.);
#2556=EDGE_CURVE('',#2046,#2048,#1117,.T.);
#2557=EDGE_CURVE('',#2049,#2047,#1118,.T.);
#2558=EDGE_CURVE('',#2049,#2048,#1119,.T.);
#2559=EDGE_CURVE('',#2048,#1976,#828,.T.);
#2560=EDGE_CURVE('',#1977,#2049,#829,.T.);
#2561=EDGE_CURVE('',#1979,#2038,#830,.T.);
#2562=EDGE_CURVE('',#2040,#1978,#831,.T.);
#2563=EDGE_CURVE('',#1912,#1918,#1120,.T.);
#2564=EDGE_CURVE('',#1911,#1919,#1121,.T.);
#2565=EDGE_CURVE('',#2050,#2051,#832,.T.);
#2566=EDGE_CURVE('',#2052,#2050,#1122,.T.);
#2567=EDGE_CURVE('',#2053,#2052,#833,.T.);
#2568=EDGE_CURVE('',#2054,#2053,#1123,.T.);
#2569=EDGE_CURVE('',#2055,#2054,#834,.T.);
#2570=EDGE_CURVE('',#2056,#2055,#1124,.T.);
#2571=EDGE_CURVE('',#2057,#2056,#835,.T.);
#2572=EDGE_CURVE('',#2051,#2057,#1125,.T.);
#2573=EDGE_CURVE('',#2058,#2053,#1126,.T.);
#2574=EDGE_CURVE('',#2059,#2058,#1127,.T.);
#2575=EDGE_CURVE('',#2059,#2054,#1128,.T.);
#2576=EDGE_CURVE('',#2060,#2052,#1129,.T.);
#2577=EDGE_CURVE('',#2058,#2060,#836,.T.);
#2578=EDGE_CURVE('',#2050,#2061,#1130,.T.);
#2579=EDGE_CURVE('',#2060,#2061,#1131,.T.);
#2580=EDGE_CURVE('',#2062,#2051,#1132,.T.);
#2581=EDGE_CURVE('',#2061,#2062,#837,.T.);
#2582=EDGE_CURVE('',#1838,#1815,#1133,.T.);
#2583=EDGE_CURVE('',#1837,#1908,#1134,.T.);
#2584=EDGE_CURVE('',#2063,#2064,#1135,.T.);
#2585=EDGE_CURVE('',#2063,#2025,#1136,.T.);
#2586=EDGE_CURVE('',#2064,#2024,#1137,.T.);
#2587=EDGE_CURVE('',#2064,#1836,#1138,.T.);
#2588=EDGE_CURVE('',#2065,#1952,#1139,.T.);
#2589=EDGE_CURVE('',#2026,#2065,#1140,.T.);
#2590=EDGE_CURVE('',#1953,#2063,#1141,.T.);
#2591=EDGE_CURVE('',#1835,#2066,#1142,.T.);
#2592=EDGE_CURVE('',#2067,#2066,#1143,.T.);
#2593=EDGE_CURVE('',#1954,#2067,#1144,.T.);
#2594=EDGE_CURVE('',#2062,#2068,#1145,.T.);
#2595=EDGE_CURVE('',#2068,#2069,#838,.T.);
#2596=EDGE_CURVE('',#2069,#2070,#1146,.T.);
#2597=EDGE_CURVE('',#2070,#2059,#839,.T.);
#2598=EDGE_CURVE('',#2071,#2072,#840,.T.);
#2599=EDGE_CURVE('',#2072,#2073,#155,.T.);
#2600=EDGE_CURVE('',#2073,#2074,#841,.T.);
#2601=EDGE_CURVE('',#2071,#2074,#156,.T.);
#2602=EDGE_CURVE('',#2074,#2075,#1147,.T.);
#2603=EDGE_CURVE('',#2075,#2076,#157,.T.);
#2604=EDGE_CURVE('',#2076,#2071,#1148,.T.);
#2605=EDGE_CURVE('',#2075,#2077,#1149,.T.);
#2606=EDGE_CURVE('',#2077,#2078,#158,.T.);
#2607=EDGE_CURVE('',#2078,#2076,#1150,.T.);
#2608=EDGE_CURVE('',#2079,#2080,#159,.T.);
#2609=EDGE_CURVE('',#2080,#2081,#1151,.T.);
#2610=EDGE_CURVE('',#2081,#2082,#160,.T.);
#2611=EDGE_CURVE('',#2082,#2079,#1152,.T.);
#2612=EDGE_CURVE('',#2081,#2083,#842,.T.);
#2613=EDGE_CURVE('',#2083,#2084,#161,.T.);
#2614=EDGE_CURVE('',#2084,#2082,#843,.T.);
#2615=EDGE_CURVE('',#2085,#2029,#1153,.T.);
#2616=EDGE_CURVE('',#2029,#2086,#162,.T.);
#2617=EDGE_CURVE('',#2086,#2087,#1154,.T.);
#2618=EDGE_CURVE('',#2087,#2085,#163,.T.);
#2619=EDGE_CURVE('',#2028,#2088,#164,.T.);
#2620=EDGE_CURVE('',#2088,#2086,#1155,.T.);
#2621=EDGE_CURVE('',#2089,#2090,#165,.T.);
#2622=EDGE_CURVE('',#2090,#2091,#1156,.T.);
#2623=EDGE_CURVE('',#2091,#2092,#166,.T.);
#2624=EDGE_CURVE('',#2092,#2089,#1157,.T.);
#2625=EDGE_CURVE('',#2091,#2093,#844,.T.);
#2626=EDGE_CURVE('',#2093,#2094,#167,.T.);
#2627=EDGE_CURVE('',#2094,#2092,#845,.T.);
#2628=EDGE_CURVE('',#2028,#2094,#1158,.T.);
#2629=EDGE_CURVE('',#2093,#2088,#1159,.T.);
#2630=EDGE_CURVE('',#2095,#2096,#168,.T.);
#2631=EDGE_CURVE('',#2096,#2090,#1160,.T.);
#2632=EDGE_CURVE('',#2089,#2095,#1161,.T.);
#2633=EDGE_CURVE('',#2083,#2096,#1162,.T.);
#2634=EDGE_CURVE('',#2095,#2084,#1163,.T.);
#2635=EDGE_CURVE('',#2097,#2085,#846,.T.);
#2636=EDGE_CURVE('',#2087,#2098,#847,.T.);
#2637=EDGE_CURVE('',#2098,#2097,#169,.T.);
#2638=EDGE_CURVE('',#2077,#2097,#1164,.T.);
#2639=EDGE_CURVE('',#2098,#2078,#1165,.T.);
#2640=EDGE_CURVE('',#2099,#2100,#170,.T.);
#2641=EDGE_CURVE('',#2100,#2080,#1166,.T.);
#2642=EDGE_CURVE('',#2079,#2099,#1167,.T.);
#2643=EDGE_CURVE('',#2072,#2100,#1168,.T.);
#2644=EDGE_CURVE('',#2099,#2073,#1169,.T.);
#2645=EDGE_CURVE('',#1805,#2073,#1170,.T.);
#2646=EDGE_CURVE('',#1823,#2074,#1171,.T.);
#2647=EDGE_CURVE('',#1804,#2099,#1172,.T.);
#2648=EDGE_CURVE('',#1868,#2079,#1173,.T.);
#2649=EDGE_CURVE('',#1867,#1806,#1174,.T.);
#2650=EDGE_CURVE('',#2101,#2102,#1175,.T.);
#2651=EDGE_CURVE('',#2102,#2103,#848,.T.);
#2652=EDGE_CURVE('',#2103,#2104,#1176,.T.);
#2653=EDGE_CURVE('',#2104,#2105,#849,.T.);
#2654=EDGE_CURVE('',#2105,#2106,#1177,.T.);
#2655=EDGE_CURVE('',#2106,#2107,#850,.T.);
#2656=EDGE_CURVE('',#2107,#2108,#1178,.T.);
#2657=EDGE_CURVE('',#2108,#2101,#851,.T.);
#2658=EDGE_CURVE('',#2109,#2109,#852,.T.);
#2659=EDGE_CURVE('',#1869,#2082,#1179,.T.);
#2660=EDGE_CURVE('',#1872,#2084,#1180,.T.);
#2661=EDGE_CURVE('',#1873,#2095,#1181,.T.);
#2662=EDGE_CURVE('',#2110,#2089,#1182,.T.);
#2663=EDGE_CURVE('',#2110,#2111,#1183,.T.);
#2664=EDGE_CURVE('',#1940,#2111,#1184,.T.);
#2665=EDGE_CURVE('',#1941,#1975,#1185,.T.);
#2666=EDGE_CURVE('',#2112,#2092,#1186,.T.);
#2667=EDGE_CURVE('',#2112,#2110,#1187,.T.);
#2668=EDGE_CURVE('',#2113,#2114,#1188,.T.);
#2669=EDGE_CURVE('',#2114,#2115,#853,.T.);
#2670=EDGE_CURVE('',#2115,#2116,#1189,.T.);
#2671=EDGE_CURVE('',#2116,#2117,#854,.T.);
#2672=EDGE_CURVE('',#2117,#2118,#1190,.T.);
#2673=EDGE_CURVE('',#2118,#2119,#855,.T.);
#2674=EDGE_CURVE('',#2119,#2120,#1191,.T.);
#2675=EDGE_CURVE('',#2120,#2113,#856,.T.);
#2676=EDGE_CURVE('',#2121,#2065,#1192,.T.);
#2677=EDGE_CURVE('',#2122,#2121,#1193,.T.);
#2678=EDGE_CURVE('',#2123,#2122,#857,.T.);
#2679=EDGE_CURVE('',#2124,#2123,#1194,.T.);
#2680=EDGE_CURVE('',#2125,#2124,#1195,.T.);
#2681=EDGE_CURVE('',#2111,#2125,#1196,.T.);
#2682=EDGE_CURVE('',#2126,#2112,#858,.T.);
#2683=EDGE_CURVE('',#2027,#2126,#1197,.T.);
#2684=EDGE_CURVE('',#1867,#1881,#1198,.T.);
#2685=EDGE_CURVE('',#1886,#1866,#1199,.T.);
#2686=EDGE_CURVE('',#1882,#1849,#1200,.T.);
#2687=EDGE_CURVE('',#1887,#1865,#1201,.T.);
#2688=EDGE_CURVE('',#1890,#1876,#1202,.T.);
#2689=EDGE_CURVE('',#1889,#1864,#1203,.T.);
#2690=EDGE_CURVE('',#1888,#1863,#1204,.T.);
#2691=EDGE_CURVE('',#1844,#1809,#1205,.T.);
#2692=EDGE_CURVE('',#1843,#1810,#1206,.T.);
#2693=EDGE_CURVE('',#1842,#1811,#1207,.T.);
#2694=EDGE_CURVE('',#1841,#1812,#1208,.T.);
#2695=EDGE_CURVE('',#1840,#1813,#1209,.T.);
#2696=EDGE_CURVE('',#1839,#1814,#1210,.T.);
#2697=EDGE_CURVE('',#1951,#2121,#1211,.T.);
#2698=EDGE_CURVE('',#1950,#2122,#1212,.T.);
#2699=EDGE_CURVE('',#1949,#2123,#1213,.T.);
#2700=EDGE_CURVE('',#1948,#2124,#1214,.T.);
#2701=EDGE_CURVE('',#1945,#2125,#1215,.T.);
#2702=EDGE_CURVE('',#1854,#2109,#1216,.T.);
#2703=EDGE_CURVE('',#1859,#2106,#1217,.T.);
#2704=EDGE_CURVE('',#1860,#2105,#1218,.T.);
#2705=EDGE_CURVE('',#1861,#2104,#1219,.T.);
#2706=EDGE_CURVE('',#1862,#2103,#1220,.T.);
#2707=EDGE_CURVE('',#1855,#2102,#1221,.T.);
#2708=EDGE_CURVE('',#2101,#1856,#1222,.T.);
#2709=EDGE_CURVE('',#1858,#2107,#1223,.T.);
#2710=EDGE_CURVE('',#1857,#2108,#1224,.T.);
#2711=EDGE_CURVE('',#2127,#2128,#171,.F.);
#2712=EDGE_CURVE('',#2127,#2129,#859,.T.);
#2713=EDGE_CURVE('',#2129,#2130,#172,.T.);
#2714=EDGE_CURVE('',#2130,#2131,#860,.T.);
#2715=EDGE_CURVE('',#2131,#2132,#173,.T.);
#2716=EDGE_CURVE('',#2132,#2133,#861,.T.);
#2717=EDGE_CURVE('',#2128,#2133,#174,.F.);
#2718=EDGE_CURVE('',#2134,#2135,#862,.T.);
#2719=EDGE_CURVE('',#2135,#2067,#1225,.T.);
#2720=EDGE_CURVE('',#2066,#2136,#1226,.T.);
#2721=EDGE_CURVE('',#2136,#2137,#863,.T.);
#2722=EDGE_CURVE('',#2137,#2138,#1227,.T.);
#2723=EDGE_CURVE('',#2138,#2139,#1228,.T.);
#2724=EDGE_CURVE('',#2139,#2140,#1229,.T.);
#2725=EDGE_CURVE('',#2140,#2141,#864,.T.);
#2726=EDGE_CURVE('',#2141,#1853,#1230,.T.);
#2727=EDGE_CURVE('',#1852,#2142,#1231,.T.);
#2728=EDGE_CURVE('',#2142,#2143,#865,.T.);
#2729=EDGE_CURVE('',#2143,#2144,#1232,.T.);
#2730=EDGE_CURVE('',#2144,#2145,#1233,.T.);
#2731=EDGE_CURVE('',#2145,#2134,#1234,.T.);
#2732=EDGE_CURVE('',#2132,#2146,#1235,.T.);
#2733=EDGE_CURVE('',#2146,#2147,#1236,.T.);
#2734=EDGE_CURVE('',#2147,#2148,#866,.T.);
#2735=EDGE_CURVE('',#2148,#2149,#867,.T.);
#2736=EDGE_CURVE('',#2149,#2129,#1237,.T.);
#2737=EDGE_CURVE('',#2127,#2150,#1238,.T.);
#2738=EDGE_CURVE('',#2150,#2151,#1239,.T.);
#2739=EDGE_CURVE('',#2151,#2152,#1240,.T.);
#2740=EDGE_CURVE('',#2152,#2153,#1241,.T.);
#2741=EDGE_CURVE('',#2153,#2154,#1242,.T.);
#2742=EDGE_CURVE('',#2154,#2155,#1243,.T.);
#2743=EDGE_CURVE('',#2155,#2156,#1244,.T.);
#2744=EDGE_CURVE('',#2156,#2133,#1245,.T.);
#2745=EDGE_CURVE('',#2157,#2158,#1246,.T.);
#2746=EDGE_CURVE('',#2158,#2159,#1247,.T.);
#2747=EDGE_CURVE('',#2159,#2160,#868,.T.);
#2748=EDGE_CURVE('',#2160,#2161,#869,.T.);
#2749=EDGE_CURVE('',#2161,#2162,#870,.T.);
#2750=EDGE_CURVE('',#2162,#2163,#1248,.T.);
#2751=EDGE_CURVE('',#2163,#2164,#1249,.T.);
#2752=EDGE_CURVE('',#2157,#2164,#871,.T.);
#2753=EDGE_CURVE('',#2165,#2166,#1250,.T.);
#2754=EDGE_CURVE('',#2166,#2167,#1251,.T.);
#2755=EDGE_CURVE('',#2167,#2168,#872,.T.);
#2756=EDGE_CURVE('',#2168,#2169,#873,.T.);
#2757=EDGE_CURVE('',#2169,#2170,#874,.T.);
#2758=EDGE_CURVE('',#2170,#2171,#1252,.T.);
#2759=EDGE_CURVE('',#2171,#2172,#1253,.T.);
#2760=EDGE_CURVE('',#2165,#2172,#875,.T.);
#2761=EDGE_CURVE('',#2173,#2174,#1254,.T.);
#2762=EDGE_CURVE('',#2174,#2175,#1255,.T.);
#2763=EDGE_CURVE('',#2175,#2176,#876,.T.);
#2764=EDGE_CURVE('',#2176,#2177,#1256,.T.);
#2765=EDGE_CURVE('',#2173,#2177,#877,.T.);
#2766=EDGE_CURVE('',#2178,#2130,#1257,.T.);
#2767=EDGE_CURVE('',#2178,#2179,#878,.T.);
#2768=EDGE_CURVE('',#2179,#2131,#1258,.T.);
#2769=EDGE_CURVE('',#2177,#2180,#175,.T.);
#2770=EDGE_CURVE('',#2180,#2181,#879,.T.);
#2771=EDGE_CURVE('',#2181,#2173,#176,.T.);
#2772=EDGE_CURVE('',#2182,#2180,#1259,.T.);
#2773=EDGE_CURVE('',#2182,#2183,#880,.T.);
#2774=EDGE_CURVE('',#2183,#2181,#1260,.T.);
#2775=EDGE_CURVE('',#2172,#2184,#177,.T.);
#2776=EDGE_CURVE('',#2184,#2185,#881,.T.);
#2777=EDGE_CURVE('',#2185,#2165,#178,.T.);
#2778=EDGE_CURVE('',#2186,#2184,#1261,.T.);
#2779=EDGE_CURVE('',#2186,#2187,#882,.T.);
#2780=EDGE_CURVE('',#2187,#2185,#1262,.T.);
#2781=EDGE_CURVE('',#2164,#2188,#179,.T.);
#2782=EDGE_CURVE('',#2188,#2189,#883,.T.);
#2783=EDGE_CURVE('',#2189,#2157,#180,.T.);
#2784=EDGE_CURVE('',#2190,#2188,#1263,.T.);
#2785=EDGE_CURVE('',#2190,#2191,#884,.T.);
#2786=EDGE_CURVE('',#2191,#2189,#1264,.T.);
#2787=EDGE_CURVE('',#2070,#2055,#1265,.T.);
#2788=EDGE_CURVE('',#2069,#2056,#1266,.T.);
#2789=EDGE_CURVE('',#2068,#2057,#1267,.T.);
#2790=EDGE_CURVE('',#2192,#2148,#1268,.T.);
#2791=EDGE_CURVE('',#2192,#2193,#885,.T.);
#2792=EDGE_CURVE('',#2193,#2149,#1269,.T.);
#2793=EDGE_CURVE('',#2194,#2147,#1270,.T.);
#2794=EDGE_CURVE('',#2194,#2192,#886,.T.);
#2795=EDGE_CURVE('',#2195,#2146,#1271,.T.);
#2796=EDGE_CURVE('',#2194,#2195,#1272,.T.);
#2797=EDGE_CURVE('',#2196,#2197,#1273,.T.);
#2798=EDGE_CURVE('',#2198,#2196,#887,.T.);
#2799=EDGE_CURVE('',#2199,#2198,#1274,.T.);
#2800=EDGE_CURVE('',#2197,#2199,#888,.T.);
#2801=EDGE_CURVE('',#2200,#2200,#889,.T.);
#2802=EDGE_CURVE('',#2200,#2031,#1275,.T.);
#2803=EDGE_CURVE('',#2195,#2179,#1276,.T.);
#2804=EDGE_CURVE('',#2178,#2193,#1277,.T.);
#2805=EDGE_CURVE('',#2197,#2199,#1278,.T.);
#2806=EDGE_CURVE('',#2198,#2201,#1279,.T.);
#2807=EDGE_CURVE('',#2120,#2201,#1280,.T.);
#2808=EDGE_CURVE('',#2119,#2202,#1281,.T.);
#2809=EDGE_CURVE('',#2202,#2196,#1282,.T.);
#2810=EDGE_CURVE('',#2203,#2191,#1283,.T.);
#2811=EDGE_CURVE('',#2203,#2158,#1284,.T.);
#2812=EDGE_CURVE('',#2204,#2163,#1285,.T.);
#2813=EDGE_CURVE('',#2190,#2204,#1286,.T.);
#2814=EDGE_CURVE('',#2205,#2162,#1287,.T.);
#2815=EDGE_CURVE('',#2204,#2205,#1288,.T.);
#2816=EDGE_CURVE('',#2206,#2206,#890,.T.);
#2817=EDGE_CURVE('',#2206,#2033,#1289,.T.);
#2818=EDGE_CURVE('',#2207,#2161,#1290,.T.);
#2819=EDGE_CURVE('',#2207,#2205,#891,.T.);
#2820=EDGE_CURVE('',#2208,#2160,#1291,.T.);
#2821=EDGE_CURVE('',#2208,#2207,#892,.T.);
#2822=EDGE_CURVE('',#2209,#2159,#1292,.T.);
#2823=EDGE_CURVE('',#2209,#2208,#893,.T.);
#2824=EDGE_CURVE('',#2209,#2203,#1293,.T.);
#2825=EDGE_CURVE('',#2210,#2183,#1294,.T.);
#2826=EDGE_CURVE('',#2210,#2174,#1295,.T.);
#2827=EDGE_CURVE('',#2211,#2176,#1296,.T.);
#2828=EDGE_CURVE('',#2182,#2211,#1297,.T.);
#2829=EDGE_CURVE('',#2212,#2212,#894,.T.);
#2830=EDGE_CURVE('',#2212,#2035,#1298,.T.);
#2831=EDGE_CURVE('',#2213,#2175,#1299,.T.);
#2832=EDGE_CURVE('',#2213,#2211,#895,.T.);
#2833=EDGE_CURVE('',#2213,#2210,#1300,.T.);
#2834=EDGE_CURVE('',#2214,#2187,#1301,.T.);
#2835=EDGE_CURVE('',#2214,#2166,#1302,.T.);
#2836=EDGE_CURVE('',#2215,#2171,#1303,.T.);
#2837=EDGE_CURVE('',#2186,#2215,#1304,.T.);
#2838=EDGE_CURVE('',#2216,#2170,#1305,.T.);
#2839=EDGE_CURVE('',#2215,#2216,#1306,.T.);
#2840=EDGE_CURVE('',#2217,#2217,#896,.T.);
#2841=EDGE_CURVE('',#2217,#2037,#1307,.T.);
#2842=EDGE_CURVE('',#2218,#2169,#1308,.T.);
#2843=EDGE_CURVE('',#2218,#2216,#897,.T.);
#2844=EDGE_CURVE('',#2219,#2168,#1309,.T.);
#2845=EDGE_CURVE('',#2219,#2218,#898,.T.);
#2846=EDGE_CURVE('',#2220,#2167,#1310,.T.);
#2847=EDGE_CURVE('',#2220,#2219,#899,.T.);
#2848=EDGE_CURVE('',#2220,#2214,#1311,.T.);
#2849=EDGE_CURVE('',#2221,#2222,#1312,.T.);
#2850=EDGE_CURVE('',#2221,#2152,#1313,.T.);
#2851=EDGE_CURVE('',#2222,#2151,#1314,.T.);
#2852=EDGE_CURVE('',#2222,#2223,#1315,.T.);
#2853=EDGE_CURVE('',#2223,#2150,#1316,.T.);
#2854=EDGE_CURVE('',#2223,#2224,#1317,.T.);
#2855=EDGE_CURVE('',#2224,#2128,#1318,.T.);
#2856=EDGE_CURVE('',#2224,#2225,#1319,.T.);
#2857=EDGE_CURVE('',#2225,#2156,#1320,.T.);
#2858=EDGE_CURVE('',#2225,#2226,#1321,.T.);
#2859=EDGE_CURVE('',#2226,#2155,#1322,.T.);
#2860=EDGE_CURVE('',#2226,#2227,#1323,.T.);
#2861=EDGE_CURVE('',#2227,#2154,#1324,.T.);
#2862=EDGE_CURVE('',#2227,#2228,#1325,.T.);
#2863=EDGE_CURVE('',#2228,#2153,#1326,.T.);
#2864=EDGE_CURVE('',#2228,#2221,#1327,.T.);
#2865=EDGE_CURVE('',#2229,#2202,#900,.T.);
#2866=EDGE_CURVE('',#2230,#2229,#1328,.T.);
#2867=EDGE_CURVE('',#2231,#2230,#901,.T.);
#2868=EDGE_CURVE('',#2232,#2231,#1329,.T.);
#2869=EDGE_CURVE('',#2233,#2232,#902,.T.);
#2870=EDGE_CURVE('',#2234,#2233,#1330,.T.);
#2871=EDGE_CURVE('',#2201,#2234,#903,.T.);
#2872=EDGE_CURVE('',#2113,#2234,#1331,.T.);
#2873=EDGE_CURVE('',#2114,#2233,#1332,.T.);
#2874=EDGE_CURVE('',#2115,#2232,#1333,.T.);
#2875=EDGE_CURVE('',#2118,#2229,#1334,.T.);
#2876=EDGE_CURVE('',#2117,#2230,#1335,.T.);
#2877=EDGE_CURVE('',#2116,#2231,#1336,.T.);
#2878=EDGE_CURVE('',#1955,#2135,#1337,.T.);
#2879=EDGE_CURVE('',#1956,#2134,#1338,.T.);
#2880=EDGE_CURVE('',#1957,#2145,#1339,.T.);
#2881=EDGE_CURVE('',#1893,#2144,#1340,.T.);
#2882=EDGE_CURVE('',#1885,#2143,#1341,.T.);
#2883=EDGE_CURVE('',#1884,#2142,#1342,.T.);
#2884=EDGE_CURVE('',#1829,#2141,#1343,.T.);
#2885=EDGE_CURVE('',#1830,#2140,#1344,.T.);
#2886=EDGE_CURVE('',#1831,#2139,#1345,.T.);
#2887=EDGE_CURVE('',#1832,#2138,#1346,.T.);
#2888=EDGE_CURVE('',#1833,#2137,#1347,.T.);
#2889=EDGE_CURVE('',#1834,#2136,#1348,.T.);
#2890=EDGE_CURVE('',#2126,#2094,#1349,.T.);
#2891=EDGE_CURVE('',#1819,#2085,#1350,.T.);
#2892=EDGE_CURVE('',#1820,#2097,#1351,.T.);
#2893=EDGE_CURVE('',#1821,#2077,#1352,.T.);
#2894=EDGE_CURVE('',#1822,#2075,#1353,.T.);
#2895=ORIENTED_EDGE('',*,*,#2235,.F.);
#2896=ORIENTED_EDGE('',*,*,#2236,.F.);
#2897=ORIENTED_EDGE('',*,*,#2237,.T.);
#2898=ORIENTED_EDGE('',*,*,#2238,.F.);
#2899=ORIENTED_EDGE('',*,*,#2239,.F.);
#2900=ORIENTED_EDGE('',*,*,#2240,.F.);
#2901=ORIENTED_EDGE('',*,*,#2241,.F.);
#2902=ORIENTED_EDGE('',*,*,#2242,.F.);
#2903=ORIENTED_EDGE('',*,*,#2243,.F.);
#2904=ORIENTED_EDGE('',*,*,#2244,.F.);
#2905=ORIENTED_EDGE('',*,*,#2245,.F.);
#2906=ORIENTED_EDGE('',*,*,#2246,.F.);
#2907=ORIENTED_EDGE('',*,*,#2247,.F.);
#2908=ORIENTED_EDGE('',*,*,#2248,.F.);
#2909=ORIENTED_EDGE('',*,*,#2249,.F.);
#2910=ORIENTED_EDGE('',*,*,#2250,.F.);
#2911=ORIENTED_EDGE('',*,*,#2251,.F.);
#2912=ORIENTED_EDGE('',*,*,#2252,.F.);
#2913=ORIENTED_EDGE('',*,*,#2253,.F.);
#2914=ORIENTED_EDGE('',*,*,#2254,.F.);
#2915=ORIENTED_EDGE('',*,*,#2238,.T.);
#2916=ORIENTED_EDGE('',*,*,#2255,.T.);
#2917=ORIENTED_EDGE('',*,*,#2256,.T.);
#2918=ORIENTED_EDGE('',*,*,#2257,.T.);
#2919=ORIENTED_EDGE('',*,*,#2258,.T.);
#2920=ORIENTED_EDGE('',*,*,#2259,.F.);
#2921=ORIENTED_EDGE('',*,*,#2260,.F.);
#2922=ORIENTED_EDGE('',*,*,#2261,.F.);
#2923=ORIENTED_EDGE('',*,*,#2262,.F.);
#2924=ORIENTED_EDGE('',*,*,#2263,.F.);
#2925=ORIENTED_EDGE('',*,*,#2264,.F.);
#2926=ORIENTED_EDGE('',*,*,#2265,.F.);
#2927=ORIENTED_EDGE('',*,*,#2266,.F.);
#2928=ORIENTED_EDGE('',*,*,#2267,.F.);
#2929=ORIENTED_EDGE('',*,*,#2268,.T.);
#2930=ORIENTED_EDGE('',*,*,#2269,.F.);
#2931=ORIENTED_EDGE('',*,*,#2270,.F.);
#2932=ORIENTED_EDGE('',*,*,#2271,.F.);
#2933=ORIENTED_EDGE('',*,*,#2272,.F.);
#2934=ORIENTED_EDGE('',*,*,#2273,.F.);
#2935=ORIENTED_EDGE('',*,*,#2274,.F.);
#2936=ORIENTED_EDGE('',*,*,#2275,.F.);
#2937=ORIENTED_EDGE('',*,*,#2276,.F.);
#2938=ORIENTED_EDGE('',*,*,#2256,.F.);
#2939=ORIENTED_EDGE('',*,*,#2277,.T.);
#2940=ORIENTED_EDGE('',*,*,#2278,.T.);
#2941=ORIENTED_EDGE('',*,*,#2258,.F.);
#2942=ORIENTED_EDGE('',*,*,#2279,.T.);
#2943=ORIENTED_EDGE('',*,*,#2280,.T.);
#2944=ORIENTED_EDGE('',*,*,#2281,.F.);
#2945=ORIENTED_EDGE('',*,*,#2281,.T.);
#2946=ORIENTED_EDGE('',*,*,#2282,.T.);
#2947=ORIENTED_EDGE('',*,*,#2283,.T.);
#2948=ORIENTED_EDGE('',*,*,#2284,.T.);
#2949=ORIENTED_EDGE('',*,*,#2285,.T.);
#2950=ORIENTED_EDGE('',*,*,#2286,.T.);
#2951=ORIENTED_EDGE('',*,*,#2287,.F.);
#2952=ORIENTED_EDGE('',*,*,#2288,.F.);
#2953=ORIENTED_EDGE('',*,*,#2259,.T.);
#2954=ORIENTED_EDGE('',*,*,#2289,.T.);
#2955=ORIENTED_EDGE('',*,*,#2290,.T.);
#2956=ORIENTED_EDGE('',*,*,#2291,.T.);
#2957=ORIENTED_EDGE('',*,*,#2292,.T.);
#2958=ORIENTED_EDGE('',*,*,#2293,.T.);
#2959=ORIENTED_EDGE('',*,*,#2294,.T.);
#2960=ORIENTED_EDGE('',*,*,#2295,.T.);
#2961=ORIENTED_EDGE('',*,*,#2296,.T.);
#2962=ORIENTED_EDGE('',*,*,#2297,.T.);
#2963=ORIENTED_EDGE('',*,*,#2298,.F.);
#2964=ORIENTED_EDGE('',*,*,#2299,.F.);
#2965=ORIENTED_EDGE('',*,*,#2300,.F.);
#2966=ORIENTED_EDGE('',*,*,#2301,.T.);
#2967=ORIENTED_EDGE('',*,*,#2302,.F.);
#2968=ORIENTED_EDGE('',*,*,#2303,.F.);
#2969=ORIENTED_EDGE('',*,*,#2304,.F.);
#2970=ORIENTED_EDGE('',*,*,#2305,.F.);
#2971=ORIENTED_EDGE('',*,*,#2306,.F.);
#2972=ORIENTED_EDGE('',*,*,#2307,.F.);
#2973=ORIENTED_EDGE('',*,*,#2308,.F.);
#2974=ORIENTED_EDGE('',*,*,#2309,.T.);
#2975=ORIENTED_EDGE('',*,*,#2310,.F.);
#2976=ORIENTED_EDGE('',*,*,#2311,.F.);
#2977=ORIENTED_EDGE('',*,*,#2312,.F.);
#2978=ORIENTED_EDGE('',*,*,#2313,.T.);
#2979=ORIENTED_EDGE('',*,*,#2314,.T.);
#2980=ORIENTED_EDGE('',*,*,#2277,.F.);
#2981=ORIENTED_EDGE('',*,*,#2255,.F.);
#2982=ORIENTED_EDGE('',*,*,#2237,.F.);
#2983=ORIENTED_EDGE('',*,*,#2315,.F.);
#2984=ORIENTED_EDGE('',*,*,#2316,.F.);
#2985=ORIENTED_EDGE('',*,*,#2317,.T.);
#2986=ORIENTED_EDGE('',*,*,#2312,.T.);
#2987=ORIENTED_EDGE('',*,*,#2318,.F.);
#2988=ORIENTED_EDGE('',*,*,#2319,.F.);
#2989=ORIENTED_EDGE('',*,*,#2320,.F.);
#2990=ORIENTED_EDGE('',*,*,#2321,.F.);
#2991=ORIENTED_EDGE('',*,*,#2279,.F.);
#2992=ORIENTED_EDGE('',*,*,#2278,.F.);
#2993=ORIENTED_EDGE('',*,*,#2314,.F.);
#2994=ORIENTED_EDGE('',*,*,#2322,.F.);
#2995=ORIENTED_EDGE('',*,*,#2323,.F.);
#2996=ORIENTED_EDGE('',*,*,#2324,.F.);
#2997=ORIENTED_EDGE('',*,*,#2285,.F.);
#2998=ORIENTED_EDGE('',*,*,#2325,.T.);
#2999=ORIENTED_EDGE('',*,*,#2326,.F.);
#3000=ORIENTED_EDGE('',*,*,#2327,.F.);
#3001=ORIENTED_EDGE('',*,*,#2328,.F.);
#3002=ORIENTED_EDGE('',*,*,#2329,.F.);
#3003=ORIENTED_EDGE('',*,*,#2330,.F.);
#3004=ORIENTED_EDGE('',*,*,#2331,.T.);
#3005=ORIENTED_EDGE('',*,*,#2332,.F.);
#3006=ORIENTED_EDGE('',*,*,#2333,.F.);
#3007=ORIENTED_EDGE('',*,*,#2334,.F.);
#3008=ORIENTED_EDGE('',*,*,#2322,.T.);
#3009=ORIENTED_EDGE('',*,*,#2313,.F.);
#3010=ORIENTED_EDGE('',*,*,#2317,.F.);
#3011=ORIENTED_EDGE('',*,*,#2282,.F.);
#3012=ORIENTED_EDGE('',*,*,#2280,.F.);
#3013=ORIENTED_EDGE('',*,*,#2321,.T.);
#3014=ORIENTED_EDGE('',*,*,#2335,.T.);
#3015=ORIENTED_EDGE('',*,*,#2336,.T.);
#3016=ORIENTED_EDGE('',*,*,#2337,.T.);
#3017=ORIENTED_EDGE('',*,*,#2338,.T.);
#3018=ORIENTED_EDGE('',*,*,#2339,.T.);
#3019=ORIENTED_EDGE('',*,*,#2340,.T.);
#3020=ORIENTED_EDGE('',*,*,#2341,.T.);
#3021=ORIENTED_EDGE('',*,*,#2342,.T.);
#3022=ORIENTED_EDGE('',*,*,#2336,.F.);
#3023=ORIENTED_EDGE('',*,*,#2343,.T.);
#3024=ORIENTED_EDGE('',*,*,#2342,.F.);
#3025=ORIENTED_EDGE('',*,*,#2344,.T.);
#3026=ORIENTED_EDGE('',*,*,#2247,.T.);
#3027=ORIENTED_EDGE('',*,*,#2345,.T.);
#3028=ORIENTED_EDGE('',*,*,#2346,.T.);
#3029=ORIENTED_EDGE('',*,*,#2347,.T.);
#3030=ORIENTED_EDGE('',*,*,#2348,.T.);
#3031=ORIENTED_EDGE('',*,*,#2349,.T.);
#3032=ORIENTED_EDGE('',*,*,#2346,.F.);
#3033=ORIENTED_EDGE('',*,*,#2350,.T.);
#3034=ORIENTED_EDGE('',*,*,#2351,.T.);
#3035=ORIENTED_EDGE('',*,*,#2352,.T.);
#3036=ORIENTED_EDGE('',*,*,#2348,.F.);
#3037=ORIENTED_EDGE('',*,*,#2353,.T.);
#3038=ORIENTED_EDGE('',*,*,#2354,.T.);
#3039=ORIENTED_EDGE('',*,*,#2351,.F.);
#3040=ORIENTED_EDGE('',*,*,#2355,.T.);
#3041=ORIENTED_EDGE('',*,*,#2338,.F.);
#3042=ORIENTED_EDGE('',*,*,#2340,.F.);
#3043=ORIENTED_EDGE('',*,*,#2356,.F.);
#3044=ORIENTED_EDGE('',*,*,#2357,.T.);
#3045=ORIENTED_EDGE('',*,*,#2358,.F.);
#3046=ORIENTED_EDGE('',*,*,#2339,.F.);
#3047=ORIENTED_EDGE('',*,*,#2359,.T.);
#3048=ORIENTED_EDGE('',*,*,#2360,.T.);
#3049=ORIENTED_EDGE('',*,*,#2361,.F.);
#3050=ORIENTED_EDGE('',*,*,#2362,.F.);
#3051=ORIENTED_EDGE('',*,*,#2343,.F.);
#3052=ORIENTED_EDGE('',*,*,#2363,.T.);
#3053=ORIENTED_EDGE('',*,*,#2364,.T.);
#3054=ORIENTED_EDGE('',*,*,#2359,.F.);
#3055=ORIENTED_EDGE('',*,*,#2335,.F.);
#3056=ORIENTED_EDGE('',*,*,#2365,.T.);
#3057=ORIENTED_EDGE('',*,*,#2366,.T.);
#3058=ORIENTED_EDGE('',*,*,#2363,.F.);
#3059=ORIENTED_EDGE('',*,*,#2355,.F.);
#3060=ORIENTED_EDGE('',*,*,#2367,.T.);
#3061=ORIENTED_EDGE('',*,*,#2368,.T.);
#3062=ORIENTED_EDGE('',*,*,#2365,.F.);
#3063=ORIENTED_EDGE('',*,*,#2353,.F.);
#3064=ORIENTED_EDGE('',*,*,#2369,.T.);
#3065=ORIENTED_EDGE('',*,*,#2370,.T.);
#3066=ORIENTED_EDGE('',*,*,#2367,.F.);
#3067=ORIENTED_EDGE('',*,*,#2350,.F.);
#3068=ORIENTED_EDGE('',*,*,#2371,.T.);
#3069=ORIENTED_EDGE('',*,*,#2372,.T.);
#3070=ORIENTED_EDGE('',*,*,#2369,.F.);
#3071=ORIENTED_EDGE('',*,*,#2345,.F.);
#3072=ORIENTED_EDGE('',*,*,#2373,.F.);
#3073=ORIENTED_EDGE('',*,*,#2374,.T.);
#3074=ORIENTED_EDGE('',*,*,#2375,.T.);
#3075=ORIENTED_EDGE('',*,*,#2371,.F.);
#3076=ORIENTED_EDGE('',*,*,#2376,.F.);
#3077=ORIENTED_EDGE('',*,*,#2377,.T.);
#3078=ORIENTED_EDGE('',*,*,#2378,.T.);
#3079=ORIENTED_EDGE('',*,*,#2377,.F.);
#3080=ORIENTED_EDGE('',*,*,#2378,.F.);
#3081=ORIENTED_EDGE('',*,*,#2379,.F.);
#3082=ORIENTED_EDGE('',*,*,#2376,.T.);
#3083=ORIENTED_EDGE('',*,*,#2380,.F.);
#3084=ORIENTED_EDGE('',*,*,#2381,.F.);
#3085=ORIENTED_EDGE('',*,*,#2382,.T.);
#3086=ORIENTED_EDGE('',*,*,#2383,.T.);
#3087=ORIENTED_EDGE('',*,*,#2382,.F.);
#3088=ORIENTED_EDGE('',*,*,#2383,.F.);
#3089=ORIENTED_EDGE('',*,*,#2384,.F.);
#3090=ORIENTED_EDGE('',*,*,#2381,.T.);
#3091=ORIENTED_EDGE('',*,*,#2385,.F.);
#3092=ORIENTED_EDGE('',*,*,#2386,.F.);
#3093=ORIENTED_EDGE('',*,*,#2387,.T.);
#3094=ORIENTED_EDGE('',*,*,#2388,.T.);
#3095=ORIENTED_EDGE('',*,*,#2387,.F.);
#3096=ORIENTED_EDGE('',*,*,#2388,.F.);
#3097=ORIENTED_EDGE('',*,*,#2389,.F.);
#3098=ORIENTED_EDGE('',*,*,#2386,.T.);
#3099=ORIENTED_EDGE('',*,*,#2390,.F.);
#3100=ORIENTED_EDGE('',*,*,#2391,.F.);
#3101=ORIENTED_EDGE('',*,*,#2392,.T.);
#3102=ORIENTED_EDGE('',*,*,#2393,.T.);
#3103=ORIENTED_EDGE('',*,*,#2392,.F.);
#3104=ORIENTED_EDGE('',*,*,#2393,.F.);
#3105=ORIENTED_EDGE('',*,*,#2394,.F.);
#3106=ORIENTED_EDGE('',*,*,#2391,.T.);
#3107=ORIENTED_EDGE('',*,*,#2395,.F.);
#3108=ORIENTED_EDGE('',*,*,#2396,.F.);
#3109=ORIENTED_EDGE('',*,*,#2397,.T.);
#3110=ORIENTED_EDGE('',*,*,#2380,.T.);
#3111=ORIENTED_EDGE('',*,*,#2397,.F.);
#3112=ORIENTED_EDGE('',*,*,#2398,.F.);
#3113=ORIENTED_EDGE('',*,*,#2399,.T.);
#3114=ORIENTED_EDGE('',*,*,#2385,.T.);
#3115=ORIENTED_EDGE('',*,*,#2399,.F.);
#3116=ORIENTED_EDGE('',*,*,#2400,.F.);
#3117=ORIENTED_EDGE('',*,*,#2401,.T.);
#3118=ORIENTED_EDGE('',*,*,#2390,.T.);
#3119=ORIENTED_EDGE('',*,*,#2401,.F.);
#3120=ORIENTED_EDGE('',*,*,#2402,.F.);
#3121=ORIENTED_EDGE('',*,*,#2403,.T.);
#3122=ORIENTED_EDGE('',*,*,#2395,.T.);
#3123=ORIENTED_EDGE('',*,*,#2403,.F.);
#3124=ORIENTED_EDGE('',*,*,#2404,.F.);
#3125=ORIENTED_EDGE('',*,*,#2405,.T.);
#3126=ORIENTED_EDGE('',*,*,#2406,.F.);
#3127=ORIENTED_EDGE('',*,*,#2407,.F.);
#3128=ORIENTED_EDGE('',*,*,#2408,.F.);
#3129=ORIENTED_EDGE('',*,*,#2409,.T.);
#3130=ORIENTED_EDGE('',*,*,#2410,.F.);
#3131=ORIENTED_EDGE('',*,*,#2411,.F.);
#3132=ORIENTED_EDGE('',*,*,#2410,.T.);
#3133=ORIENTED_EDGE('',*,*,#2412,.T.);
#3134=ORIENTED_EDGE('',*,*,#2406,.T.);
#3135=ORIENTED_EDGE('',*,*,#2413,.T.);
#3136=ORIENTED_EDGE('',*,*,#2408,.T.);
#3137=ORIENTED_EDGE('',*,*,#2414,.F.);
#3138=ORIENTED_EDGE('',*,*,#2415,.F.);
#3139=ORIENTED_EDGE('',*,*,#2416,.F.);
#3140=ORIENTED_EDGE('',*,*,#2417,.F.);
#3141=ORIENTED_EDGE('',*,*,#2418,.F.);
#3142=ORIENTED_EDGE('',*,*,#2419,.T.);
#3143=ORIENTED_EDGE('',*,*,#2420,.F.);
#3144=ORIENTED_EDGE('',*,*,#2421,.F.);
#3145=ORIENTED_EDGE('',*,*,#2422,.F.);
#3146=ORIENTED_EDGE('',*,*,#2423,.F.);
#3147=ORIENTED_EDGE('',*,*,#2424,.F.);
#3148=ORIENTED_EDGE('',*,*,#2425,.T.);
#3149=ORIENTED_EDGE('',*,*,#2426,.F.);
#3150=ORIENTED_EDGE('',*,*,#2427,.F.);
#3151=ORIENTED_EDGE('',*,*,#2428,.F.);
#3152=ORIENTED_EDGE('',*,*,#2429,.T.);
#3153=ORIENTED_EDGE('',*,*,#2430,.T.);
#3154=ORIENTED_EDGE('',*,*,#2431,.F.);
#3155=ORIENTED_EDGE('',*,*,#2430,.F.);
#3156=ORIENTED_EDGE('',*,*,#2432,.T.);
#3157=ORIENTED_EDGE('',*,*,#2433,.F.);
#3158=ORIENTED_EDGE('',*,*,#2432,.F.);
#3159=ORIENTED_EDGE('',*,*,#2429,.F.);
#3160=ORIENTED_EDGE('',*,*,#2434,.F.);
#3161=ORIENTED_EDGE('',*,*,#2435,.F.);
#3162=ORIENTED_EDGE('',*,*,#2436,.F.);
#3163=ORIENTED_EDGE('',*,*,#2433,.T.);
#3164=ORIENTED_EDGE('',*,*,#2435,.T.);
#3165=ORIENTED_EDGE('',*,*,#2437,.T.);
#3166=ORIENTED_EDGE('',*,*,#2438,.F.);
#3167=ORIENTED_EDGE('',*,*,#2437,.F.);
#3168=ORIENTED_EDGE('',*,*,#2434,.T.);
#3169=ORIENTED_EDGE('',*,*,#2428,.T.);
#3170=ORIENTED_EDGE('',*,*,#2439,.F.);
#3171=ORIENTED_EDGE('',*,*,#2425,.F.);
#3172=ORIENTED_EDGE('',*,*,#2440,.F.);
#3173=ORIENTED_EDGE('',*,*,#2441,.F.);
#3174=ORIENTED_EDGE('',*,*,#2442,.F.);
#3175=ORIENTED_EDGE('',*,*,#2443,.F.);
#3176=ORIENTED_EDGE('',*,*,#2444,.F.);
#3177=ORIENTED_EDGE('',*,*,#2309,.F.);
#3178=ORIENTED_EDGE('',*,*,#2445,.F.);
#3179=ORIENTED_EDGE('',*,*,#2446,.F.);
#3180=ORIENTED_EDGE('',*,*,#2447,.F.);
#3181=ORIENTED_EDGE('',*,*,#2331,.F.);
#3182=ORIENTED_EDGE('',*,*,#2439,.T.);
#3183=ORIENTED_EDGE('',*,*,#2448,.T.);
#3184=ORIENTED_EDGE('',*,*,#2449,.F.);
#3185=ORIENTED_EDGE('',*,*,#2426,.T.);
#3186=ORIENTED_EDGE('',*,*,#2443,.T.);
#3187=ORIENTED_EDGE('',*,*,#2450,.F.);
#3188=ORIENTED_EDGE('',*,*,#2451,.F.);
#3189=ORIENTED_EDGE('',*,*,#2448,.F.);
#3190=ORIENTED_EDGE('',*,*,#2441,.T.);
#3191=ORIENTED_EDGE('',*,*,#2452,.F.);
#3192=ORIENTED_EDGE('',*,*,#2453,.F.);
#3193=ORIENTED_EDGE('',*,*,#2454,.F.);
#3194=ORIENTED_EDGE('',*,*,#2446,.T.);
#3195=ORIENTED_EDGE('',*,*,#2455,.F.);
#3196=ORIENTED_EDGE('',*,*,#2456,.T.);
#3197=ORIENTED_EDGE('',*,*,#2457,.F.);
#3198=ORIENTED_EDGE('',*,*,#2458,.F.);
#3199=ORIENTED_EDGE('',*,*,#2459,.T.);
#3200=ORIENTED_EDGE('',*,*,#2460,.F.);
#3201=ORIENTED_EDGE('',*,*,#2461,.F.);
#3202=ORIENTED_EDGE('',*,*,#2462,.F.);
#3203=ORIENTED_EDGE('',*,*,#2461,.T.);
#3204=ORIENTED_EDGE('',*,*,#2463,.F.);
#3205=ORIENTED_EDGE('',*,*,#2464,.F.);
#3206=ORIENTED_EDGE('',*,*,#2465,.F.);
#3207=ORIENTED_EDGE('',*,*,#2464,.T.);
#3208=ORIENTED_EDGE('',*,*,#2466,.F.);
#3209=ORIENTED_EDGE('',*,*,#2467,.F.);
#3210=ORIENTED_EDGE('',*,*,#2468,.F.);
#3211=ORIENTED_EDGE('',*,*,#2467,.T.);
#3212=ORIENTED_EDGE('',*,*,#2469,.F.);
#3213=ORIENTED_EDGE('',*,*,#2459,.F.);
#3214=ORIENTED_EDGE('',*,*,#2469,.T.);
#3215=ORIENTED_EDGE('',*,*,#2466,.T.);
#3216=ORIENTED_EDGE('',*,*,#2463,.T.);
#3217=ORIENTED_EDGE('',*,*,#2460,.T.);
#3218=ORIENTED_EDGE('',*,*,#2470,.F.);
#3219=ORIENTED_EDGE('',*,*,#2471,.T.);
#3220=ORIENTED_EDGE('',*,*,#2472,.F.);
#3221=ORIENTED_EDGE('',*,*,#2473,.F.);
#3222=ORIENTED_EDGE('',*,*,#2474,.F.);
#3223=ORIENTED_EDGE('',*,*,#2473,.T.);
#3224=ORIENTED_EDGE('',*,*,#2475,.F.);
#3225=ORIENTED_EDGE('',*,*,#2476,.F.);
#3226=ORIENTED_EDGE('',*,*,#2477,.F.);
#3227=ORIENTED_EDGE('',*,*,#2476,.T.);
#3228=ORIENTED_EDGE('',*,*,#2478,.F.);
#3229=ORIENTED_EDGE('',*,*,#2479,.F.);
#3230=ORIENTED_EDGE('',*,*,#2480,.F.);
#3231=ORIENTED_EDGE('',*,*,#2479,.T.);
#3232=ORIENTED_EDGE('',*,*,#2481,.F.);
#3233=ORIENTED_EDGE('',*,*,#2482,.F.);
#3234=ORIENTED_EDGE('',*,*,#2483,.F.);
#3235=ORIENTED_EDGE('',*,*,#2482,.T.);
#3236=ORIENTED_EDGE('',*,*,#2484,.F.);
#3237=ORIENTED_EDGE('',*,*,#2485,.F.);
#3238=ORIENTED_EDGE('',*,*,#2486,.F.);
#3239=ORIENTED_EDGE('',*,*,#2485,.T.);
#3240=ORIENTED_EDGE('',*,*,#2487,.F.);
#3241=ORIENTED_EDGE('',*,*,#2488,.F.);
#3242=ORIENTED_EDGE('',*,*,#2489,.F.);
#3243=ORIENTED_EDGE('',*,*,#2488,.T.);
#3244=ORIENTED_EDGE('',*,*,#2490,.F.);
#3245=ORIENTED_EDGE('',*,*,#2491,.F.);
#3246=ORIENTED_EDGE('',*,*,#2492,.F.);
#3247=ORIENTED_EDGE('',*,*,#2491,.T.);
#3248=ORIENTED_EDGE('',*,*,#2493,.F.);
#3249=ORIENTED_EDGE('',*,*,#2471,.F.);
#3250=ORIENTED_EDGE('',*,*,#2494,.F.);
#3251=ORIENTED_EDGE('',*,*,#2495,.T.);
#3252=ORIENTED_EDGE('',*,*,#2496,.F.);
#3253=ORIENTED_EDGE('',*,*,#2497,.F.);
#3254=ORIENTED_EDGE('',*,*,#2498,.F.);
#3255=ORIENTED_EDGE('',*,*,#2497,.T.);
#3256=ORIENTED_EDGE('',*,*,#2499,.F.);
#3257=ORIENTED_EDGE('',*,*,#2500,.F.);
#3258=ORIENTED_EDGE('',*,*,#2501,.F.);
#3259=ORIENTED_EDGE('',*,*,#2500,.T.);
#3260=ORIENTED_EDGE('',*,*,#2502,.F.);
#3261=ORIENTED_EDGE('',*,*,#2503,.F.);
#3262=ORIENTED_EDGE('',*,*,#2504,.F.);
#3263=ORIENTED_EDGE('',*,*,#2503,.T.);
#3264=ORIENTED_EDGE('',*,*,#2505,.F.);
#3265=ORIENTED_EDGE('',*,*,#2506,.F.);
#3266=ORIENTED_EDGE('',*,*,#2507,.F.);
#3267=ORIENTED_EDGE('',*,*,#2506,.T.);
#3268=ORIENTED_EDGE('',*,*,#2508,.F.);
#3269=ORIENTED_EDGE('',*,*,#2509,.F.);
#3270=ORIENTED_EDGE('',*,*,#2510,.F.);
#3271=ORIENTED_EDGE('',*,*,#2509,.T.);
#3272=ORIENTED_EDGE('',*,*,#2511,.F.);
#3273=ORIENTED_EDGE('',*,*,#2512,.F.);
#3274=ORIENTED_EDGE('',*,*,#2513,.F.);
#3275=ORIENTED_EDGE('',*,*,#2512,.T.);
#3276=ORIENTED_EDGE('',*,*,#2514,.F.);
#3277=ORIENTED_EDGE('',*,*,#2515,.F.);
#3278=ORIENTED_EDGE('',*,*,#2516,.F.);
#3279=ORIENTED_EDGE('',*,*,#2515,.T.);
#3280=ORIENTED_EDGE('',*,*,#2517,.F.);
#3281=ORIENTED_EDGE('',*,*,#2518,.F.);
#3282=ORIENTED_EDGE('',*,*,#2519,.F.);
#3283=ORIENTED_EDGE('',*,*,#2518,.T.);
#3284=ORIENTED_EDGE('',*,*,#2520,.F.);
#3285=ORIENTED_EDGE('',*,*,#2521,.F.);
#3286=ORIENTED_EDGE('',*,*,#2522,.F.);
#3287=ORIENTED_EDGE('',*,*,#2521,.T.);
#3288=ORIENTED_EDGE('',*,*,#2523,.F.);
#3289=ORIENTED_EDGE('',*,*,#2495,.F.);
#3290=ORIENTED_EDGE('',*,*,#2523,.T.);
#3291=ORIENTED_EDGE('',*,*,#2520,.T.);
#3292=ORIENTED_EDGE('',*,*,#2517,.T.);
#3293=ORIENTED_EDGE('',*,*,#2514,.T.);
#3294=ORIENTED_EDGE('',*,*,#2511,.T.);
#3295=ORIENTED_EDGE('',*,*,#2508,.T.);
#3296=ORIENTED_EDGE('',*,*,#2505,.T.);
#3297=ORIENTED_EDGE('',*,*,#2502,.T.);
#3298=ORIENTED_EDGE('',*,*,#2499,.T.);
#3299=ORIENTED_EDGE('',*,*,#2496,.T.);
#3300=ORIENTED_EDGE('',*,*,#2493,.T.);
#3301=ORIENTED_EDGE('',*,*,#2490,.T.);
#3302=ORIENTED_EDGE('',*,*,#2487,.T.);
#3303=ORIENTED_EDGE('',*,*,#2484,.T.);
#3304=ORIENTED_EDGE('',*,*,#2481,.T.);
#3305=ORIENTED_EDGE('',*,*,#2478,.T.);
#3306=ORIENTED_EDGE('',*,*,#2475,.T.);
#3307=ORIENTED_EDGE('',*,*,#2472,.T.);
#3308=ORIENTED_EDGE('',*,*,#2341,.F.);
#3309=ORIENTED_EDGE('',*,*,#2358,.T.);
#3310=ORIENTED_EDGE('',*,*,#2524,.T.);
#3311=ORIENTED_EDGE('',*,*,#2525,.T.);
#3312=ORIENTED_EDGE('',*,*,#2526,.T.);
#3313=ORIENTED_EDGE('',*,*,#2527,.T.);
#3314=ORIENTED_EDGE('',*,*,#2528,.T.);
#3315=ORIENTED_EDGE('',*,*,#2529,.F.);
#3316=ORIENTED_EDGE('',*,*,#2530,.F.);
#3317=ORIENTED_EDGE('',*,*,#2248,.T.);
#3318=ORIENTED_EDGE('',*,*,#2347,.F.);
#3319=ORIENTED_EDGE('',*,*,#2349,.F.);
#3320=ORIENTED_EDGE('',*,*,#2352,.F.);
#3321=ORIENTED_EDGE('',*,*,#2354,.F.);
#3322=ORIENTED_EDGE('',*,*,#2337,.F.);
#3323=ORIENTED_EDGE('',*,*,#2344,.F.);
#3324=ORIENTED_EDGE('',*,*,#2436,.T.);
#3325=ORIENTED_EDGE('',*,*,#2438,.T.);
#3326=ORIENTED_EDGE('',*,*,#2427,.T.);
#3327=ORIENTED_EDGE('',*,*,#2431,.T.);
#3328=ORIENTED_EDGE('',*,*,#2458,.T.);
#3329=ORIENTED_EDGE('',*,*,#2462,.T.);
#3330=ORIENTED_EDGE('',*,*,#2465,.T.);
#3331=ORIENTED_EDGE('',*,*,#2468,.T.);
#3332=ORIENTED_EDGE('',*,*,#2494,.T.);
#3333=ORIENTED_EDGE('',*,*,#2498,.T.);
#3334=ORIENTED_EDGE('',*,*,#2501,.T.);
#3335=ORIENTED_EDGE('',*,*,#2504,.T.);
#3336=ORIENTED_EDGE('',*,*,#2507,.T.);
#3337=ORIENTED_EDGE('',*,*,#2510,.T.);
#3338=ORIENTED_EDGE('',*,*,#2513,.T.);
#3339=ORIENTED_EDGE('',*,*,#2516,.T.);
#3340=ORIENTED_EDGE('',*,*,#2519,.T.);
#3341=ORIENTED_EDGE('',*,*,#2522,.T.);
#3342=ORIENTED_EDGE('',*,*,#2379,.T.);
#3343=ORIENTED_EDGE('',*,*,#2531,.T.);
#3344=ORIENTED_EDGE('',*,*,#2532,.T.);
#3345=ORIENTED_EDGE('',*,*,#2531,.F.);
#3346=ORIENTED_EDGE('',*,*,#2532,.F.);
#3347=ORIENTED_EDGE('',*,*,#2533,.F.);
#3348=ORIENTED_EDGE('',*,*,#2389,.T.);
#3349=ORIENTED_EDGE('',*,*,#2534,.T.);
#3350=ORIENTED_EDGE('',*,*,#2535,.T.);
#3351=ORIENTED_EDGE('',*,*,#2534,.F.);
#3352=ORIENTED_EDGE('',*,*,#2535,.F.);
#3353=ORIENTED_EDGE('',*,*,#2536,.F.);
#3354=ORIENTED_EDGE('',*,*,#2384,.T.);
#3355=ORIENTED_EDGE('',*,*,#2537,.T.);
#3356=ORIENTED_EDGE('',*,*,#2538,.T.);
#3357=ORIENTED_EDGE('',*,*,#2537,.F.);
#3358=ORIENTED_EDGE('',*,*,#2538,.F.);
#3359=ORIENTED_EDGE('',*,*,#2539,.F.);
#3360=ORIENTED_EDGE('',*,*,#2394,.T.);
#3361=ORIENTED_EDGE('',*,*,#2540,.T.);
#3362=ORIENTED_EDGE('',*,*,#2541,.T.);
#3363=ORIENTED_EDGE('',*,*,#2540,.F.);
#3364=ORIENTED_EDGE('',*,*,#2541,.F.);
#3365=ORIENTED_EDGE('',*,*,#2542,.F.);
#3366=ORIENTED_EDGE('',*,*,#2543,.F.);
#3367=ORIENTED_EDGE('',*,*,#2544,.F.);
#3368=ORIENTED_EDGE('',*,*,#2545,.F.);
#3369=ORIENTED_EDGE('',*,*,#2546,.T.);
#3370=ORIENTED_EDGE('',*,*,#2547,.F.);
#3371=ORIENTED_EDGE('',*,*,#2546,.F.);
#3372=ORIENTED_EDGE('',*,*,#2548,.F.);
#3373=ORIENTED_EDGE('',*,*,#2549,.T.);
#3374=ORIENTED_EDGE('',*,*,#2550,.F.);
#3375=ORIENTED_EDGE('',*,*,#2549,.F.);
#3376=ORIENTED_EDGE('',*,*,#2551,.F.);
#3377=ORIENTED_EDGE('',*,*,#2552,.T.);
#3378=ORIENTED_EDGE('',*,*,#2553,.F.);
#3379=ORIENTED_EDGE('',*,*,#2552,.F.);
#3380=ORIENTED_EDGE('',*,*,#2554,.F.);
#3381=ORIENTED_EDGE('',*,*,#2555,.T.);
#3382=ORIENTED_EDGE('',*,*,#2556,.F.);
#3383=ORIENTED_EDGE('',*,*,#2555,.F.);
#3384=ORIENTED_EDGE('',*,*,#2557,.F.);
#3385=ORIENTED_EDGE('',*,*,#2558,.T.);
#3386=ORIENTED_EDGE('',*,*,#2559,.F.);
#3387=ORIENTED_EDGE('',*,*,#2558,.F.);
#3388=ORIENTED_EDGE('',*,*,#2560,.F.);
#3389=ORIENTED_EDGE('',*,*,#2453,.T.);
#3390=ORIENTED_EDGE('',*,*,#2561,.F.);
#3391=ORIENTED_EDGE('',*,*,#2456,.F.);
#3392=ORIENTED_EDGE('',*,*,#2562,.F.);
#3393=ORIENTED_EDGE('',*,*,#2544,.T.);
#3394=ORIENTED_EDGE('',*,*,#2563,.F.);
#3395=ORIENTED_EDGE('',*,*,#2361,.T.);
#3396=ORIENTED_EDGE('',*,*,#2564,.T.);
#3397=ORIENTED_EDGE('',*,*,#2374,.F.);
#3398=ORIENTED_EDGE('',*,*,#2370,.F.);
#3399=ORIENTED_EDGE('',*,*,#2372,.F.);
#3400=ORIENTED_EDGE('',*,*,#2375,.F.);
#3401=ORIENTED_EDGE('',*,*,#2564,.F.);
#3402=ORIENTED_EDGE('',*,*,#2360,.F.);
#3403=ORIENTED_EDGE('',*,*,#2364,.F.);
#3404=ORIENTED_EDGE('',*,*,#2366,.F.);
#3405=ORIENTED_EDGE('',*,*,#2368,.F.);
#3406=ORIENTED_EDGE('',*,*,#2565,.F.);
#3407=ORIENTED_EDGE('',*,*,#2566,.F.);
#3408=ORIENTED_EDGE('',*,*,#2567,.F.);
#3409=ORIENTED_EDGE('',*,*,#2568,.F.);
#3410=ORIENTED_EDGE('',*,*,#2569,.F.);
#3411=ORIENTED_EDGE('',*,*,#2570,.F.);
#3412=ORIENTED_EDGE('',*,*,#2571,.F.);
#3413=ORIENTED_EDGE('',*,*,#2572,.F.);
#3414=ORIENTED_EDGE('',*,*,#2568,.T.);
#3415=ORIENTED_EDGE('',*,*,#2573,.F.);
#3416=ORIENTED_EDGE('',*,*,#2574,.F.);
#3417=ORIENTED_EDGE('',*,*,#2575,.T.);
#3418=ORIENTED_EDGE('',*,*,#2567,.T.);
#3419=ORIENTED_EDGE('',*,*,#2576,.F.);
#3420=ORIENTED_EDGE('',*,*,#2577,.F.);
#3421=ORIENTED_EDGE('',*,*,#2573,.T.);
#3422=ORIENTED_EDGE('',*,*,#2566,.T.);
#3423=ORIENTED_EDGE('',*,*,#2578,.T.);
#3424=ORIENTED_EDGE('',*,*,#2579,.F.);
#3425=ORIENTED_EDGE('',*,*,#2576,.T.);
#3426=ORIENTED_EDGE('',*,*,#2565,.T.);
#3427=ORIENTED_EDGE('',*,*,#2580,.F.);
#3428=ORIENTED_EDGE('',*,*,#2581,.F.);
#3429=ORIENTED_EDGE('',*,*,#2578,.F.);
#3430=ORIENTED_EDGE('',*,*,#2362,.T.);
#3431=ORIENTED_EDGE('',*,*,#2563,.T.);
#3432=ORIENTED_EDGE('',*,*,#2373,.T.);
#3433=ORIENTED_EDGE('',*,*,#2246,.T.);
#3434=ORIENTED_EDGE('',*,*,#2582,.F.);
#3435=ORIENTED_EDGE('',*,*,#2269,.T.);
#3436=ORIENTED_EDGE('',*,*,#2583,.T.);
#3437=ORIENTED_EDGE('',*,*,#2356,.T.);
#3438=ORIENTED_EDGE('',*,*,#2584,.F.);
#3439=ORIENTED_EDGE('',*,*,#2585,.T.);
#3440=ORIENTED_EDGE('',*,*,#2525,.F.);
#3441=ORIENTED_EDGE('',*,*,#2586,.F.);
#3442=ORIENTED_EDGE('',*,*,#2587,.F.);
#3443=ORIENTED_EDGE('',*,*,#2586,.T.);
#3444=ORIENTED_EDGE('',*,*,#2524,.F.);
#3445=ORIENTED_EDGE('',*,*,#2357,.F.);
#3446=ORIENTED_EDGE('',*,*,#2583,.F.);
#3447=ORIENTED_EDGE('',*,*,#2268,.F.);
#3448=ORIENTED_EDGE('',*,*,#2588,.F.);
#3449=ORIENTED_EDGE('',*,*,#2589,.F.);
#3450=ORIENTED_EDGE('',*,*,#2526,.F.);
#3451=ORIENTED_EDGE('',*,*,#2585,.F.);
#3452=ORIENTED_EDGE('',*,*,#2590,.F.);
#3453=ORIENTED_EDGE('',*,*,#2419,.F.);
#3454=ORIENTED_EDGE('',*,*,#2590,.T.);
#3455=ORIENTED_EDGE('',*,*,#2584,.T.);
#3456=ORIENTED_EDGE('',*,*,#2587,.T.);
#3457=ORIENTED_EDGE('',*,*,#2267,.T.);
#3458=ORIENTED_EDGE('',*,*,#2591,.T.);
#3459=ORIENTED_EDGE('',*,*,#2592,.F.);
#3460=ORIENTED_EDGE('',*,*,#2593,.F.);
#3461=ORIENTED_EDGE('',*,*,#2420,.T.);
#3462=ORIENTED_EDGE('',*,*,#2579,.T.);
#3463=ORIENTED_EDGE('',*,*,#2581,.T.);
#3464=ORIENTED_EDGE('',*,*,#2594,.T.);
#3465=ORIENTED_EDGE('',*,*,#2595,.T.);
#3466=ORIENTED_EDGE('',*,*,#2596,.T.);
#3467=ORIENTED_EDGE('',*,*,#2597,.T.);
#3468=ORIENTED_EDGE('',*,*,#2574,.T.);
#3469=ORIENTED_EDGE('',*,*,#2577,.T.);
#3470=ORIENTED_EDGE('',*,*,#2598,.T.);
#3471=ORIENTED_EDGE('',*,*,#2599,.T.);
#3472=ORIENTED_EDGE('',*,*,#2600,.T.);
#3473=ORIENTED_EDGE('',*,*,#2601,.F.);
#3474=ORIENTED_EDGE('',*,*,#2602,.T.);
#3475=ORIENTED_EDGE('',*,*,#2603,.T.);
#3476=ORIENTED_EDGE('',*,*,#2604,.T.);
#3477=ORIENTED_EDGE('',*,*,#2601,.T.);
#3478=ORIENTED_EDGE('',*,*,#2603,.F.);
#3479=ORIENTED_EDGE('',*,*,#2605,.T.);
#3480=ORIENTED_EDGE('',*,*,#2606,.T.);
#3481=ORIENTED_EDGE('',*,*,#2607,.T.);
#3482=ORIENTED_EDGE('',*,*,#2608,.T.);
#3483=ORIENTED_EDGE('',*,*,#2609,.T.);
#3484=ORIENTED_EDGE('',*,*,#2610,.T.);
#3485=ORIENTED_EDGE('',*,*,#2611,.T.);
#3486=ORIENTED_EDGE('',*,*,#2612,.T.);
#3487=ORIENTED_EDGE('',*,*,#2613,.T.);
#3488=ORIENTED_EDGE('',*,*,#2614,.T.);
#3489=ORIENTED_EDGE('',*,*,#2610,.F.);
#3490=ORIENTED_EDGE('',*,*,#2615,.T.);
#3491=ORIENTED_EDGE('',*,*,#2616,.T.);
#3492=ORIENTED_EDGE('',*,*,#2617,.T.);
#3493=ORIENTED_EDGE('',*,*,#2618,.T.);
#3494=ORIENTED_EDGE('',*,*,#2616,.F.);
#3495=ORIENTED_EDGE('',*,*,#2529,.T.);
#3496=ORIENTED_EDGE('',*,*,#2619,.T.);
#3497=ORIENTED_EDGE('',*,*,#2620,.T.);
#3498=ORIENTED_EDGE('',*,*,#2621,.T.);
#3499=ORIENTED_EDGE('',*,*,#2622,.T.);
#3500=ORIENTED_EDGE('',*,*,#2623,.T.);
#3501=ORIENTED_EDGE('',*,*,#2624,.T.);
#3502=ORIENTED_EDGE('',*,*,#2625,.T.);
#3503=ORIENTED_EDGE('',*,*,#2626,.T.);
#3504=ORIENTED_EDGE('',*,*,#2627,.T.);
#3505=ORIENTED_EDGE('',*,*,#2623,.F.);
#3506=ORIENTED_EDGE('',*,*,#2619,.F.);
#3507=ORIENTED_EDGE('',*,*,#2628,.T.);
#3508=ORIENTED_EDGE('',*,*,#2626,.F.);
#3509=ORIENTED_EDGE('',*,*,#2629,.T.);
#3510=ORIENTED_EDGE('',*,*,#2630,.T.);
#3511=ORIENTED_EDGE('',*,*,#2631,.T.);
#3512=ORIENTED_EDGE('',*,*,#2621,.F.);
#3513=ORIENTED_EDGE('',*,*,#2632,.T.);
#3514=ORIENTED_EDGE('',*,*,#2633,.T.);
#3515=ORIENTED_EDGE('',*,*,#2630,.F.);
#3516=ORIENTED_EDGE('',*,*,#2634,.T.);
#3517=ORIENTED_EDGE('',*,*,#2613,.F.);
#3518=ORIENTED_EDGE('',*,*,#2635,.T.);
#3519=ORIENTED_EDGE('',*,*,#2618,.F.);
#3520=ORIENTED_EDGE('',*,*,#2636,.T.);
#3521=ORIENTED_EDGE('',*,*,#2637,.T.);
#3522=ORIENTED_EDGE('',*,*,#2606,.F.);
#3523=ORIENTED_EDGE('',*,*,#2638,.T.);
#3524=ORIENTED_EDGE('',*,*,#2637,.F.);
#3525=ORIENTED_EDGE('',*,*,#2639,.T.);
#3526=ORIENTED_EDGE('',*,*,#2640,.T.);
#3527=ORIENTED_EDGE('',*,*,#2641,.T.);
#3528=ORIENTED_EDGE('',*,*,#2608,.F.);
#3529=ORIENTED_EDGE('',*,*,#2642,.T.);
#3530=ORIENTED_EDGE('',*,*,#2643,.T.);
#3531=ORIENTED_EDGE('',*,*,#2640,.F.);
#3532=ORIENTED_EDGE('',*,*,#2644,.T.);
#3533=ORIENTED_EDGE('',*,*,#2599,.F.);
#3534=ORIENTED_EDGE('',*,*,#2600,.F.);
#3535=ORIENTED_EDGE('',*,*,#2645,.F.);
#3536=ORIENTED_EDGE('',*,*,#2254,.T.);
#3537=ORIENTED_EDGE('',*,*,#2646,.T.);
#3538=ORIENTED_EDGE('',*,*,#2644,.F.);
#3539=ORIENTED_EDGE('',*,*,#2647,.F.);
#3540=ORIENTED_EDGE('',*,*,#2235,.T.);
#3541=ORIENTED_EDGE('',*,*,#2645,.T.);
#3542=ORIENTED_EDGE('',*,*,#2642,.F.);
#3543=ORIENTED_EDGE('',*,*,#2648,.F.);
#3544=ORIENTED_EDGE('',*,*,#2302,.T.);
#3545=ORIENTED_EDGE('',*,*,#2649,.T.);
#3546=ORIENTED_EDGE('',*,*,#2236,.T.);
#3547=ORIENTED_EDGE('',*,*,#2647,.T.);
#3548=ORIENTED_EDGE('',*,*,#2650,.T.);
#3549=ORIENTED_EDGE('',*,*,#2651,.T.);
#3550=ORIENTED_EDGE('',*,*,#2652,.T.);
#3551=ORIENTED_EDGE('',*,*,#2653,.T.);
#3552=ORIENTED_EDGE('',*,*,#2654,.T.);
#3553=ORIENTED_EDGE('',*,*,#2655,.T.);
#3554=ORIENTED_EDGE('',*,*,#2656,.T.);
#3555=ORIENTED_EDGE('',*,*,#2657,.T.);
#3556=ORIENTED_EDGE('',*,*,#2658,.T.);
#3557=ORIENTED_EDGE('',*,*,#2611,.F.);
#3558=ORIENTED_EDGE('',*,*,#2659,.F.);
#3559=ORIENTED_EDGE('',*,*,#2303,.T.);
#3560=ORIENTED_EDGE('',*,*,#2648,.T.);
#3561=ORIENTED_EDGE('',*,*,#2614,.F.);
#3562=ORIENTED_EDGE('',*,*,#2660,.F.);
#3563=ORIENTED_EDGE('',*,*,#2306,.T.);
#3564=ORIENTED_EDGE('',*,*,#2305,.T.);
#3565=ORIENTED_EDGE('',*,*,#2304,.T.);
#3566=ORIENTED_EDGE('',*,*,#2659,.T.);
#3567=ORIENTED_EDGE('',*,*,#2634,.F.);
#3568=ORIENTED_EDGE('',*,*,#2661,.F.);
#3569=ORIENTED_EDGE('',*,*,#2307,.T.);
#3570=ORIENTED_EDGE('',*,*,#2660,.T.);
#3571=ORIENTED_EDGE('',*,*,#2445,.T.);
#3572=ORIENTED_EDGE('',*,*,#2308,.T.);
#3573=ORIENTED_EDGE('',*,*,#2661,.T.);
#3574=ORIENTED_EDGE('',*,*,#2632,.F.);
#3575=ORIENTED_EDGE('',*,*,#2662,.F.);
#3576=ORIENTED_EDGE('',*,*,#2663,.T.);
#3577=ORIENTED_EDGE('',*,*,#2664,.F.);
#3578=ORIENTED_EDGE('',*,*,#2404,.T.);
#3579=ORIENTED_EDGE('',*,*,#2665,.T.);
#3580=ORIENTED_EDGE('',*,*,#2450,.T.);
#3581=ORIENTED_EDGE('',*,*,#2442,.T.);
#3582=ORIENTED_EDGE('',*,*,#2454,.T.);
#3583=ORIENTED_EDGE('',*,*,#2560,.T.);
#3584=ORIENTED_EDGE('',*,*,#2557,.T.);
#3585=ORIENTED_EDGE('',*,*,#2554,.T.);
#3586=ORIENTED_EDGE('',*,*,#2551,.T.);
#3587=ORIENTED_EDGE('',*,*,#2548,.T.);
#3588=ORIENTED_EDGE('',*,*,#2545,.T.);
#3589=ORIENTED_EDGE('',*,*,#2562,.T.);
#3590=ORIENTED_EDGE('',*,*,#2455,.T.);
#3591=ORIENTED_EDGE('',*,*,#2624,.F.);
#3592=ORIENTED_EDGE('',*,*,#2666,.F.);
#3593=ORIENTED_EDGE('',*,*,#2667,.T.);
#3594=ORIENTED_EDGE('',*,*,#2662,.T.);
#3595=ORIENTED_EDGE('',*,*,#2622,.F.);
#3596=ORIENTED_EDGE('',*,*,#2631,.F.);
#3597=ORIENTED_EDGE('',*,*,#2633,.F.);
#3598=ORIENTED_EDGE('',*,*,#2612,.F.);
#3599=ORIENTED_EDGE('',*,*,#2609,.F.);
#3600=ORIENTED_EDGE('',*,*,#2641,.F.);
#3601=ORIENTED_EDGE('',*,*,#2643,.F.);
#3602=ORIENTED_EDGE('',*,*,#2598,.F.);
#3603=ORIENTED_EDGE('',*,*,#2604,.F.);
#3604=ORIENTED_EDGE('',*,*,#2607,.F.);
#3605=ORIENTED_EDGE('',*,*,#2639,.F.);
#3606=ORIENTED_EDGE('',*,*,#2636,.F.);
#3607=ORIENTED_EDGE('',*,*,#2617,.F.);
#3608=ORIENTED_EDGE('',*,*,#2620,.F.);
#3609=ORIENTED_EDGE('',*,*,#2629,.F.);
#3610=ORIENTED_EDGE('',*,*,#2625,.F.);
#3611=ORIENTED_EDGE('',*,*,#2668,.T.);
#3612=ORIENTED_EDGE('',*,*,#2669,.T.);
#3613=ORIENTED_EDGE('',*,*,#2670,.T.);
#3614=ORIENTED_EDGE('',*,*,#2671,.T.);
#3615=ORIENTED_EDGE('',*,*,#2672,.T.);
#3616=ORIENTED_EDGE('',*,*,#2673,.T.);
#3617=ORIENTED_EDGE('',*,*,#2674,.T.);
#3618=ORIENTED_EDGE('',*,*,#2675,.T.);
#3619=ORIENTED_EDGE('',*,*,#2589,.T.);
#3620=ORIENTED_EDGE('',*,*,#2676,.F.);
#3621=ORIENTED_EDGE('',*,*,#2677,.F.);
#3622=ORIENTED_EDGE('',*,*,#2678,.F.);
#3623=ORIENTED_EDGE('',*,*,#2679,.F.);
#3624=ORIENTED_EDGE('',*,*,#2680,.F.);
#3625=ORIENTED_EDGE('',*,*,#2681,.F.);
#3626=ORIENTED_EDGE('',*,*,#2663,.F.);
#3627=ORIENTED_EDGE('',*,*,#2667,.F.);
#3628=ORIENTED_EDGE('',*,*,#2682,.F.);
#3629=ORIENTED_EDGE('',*,*,#2683,.F.);
#3630=ORIENTED_EDGE('',*,*,#2527,.F.);
#3631=ORIENTED_EDGE('',*,*,#2319,.T.);
#3632=ORIENTED_EDGE('',*,*,#2334,.T.);
#3633=ORIENTED_EDGE('',*,*,#2316,.T.);
#3634=ORIENTED_EDGE('',*,*,#2684,.F.);
#3635=ORIENTED_EDGE('',*,*,#2301,.F.);
#3636=ORIENTED_EDGE('',*,*,#2685,.F.);
#3637=ORIENTED_EDGE('',*,*,#2325,.F.);
#3638=ORIENTED_EDGE('',*,*,#2284,.F.);
#3639=ORIENTED_EDGE('',*,*,#2686,.F.);
#3640=ORIENTED_EDGE('',*,*,#2320,.T.);
#3641=ORIENTED_EDGE('',*,*,#2686,.T.);
#3642=ORIENTED_EDGE('',*,*,#2283,.F.);
#3643=ORIENTED_EDGE('',*,*,#2649,.F.);
#3644=ORIENTED_EDGE('',*,*,#2684,.T.);
#3645=ORIENTED_EDGE('',*,*,#2318,.T.);
#3646=ORIENTED_EDGE('',*,*,#2315,.T.);
#3647=ORIENTED_EDGE('',*,*,#2685,.T.);
#3648=ORIENTED_EDGE('',*,*,#2300,.T.);
#3649=ORIENTED_EDGE('',*,*,#2687,.F.);
#3650=ORIENTED_EDGE('',*,*,#2326,.T.);
#3651=ORIENTED_EDGE('',*,*,#2444,.T.);
#3652=ORIENTED_EDGE('',*,*,#2330,.T.);
#3653=ORIENTED_EDGE('',*,*,#2688,.T.);
#3654=ORIENTED_EDGE('',*,*,#2310,.T.);
#3655=ORIENTED_EDGE('',*,*,#2329,.T.);
#3656=ORIENTED_EDGE('',*,*,#2689,.T.);
#3657=ORIENTED_EDGE('',*,*,#2311,.T.);
#3658=ORIENTED_EDGE('',*,*,#2688,.F.);
#3659=ORIENTED_EDGE('',*,*,#2328,.T.);
#3660=ORIENTED_EDGE('',*,*,#2690,.T.);
#3661=ORIENTED_EDGE('',*,*,#2298,.T.);
#3662=ORIENTED_EDGE('',*,*,#2689,.F.);
#3663=ORIENTED_EDGE('',*,*,#2327,.T.);
#3664=ORIENTED_EDGE('',*,*,#2687,.T.);
#3665=ORIENTED_EDGE('',*,*,#2299,.T.);
#3666=ORIENTED_EDGE('',*,*,#2690,.F.);
#3667=ORIENTED_EDGE('',*,*,#2276,.T.);
#3668=ORIENTED_EDGE('',*,*,#2691,.T.);
#3669=ORIENTED_EDGE('',*,*,#2239,.T.);
#3670=ORIENTED_EDGE('',*,*,#2257,.F.);
#3671=ORIENTED_EDGE('',*,*,#2275,.T.);
#3672=ORIENTED_EDGE('',*,*,#2692,.T.);
#3673=ORIENTED_EDGE('',*,*,#2240,.T.);
#3674=ORIENTED_EDGE('',*,*,#2691,.F.);
#3675=ORIENTED_EDGE('',*,*,#2274,.T.);
#3676=ORIENTED_EDGE('',*,*,#2693,.T.);
#3677=ORIENTED_EDGE('',*,*,#2241,.T.);
#3678=ORIENTED_EDGE('',*,*,#2692,.F.);
#3679=ORIENTED_EDGE('',*,*,#2273,.T.);
#3680=ORIENTED_EDGE('',*,*,#2694,.T.);
#3681=ORIENTED_EDGE('',*,*,#2242,.T.);
#3682=ORIENTED_EDGE('',*,*,#2693,.F.);
#3683=ORIENTED_EDGE('',*,*,#2272,.T.);
#3684=ORIENTED_EDGE('',*,*,#2695,.T.);
#3685=ORIENTED_EDGE('',*,*,#2243,.T.);
#3686=ORIENTED_EDGE('',*,*,#2694,.F.);
#3687=ORIENTED_EDGE('',*,*,#2271,.T.);
#3688=ORIENTED_EDGE('',*,*,#2696,.T.);
#3689=ORIENTED_EDGE('',*,*,#2244,.T.);
#3690=ORIENTED_EDGE('',*,*,#2695,.F.);
#3691=ORIENTED_EDGE('',*,*,#2270,.T.);
#3692=ORIENTED_EDGE('',*,*,#2582,.T.);
#3693=ORIENTED_EDGE('',*,*,#2245,.T.);
#3694=ORIENTED_EDGE('',*,*,#2696,.F.);
#3695=ORIENTED_EDGE('',*,*,#2588,.T.);
#3696=ORIENTED_EDGE('',*,*,#2418,.T.);
#3697=ORIENTED_EDGE('',*,*,#2697,.T.);
#3698=ORIENTED_EDGE('',*,*,#2676,.T.);
#3699=ORIENTED_EDGE('',*,*,#2417,.T.);
#3700=ORIENTED_EDGE('',*,*,#2698,.T.);
#3701=ORIENTED_EDGE('',*,*,#2677,.T.);
#3702=ORIENTED_EDGE('',*,*,#2697,.F.);
#3703=ORIENTED_EDGE('',*,*,#2416,.T.);
#3704=ORIENTED_EDGE('',*,*,#2699,.T.);
#3705=ORIENTED_EDGE('',*,*,#2678,.T.);
#3706=ORIENTED_EDGE('',*,*,#2698,.F.);
#3707=ORIENTED_EDGE('',*,*,#2415,.T.);
#3708=ORIENTED_EDGE('',*,*,#2700,.T.);
#3709=ORIENTED_EDGE('',*,*,#2679,.T.);
#3710=ORIENTED_EDGE('',*,*,#2699,.F.);
#3711=ORIENTED_EDGE('',*,*,#2414,.T.);
#3712=ORIENTED_EDGE('',*,*,#2701,.T.);
#3713=ORIENTED_EDGE('',*,*,#2680,.T.);
#3714=ORIENTED_EDGE('',*,*,#2700,.F.);
#3715=ORIENTED_EDGE('',*,*,#2664,.T.);
#3716=ORIENTED_EDGE('',*,*,#2681,.T.);
#3717=ORIENTED_EDGE('',*,*,#2701,.F.);
#3718=ORIENTED_EDGE('',*,*,#2411,.T.);
#3719=ORIENTED_EDGE('',*,*,#2413,.F.);
#3720=ORIENTED_EDGE('',*,*,#2405,.F.);
#3721=ORIENTED_EDGE('',*,*,#2449,.T.);
#3722=ORIENTED_EDGE('',*,*,#2451,.T.);
#3723=ORIENTED_EDGE('',*,*,#2665,.F.);
#3724=ORIENTED_EDGE('',*,*,#2407,.T.);
#3725=ORIENTED_EDGE('',*,*,#2412,.F.);
#3726=ORIENTED_EDGE('',*,*,#2409,.F.);
#3727=ORIENTED_EDGE('',*,*,#2289,.F.);
#3728=ORIENTED_EDGE('',*,*,#2702,.T.);
#3729=ORIENTED_EDGE('',*,*,#2658,.F.);
#3730=ORIENTED_EDGE('',*,*,#2702,.F.);
#3731=ORIENTED_EDGE('',*,*,#2294,.F.);
#3732=ORIENTED_EDGE('',*,*,#2703,.T.);
#3733=ORIENTED_EDGE('',*,*,#2654,.F.);
#3734=ORIENTED_EDGE('',*,*,#2704,.F.);
#3735=ORIENTED_EDGE('',*,*,#2295,.F.);
#3736=ORIENTED_EDGE('',*,*,#2704,.T.);
#3737=ORIENTED_EDGE('',*,*,#2653,.F.);
#3738=ORIENTED_EDGE('',*,*,#2705,.F.);
#3739=ORIENTED_EDGE('',*,*,#2296,.F.);
#3740=ORIENTED_EDGE('',*,*,#2705,.T.);
#3741=ORIENTED_EDGE('',*,*,#2652,.F.);
#3742=ORIENTED_EDGE('',*,*,#2706,.F.);
#3743=ORIENTED_EDGE('',*,*,#2297,.F.);
#3744=ORIENTED_EDGE('',*,*,#2706,.T.);
#3745=ORIENTED_EDGE('',*,*,#2651,.F.);
#3746=ORIENTED_EDGE('',*,*,#2707,.F.);
#3747=ORIENTED_EDGE('',*,*,#2290,.F.);
#3748=ORIENTED_EDGE('',*,*,#2707,.T.);
#3749=ORIENTED_EDGE('',*,*,#2650,.F.);
#3750=ORIENTED_EDGE('',*,*,#2708,.T.);
#3751=ORIENTED_EDGE('',*,*,#2293,.F.);
#3752=ORIENTED_EDGE('',*,*,#2709,.T.);
#3753=ORIENTED_EDGE('',*,*,#2655,.F.);
#3754=ORIENTED_EDGE('',*,*,#2703,.F.);
#3755=ORIENTED_EDGE('',*,*,#2292,.F.);
#3756=ORIENTED_EDGE('',*,*,#2710,.T.);
#3757=ORIENTED_EDGE('',*,*,#2656,.F.);
#3758=ORIENTED_EDGE('',*,*,#2709,.F.);
#3759=ORIENTED_EDGE('',*,*,#2291,.F.);
#3760=ORIENTED_EDGE('',*,*,#2708,.F.);
#3761=ORIENTED_EDGE('',*,*,#2657,.F.);
#3762=ORIENTED_EDGE('',*,*,#2710,.F.);
#3763=ORIENTED_EDGE('',*,*,#2711,.F.);
#3764=ORIENTED_EDGE('',*,*,#2712,.T.);
#3765=ORIENTED_EDGE('',*,*,#2713,.T.);
#3766=ORIENTED_EDGE('',*,*,#2714,.T.);
#3767=ORIENTED_EDGE('',*,*,#2715,.T.);
#3768=ORIENTED_EDGE('',*,*,#2716,.T.);
#3769=ORIENTED_EDGE('',*,*,#2717,.F.);
#3770=ORIENTED_EDGE('',*,*,#2718,.T.);
#3771=ORIENTED_EDGE('',*,*,#2719,.T.);
#3772=ORIENTED_EDGE('',*,*,#2592,.T.);
#3773=ORIENTED_EDGE('',*,*,#2720,.T.);
#3774=ORIENTED_EDGE('',*,*,#2721,.T.);
#3775=ORIENTED_EDGE('',*,*,#2722,.T.);
#3776=ORIENTED_EDGE('',*,*,#2723,.T.);
#3777=ORIENTED_EDGE('',*,*,#2724,.T.);
#3778=ORIENTED_EDGE('',*,*,#2725,.T.);
#3779=ORIENTED_EDGE('',*,*,#2726,.T.);
#3780=ORIENTED_EDGE('',*,*,#2287,.T.);
#3781=ORIENTED_EDGE('',*,*,#2727,.T.);
#3782=ORIENTED_EDGE('',*,*,#2728,.T.);
#3783=ORIENTED_EDGE('',*,*,#2729,.T.);
#3784=ORIENTED_EDGE('',*,*,#2730,.T.);
#3785=ORIENTED_EDGE('',*,*,#2731,.T.);
#3786=ORIENTED_EDGE('',*,*,#2716,.F.);
#3787=ORIENTED_EDGE('',*,*,#2732,.T.);
#3788=ORIENTED_EDGE('',*,*,#2733,.T.);
#3789=ORIENTED_EDGE('',*,*,#2734,.T.);
#3790=ORIENTED_EDGE('',*,*,#2735,.T.);
#3791=ORIENTED_EDGE('',*,*,#2736,.T.);
#3792=ORIENTED_EDGE('',*,*,#2712,.F.);
#3793=ORIENTED_EDGE('',*,*,#2737,.T.);
#3794=ORIENTED_EDGE('',*,*,#2738,.T.);
#3795=ORIENTED_EDGE('',*,*,#2739,.T.);
#3796=ORIENTED_EDGE('',*,*,#2740,.T.);
#3797=ORIENTED_EDGE('',*,*,#2741,.T.);
#3798=ORIENTED_EDGE('',*,*,#2742,.T.);
#3799=ORIENTED_EDGE('',*,*,#2743,.T.);
#3800=ORIENTED_EDGE('',*,*,#2744,.T.);
#3801=ORIENTED_EDGE('',*,*,#2745,.T.);
#3802=ORIENTED_EDGE('',*,*,#2746,.T.);
#3803=ORIENTED_EDGE('',*,*,#2747,.T.);
#3804=ORIENTED_EDGE('',*,*,#2748,.T.);
#3805=ORIENTED_EDGE('',*,*,#2749,.T.);
#3806=ORIENTED_EDGE('',*,*,#2750,.T.);
#3807=ORIENTED_EDGE('',*,*,#2751,.T.);
#3808=ORIENTED_EDGE('',*,*,#2752,.F.);
#3809=ORIENTED_EDGE('',*,*,#2753,.T.);
#3810=ORIENTED_EDGE('',*,*,#2754,.T.);
#3811=ORIENTED_EDGE('',*,*,#2755,.T.);
#3812=ORIENTED_EDGE('',*,*,#2756,.T.);
#3813=ORIENTED_EDGE('',*,*,#2757,.T.);
#3814=ORIENTED_EDGE('',*,*,#2758,.T.);
#3815=ORIENTED_EDGE('',*,*,#2759,.T.);
#3816=ORIENTED_EDGE('',*,*,#2760,.F.);
#3817=ORIENTED_EDGE('',*,*,#2761,.T.);
#3818=ORIENTED_EDGE('',*,*,#2762,.T.);
#3819=ORIENTED_EDGE('',*,*,#2763,.T.);
#3820=ORIENTED_EDGE('',*,*,#2764,.T.);
#3821=ORIENTED_EDGE('',*,*,#2765,.F.);
#3822=ORIENTED_EDGE('',*,*,#2714,.F.);
#3823=ORIENTED_EDGE('',*,*,#2766,.F.);
#3824=ORIENTED_EDGE('',*,*,#2767,.T.);
#3825=ORIENTED_EDGE('',*,*,#2768,.T.);
#3826=ORIENTED_EDGE('',*,*,#2769,.T.);
#3827=ORIENTED_EDGE('',*,*,#2770,.T.);
#3828=ORIENTED_EDGE('',*,*,#2771,.T.);
#3829=ORIENTED_EDGE('',*,*,#2765,.T.);
#3830=ORIENTED_EDGE('',*,*,#2770,.F.);
#3831=ORIENTED_EDGE('',*,*,#2772,.F.);
#3832=ORIENTED_EDGE('',*,*,#2773,.T.);
#3833=ORIENTED_EDGE('',*,*,#2774,.T.);
#3834=ORIENTED_EDGE('',*,*,#2775,.T.);
#3835=ORIENTED_EDGE('',*,*,#2776,.T.);
#3836=ORIENTED_EDGE('',*,*,#2777,.T.);
#3837=ORIENTED_EDGE('',*,*,#2760,.T.);
#3838=ORIENTED_EDGE('',*,*,#2776,.F.);
#3839=ORIENTED_EDGE('',*,*,#2778,.F.);
#3840=ORIENTED_EDGE('',*,*,#2779,.T.);
#3841=ORIENTED_EDGE('',*,*,#2780,.T.);
#3842=ORIENTED_EDGE('',*,*,#2781,.T.);
#3843=ORIENTED_EDGE('',*,*,#2782,.T.);
#3844=ORIENTED_EDGE('',*,*,#2783,.T.);
#3845=ORIENTED_EDGE('',*,*,#2752,.T.);
#3846=ORIENTED_EDGE('',*,*,#2782,.F.);
#3847=ORIENTED_EDGE('',*,*,#2784,.F.);
#3848=ORIENTED_EDGE('',*,*,#2785,.T.);
#3849=ORIENTED_EDGE('',*,*,#2786,.T.);
#3850=ORIENTED_EDGE('',*,*,#2570,.T.);
#3851=ORIENTED_EDGE('',*,*,#2787,.F.);
#3852=ORIENTED_EDGE('',*,*,#2596,.F.);
#3853=ORIENTED_EDGE('',*,*,#2788,.T.);
#3854=ORIENTED_EDGE('',*,*,#2569,.T.);
#3855=ORIENTED_EDGE('',*,*,#2575,.F.);
#3856=ORIENTED_EDGE('',*,*,#2597,.F.);
#3857=ORIENTED_EDGE('',*,*,#2787,.T.);
#3858=ORIENTED_EDGE('',*,*,#2571,.T.);
#3859=ORIENTED_EDGE('',*,*,#2788,.F.);
#3860=ORIENTED_EDGE('',*,*,#2595,.F.);
#3861=ORIENTED_EDGE('',*,*,#2789,.T.);
#3862=ORIENTED_EDGE('',*,*,#2572,.T.);
#3863=ORIENTED_EDGE('',*,*,#2789,.F.);
#3864=ORIENTED_EDGE('',*,*,#2594,.F.);
#3865=ORIENTED_EDGE('',*,*,#2580,.T.);
#3866=ORIENTED_EDGE('',*,*,#2735,.F.);
#3867=ORIENTED_EDGE('',*,*,#2790,.F.);
#3868=ORIENTED_EDGE('',*,*,#2791,.T.);
#3869=ORIENTED_EDGE('',*,*,#2792,.T.);
#3870=ORIENTED_EDGE('',*,*,#2734,.F.);
#3871=ORIENTED_EDGE('',*,*,#2793,.F.);
#3872=ORIENTED_EDGE('',*,*,#2794,.T.);
#3873=ORIENTED_EDGE('',*,*,#2790,.T.);
#3874=ORIENTED_EDGE('',*,*,#2733,.F.);
#3875=ORIENTED_EDGE('',*,*,#2795,.F.);
#3876=ORIENTED_EDGE('',*,*,#2796,.F.);
#3877=ORIENTED_EDGE('',*,*,#2793,.T.);
#3878=ORIENTED_EDGE('',*,*,#2797,.F.);
#3879=ORIENTED_EDGE('',*,*,#2798,.F.);
#3880=ORIENTED_EDGE('',*,*,#2799,.F.);
#3881=ORIENTED_EDGE('',*,*,#2800,.F.);
#3882=ORIENTED_EDGE('',*,*,#2801,.F.);
#3883=ORIENTED_EDGE('',*,*,#2802,.T.);
#3884=ORIENTED_EDGE('',*,*,#2533,.T.);
#3885=ORIENTED_EDGE('',*,*,#2802,.F.);
#3886=ORIENTED_EDGE('',*,*,#2732,.F.);
#3887=ORIENTED_EDGE('',*,*,#2715,.F.);
#3888=ORIENTED_EDGE('',*,*,#2768,.F.);
#3889=ORIENTED_EDGE('',*,*,#2803,.F.);
#3890=ORIENTED_EDGE('',*,*,#2795,.T.);
#3891=ORIENTED_EDGE('',*,*,#2736,.F.);
#3892=ORIENTED_EDGE('',*,*,#2792,.F.);
#3893=ORIENTED_EDGE('',*,*,#2804,.F.);
#3894=ORIENTED_EDGE('',*,*,#2766,.T.);
#3895=ORIENTED_EDGE('',*,*,#2713,.F.);
#3896=ORIENTED_EDGE('',*,*,#2805,.F.);
#3897=ORIENTED_EDGE('',*,*,#2800,.T.);
#3898=ORIENTED_EDGE('',*,*,#2794,.F.);
#3899=ORIENTED_EDGE('',*,*,#2796,.T.);
#3900=ORIENTED_EDGE('',*,*,#2803,.T.);
#3901=ORIENTED_EDGE('',*,*,#2767,.F.);
#3902=ORIENTED_EDGE('',*,*,#2804,.T.);
#3903=ORIENTED_EDGE('',*,*,#2791,.F.);
#3904=ORIENTED_EDGE('',*,*,#2396,.T.);
#3905=ORIENTED_EDGE('',*,*,#2797,.T.);
#3906=ORIENTED_EDGE('',*,*,#2805,.T.);
#3907=ORIENTED_EDGE('',*,*,#2799,.T.);
#3908=ORIENTED_EDGE('',*,*,#2806,.T.);
#3909=ORIENTED_EDGE('',*,*,#2807,.F.);
#3910=ORIENTED_EDGE('',*,*,#2674,.F.);
#3911=ORIENTED_EDGE('',*,*,#2808,.T.);
#3912=ORIENTED_EDGE('',*,*,#2809,.T.);
#3913=ORIENTED_EDGE('',*,*,#2745,.F.);
#3914=ORIENTED_EDGE('',*,*,#2783,.F.);
#3915=ORIENTED_EDGE('',*,*,#2786,.F.);
#3916=ORIENTED_EDGE('',*,*,#2810,.F.);
#3917=ORIENTED_EDGE('',*,*,#2811,.T.);
#3918=ORIENTED_EDGE('',*,*,#2751,.F.);
#3919=ORIENTED_EDGE('',*,*,#2812,.F.);
#3920=ORIENTED_EDGE('',*,*,#2813,.F.);
#3921=ORIENTED_EDGE('',*,*,#2784,.T.);
#3922=ORIENTED_EDGE('',*,*,#2781,.F.);
#3923=ORIENTED_EDGE('',*,*,#2750,.F.);
#3924=ORIENTED_EDGE('',*,*,#2814,.F.);
#3925=ORIENTED_EDGE('',*,*,#2815,.F.);
#3926=ORIENTED_EDGE('',*,*,#2812,.T.);
#3927=ORIENTED_EDGE('',*,*,#2816,.F.);
#3928=ORIENTED_EDGE('',*,*,#2817,.T.);
#3929=ORIENTED_EDGE('',*,*,#2536,.T.);
#3930=ORIENTED_EDGE('',*,*,#2817,.F.);
#3931=ORIENTED_EDGE('',*,*,#2749,.F.);
#3932=ORIENTED_EDGE('',*,*,#2818,.F.);
#3933=ORIENTED_EDGE('',*,*,#2819,.T.);
#3934=ORIENTED_EDGE('',*,*,#2814,.T.);
#3935=ORIENTED_EDGE('',*,*,#2748,.F.);
#3936=ORIENTED_EDGE('',*,*,#2820,.F.);
#3937=ORIENTED_EDGE('',*,*,#2821,.T.);
#3938=ORIENTED_EDGE('',*,*,#2818,.T.);
#3939=ORIENTED_EDGE('',*,*,#2747,.F.);
#3940=ORIENTED_EDGE('',*,*,#2822,.F.);
#3941=ORIENTED_EDGE('',*,*,#2823,.T.);
#3942=ORIENTED_EDGE('',*,*,#2820,.T.);
#3943=ORIENTED_EDGE('',*,*,#2746,.F.);
#3944=ORIENTED_EDGE('',*,*,#2811,.F.);
#3945=ORIENTED_EDGE('',*,*,#2824,.F.);
#3946=ORIENTED_EDGE('',*,*,#2822,.T.);
#3947=ORIENTED_EDGE('',*,*,#2813,.T.);
#3948=ORIENTED_EDGE('',*,*,#2815,.T.);
#3949=ORIENTED_EDGE('',*,*,#2819,.F.);
#3950=ORIENTED_EDGE('',*,*,#2821,.F.);
#3951=ORIENTED_EDGE('',*,*,#2823,.F.);
#3952=ORIENTED_EDGE('',*,*,#2824,.T.);
#3953=ORIENTED_EDGE('',*,*,#2810,.T.);
#3954=ORIENTED_EDGE('',*,*,#2785,.F.);
#3955=ORIENTED_EDGE('',*,*,#2400,.T.);
#3956=ORIENTED_EDGE('',*,*,#2801,.T.);
#3957=ORIENTED_EDGE('',*,*,#2761,.F.);
#3958=ORIENTED_EDGE('',*,*,#2771,.F.);
#3959=ORIENTED_EDGE('',*,*,#2774,.F.);
#3960=ORIENTED_EDGE('',*,*,#2825,.F.);
#3961=ORIENTED_EDGE('',*,*,#2826,.T.);
#3962=ORIENTED_EDGE('',*,*,#2764,.F.);
#3963=ORIENTED_EDGE('',*,*,#2827,.F.);
#3964=ORIENTED_EDGE('',*,*,#2828,.F.);
#3965=ORIENTED_EDGE('',*,*,#2772,.T.);
#3966=ORIENTED_EDGE('',*,*,#2769,.F.);
#3967=ORIENTED_EDGE('',*,*,#2829,.F.);
#3968=ORIENTED_EDGE('',*,*,#2830,.T.);
#3969=ORIENTED_EDGE('',*,*,#2539,.T.);
#3970=ORIENTED_EDGE('',*,*,#2830,.F.);
#3971=ORIENTED_EDGE('',*,*,#2763,.F.);
#3972=ORIENTED_EDGE('',*,*,#2831,.F.);
#3973=ORIENTED_EDGE('',*,*,#2832,.T.);
#3974=ORIENTED_EDGE('',*,*,#2827,.T.);
#3975=ORIENTED_EDGE('',*,*,#2762,.F.);
#3976=ORIENTED_EDGE('',*,*,#2826,.F.);
#3977=ORIENTED_EDGE('',*,*,#2833,.F.);
#3978=ORIENTED_EDGE('',*,*,#2831,.T.);
#3979=ORIENTED_EDGE('',*,*,#2773,.F.);
#3980=ORIENTED_EDGE('',*,*,#2828,.T.);
#3981=ORIENTED_EDGE('',*,*,#2832,.F.);
#3982=ORIENTED_EDGE('',*,*,#2833,.T.);
#3983=ORIENTED_EDGE('',*,*,#2825,.T.);
#3984=ORIENTED_EDGE('',*,*,#2398,.T.);
#3985=ORIENTED_EDGE('',*,*,#2816,.T.);
#3986=ORIENTED_EDGE('',*,*,#2753,.F.);
#3987=ORIENTED_EDGE('',*,*,#2777,.F.);
#3988=ORIENTED_EDGE('',*,*,#2780,.F.);
#3989=ORIENTED_EDGE('',*,*,#2834,.F.);
#3990=ORIENTED_EDGE('',*,*,#2835,.T.);
#3991=ORIENTED_EDGE('',*,*,#2759,.F.);
#3992=ORIENTED_EDGE('',*,*,#2836,.F.);
#3993=ORIENTED_EDGE('',*,*,#2837,.F.);
#3994=ORIENTED_EDGE('',*,*,#2778,.T.);
#3995=ORIENTED_EDGE('',*,*,#2775,.F.);
#3996=ORIENTED_EDGE('',*,*,#2758,.F.);
#3997=ORIENTED_EDGE('',*,*,#2838,.F.);
#3998=ORIENTED_EDGE('',*,*,#2839,.F.);
#3999=ORIENTED_EDGE('',*,*,#2836,.T.);
#4000=ORIENTED_EDGE('',*,*,#2840,.F.);
#4001=ORIENTED_EDGE('',*,*,#2841,.T.);
#4002=ORIENTED_EDGE('',*,*,#2542,.T.);
#4003=ORIENTED_EDGE('',*,*,#2841,.F.);
#4004=ORIENTED_EDGE('',*,*,#2757,.F.);
#4005=ORIENTED_EDGE('',*,*,#2842,.F.);
#4006=ORIENTED_EDGE('',*,*,#2843,.T.);
#4007=ORIENTED_EDGE('',*,*,#2838,.T.);
#4008=ORIENTED_EDGE('',*,*,#2756,.F.);
#4009=ORIENTED_EDGE('',*,*,#2844,.F.);
#4010=ORIENTED_EDGE('',*,*,#2845,.T.);
#4011=ORIENTED_EDGE('',*,*,#2842,.T.);
#4012=ORIENTED_EDGE('',*,*,#2755,.F.);
#4013=ORIENTED_EDGE('',*,*,#2846,.F.);
#4014=ORIENTED_EDGE('',*,*,#2847,.T.);
#4015=ORIENTED_EDGE('',*,*,#2844,.T.);
#4016=ORIENTED_EDGE('',*,*,#2754,.F.);
#4017=ORIENTED_EDGE('',*,*,#2835,.F.);
#4018=ORIENTED_EDGE('',*,*,#2848,.F.);
#4019=ORIENTED_EDGE('',*,*,#2846,.T.);
#4020=ORIENTED_EDGE('',*,*,#2837,.T.);
#4021=ORIENTED_EDGE('',*,*,#2839,.T.);
#4022=ORIENTED_EDGE('',*,*,#2843,.F.);
#4023=ORIENTED_EDGE('',*,*,#2845,.F.);
#4024=ORIENTED_EDGE('',*,*,#2847,.F.);
#4025=ORIENTED_EDGE('',*,*,#2848,.T.);
#4026=ORIENTED_EDGE('',*,*,#2834,.T.);
#4027=ORIENTED_EDGE('',*,*,#2779,.F.);
#4028=ORIENTED_EDGE('',*,*,#2402,.T.);
#4029=ORIENTED_EDGE('',*,*,#2829,.T.);
#4030=ORIENTED_EDGE('',*,*,#2849,.F.);
#4031=ORIENTED_EDGE('',*,*,#2850,.T.);
#4032=ORIENTED_EDGE('',*,*,#2739,.F.);
#4033=ORIENTED_EDGE('',*,*,#2851,.F.);
#4034=ORIENTED_EDGE('',*,*,#2852,.F.);
#4035=ORIENTED_EDGE('',*,*,#2851,.T.);
#4036=ORIENTED_EDGE('',*,*,#2738,.F.);
#4037=ORIENTED_EDGE('',*,*,#2853,.F.);
#4038=ORIENTED_EDGE('',*,*,#2854,.F.);
#4039=ORIENTED_EDGE('',*,*,#2853,.T.);
#4040=ORIENTED_EDGE('',*,*,#2737,.F.);
#4041=ORIENTED_EDGE('',*,*,#2711,.T.);
#4042=ORIENTED_EDGE('',*,*,#2855,.F.);
#4043=ORIENTED_EDGE('',*,*,#2856,.F.);
#4044=ORIENTED_EDGE('',*,*,#2855,.T.);
#4045=ORIENTED_EDGE('',*,*,#2717,.T.);
#4046=ORIENTED_EDGE('',*,*,#2744,.F.);
#4047=ORIENTED_EDGE('',*,*,#2857,.F.);
#4048=ORIENTED_EDGE('',*,*,#2858,.F.);
#4049=ORIENTED_EDGE('',*,*,#2857,.T.);
#4050=ORIENTED_EDGE('',*,*,#2743,.F.);
#4051=ORIENTED_EDGE('',*,*,#2859,.F.);
#4052=ORIENTED_EDGE('',*,*,#2860,.F.);
#4053=ORIENTED_EDGE('',*,*,#2859,.T.);
#4054=ORIENTED_EDGE('',*,*,#2742,.F.);
#4055=ORIENTED_EDGE('',*,*,#2861,.F.);
#4056=ORIENTED_EDGE('',*,*,#2862,.F.);
#4057=ORIENTED_EDGE('',*,*,#2861,.T.);
#4058=ORIENTED_EDGE('',*,*,#2741,.F.);
#4059=ORIENTED_EDGE('',*,*,#2863,.F.);
#4060=ORIENTED_EDGE('',*,*,#2864,.F.);
#4061=ORIENTED_EDGE('',*,*,#2863,.T.);
#4062=ORIENTED_EDGE('',*,*,#2740,.F.);
#4063=ORIENTED_EDGE('',*,*,#2850,.F.);
#4064=ORIENTED_EDGE('',*,*,#2798,.T.);
#4065=ORIENTED_EDGE('',*,*,#2809,.F.);
#4066=ORIENTED_EDGE('',*,*,#2865,.F.);
#4067=ORIENTED_EDGE('',*,*,#2866,.F.);
#4068=ORIENTED_EDGE('',*,*,#2867,.F.);
#4069=ORIENTED_EDGE('',*,*,#2868,.F.);
#4070=ORIENTED_EDGE('',*,*,#2869,.F.);
#4071=ORIENTED_EDGE('',*,*,#2870,.F.);
#4072=ORIENTED_EDGE('',*,*,#2871,.F.);
#4073=ORIENTED_EDGE('',*,*,#2806,.F.);
#4074=ORIENTED_EDGE('',*,*,#2864,.T.);
#4075=ORIENTED_EDGE('',*,*,#2849,.T.);
#4076=ORIENTED_EDGE('',*,*,#2852,.T.);
#4077=ORIENTED_EDGE('',*,*,#2854,.T.);
#4078=ORIENTED_EDGE('',*,*,#2856,.T.);
#4079=ORIENTED_EDGE('',*,*,#2858,.T.);
#4080=ORIENTED_EDGE('',*,*,#2860,.T.);
#4081=ORIENTED_EDGE('',*,*,#2862,.T.);
#4082=ORIENTED_EDGE('',*,*,#2871,.T.);
#4083=ORIENTED_EDGE('',*,*,#2872,.F.);
#4084=ORIENTED_EDGE('',*,*,#2675,.F.);
#4085=ORIENTED_EDGE('',*,*,#2807,.T.);
#4086=ORIENTED_EDGE('',*,*,#2870,.T.);
#4087=ORIENTED_EDGE('',*,*,#2873,.F.);
#4088=ORIENTED_EDGE('',*,*,#2668,.F.);
#4089=ORIENTED_EDGE('',*,*,#2872,.T.);
#4090=ORIENTED_EDGE('',*,*,#2869,.T.);
#4091=ORIENTED_EDGE('',*,*,#2874,.F.);
#4092=ORIENTED_EDGE('',*,*,#2669,.F.);
#4093=ORIENTED_EDGE('',*,*,#2873,.T.);
#4094=ORIENTED_EDGE('',*,*,#2866,.T.);
#4095=ORIENTED_EDGE('',*,*,#2875,.F.);
#4096=ORIENTED_EDGE('',*,*,#2672,.F.);
#4097=ORIENTED_EDGE('',*,*,#2876,.T.);
#4098=ORIENTED_EDGE('',*,*,#2867,.T.);
#4099=ORIENTED_EDGE('',*,*,#2876,.F.);
#4100=ORIENTED_EDGE('',*,*,#2671,.F.);
#4101=ORIENTED_EDGE('',*,*,#2877,.T.);
#4102=ORIENTED_EDGE('',*,*,#2868,.T.);
#4103=ORIENTED_EDGE('',*,*,#2877,.F.);
#4104=ORIENTED_EDGE('',*,*,#2670,.F.);
#4105=ORIENTED_EDGE('',*,*,#2874,.T.);
#4106=ORIENTED_EDGE('',*,*,#2865,.T.);
#4107=ORIENTED_EDGE('',*,*,#2808,.F.);
#4108=ORIENTED_EDGE('',*,*,#2673,.F.);
#4109=ORIENTED_EDGE('',*,*,#2875,.T.);
#4110=ORIENTED_EDGE('',*,*,#2840,.T.);
#4111=ORIENTED_EDGE('',*,*,#2422,.T.);
#4112=ORIENTED_EDGE('',*,*,#2878,.T.);
#4113=ORIENTED_EDGE('',*,*,#2718,.F.);
#4114=ORIENTED_EDGE('',*,*,#2879,.F.);
#4115=ORIENTED_EDGE('',*,*,#2423,.T.);
#4116=ORIENTED_EDGE('',*,*,#2879,.T.);
#4117=ORIENTED_EDGE('',*,*,#2731,.F.);
#4118=ORIENTED_EDGE('',*,*,#2880,.F.);
#4119=ORIENTED_EDGE('',*,*,#2447,.T.);
#4120=ORIENTED_EDGE('',*,*,#2457,.T.);
#4121=ORIENTED_EDGE('',*,*,#2561,.T.);
#4122=ORIENTED_EDGE('',*,*,#2543,.T.);
#4123=ORIENTED_EDGE('',*,*,#2547,.T.);
#4124=ORIENTED_EDGE('',*,*,#2550,.T.);
#4125=ORIENTED_EDGE('',*,*,#2553,.T.);
#4126=ORIENTED_EDGE('',*,*,#2556,.T.);
#4127=ORIENTED_EDGE('',*,*,#2559,.T.);
#4128=ORIENTED_EDGE('',*,*,#2452,.T.);
#4129=ORIENTED_EDGE('',*,*,#2440,.T.);
#4130=ORIENTED_EDGE('',*,*,#2424,.T.);
#4131=ORIENTED_EDGE('',*,*,#2880,.T.);
#4132=ORIENTED_EDGE('',*,*,#2730,.F.);
#4133=ORIENTED_EDGE('',*,*,#2881,.F.);
#4134=ORIENTED_EDGE('',*,*,#2332,.T.);
#4135=ORIENTED_EDGE('',*,*,#2333,.T.);
#4136=ORIENTED_EDGE('',*,*,#2881,.T.);
#4137=ORIENTED_EDGE('',*,*,#2729,.F.);
#4138=ORIENTED_EDGE('',*,*,#2882,.F.);
#4139=ORIENTED_EDGE('',*,*,#2323,.T.);
#4140=ORIENTED_EDGE('',*,*,#2882,.T.);
#4141=ORIENTED_EDGE('',*,*,#2728,.F.);
#4142=ORIENTED_EDGE('',*,*,#2883,.F.);
#4143=ORIENTED_EDGE('',*,*,#2286,.F.);
#4144=ORIENTED_EDGE('',*,*,#2324,.T.);
#4145=ORIENTED_EDGE('',*,*,#2883,.T.);
#4146=ORIENTED_EDGE('',*,*,#2727,.F.);
#4147=ORIENTED_EDGE('',*,*,#2884,.F.);
#4148=ORIENTED_EDGE('',*,*,#2260,.T.);
#4149=ORIENTED_EDGE('',*,*,#2288,.T.);
#4150=ORIENTED_EDGE('',*,*,#2726,.F.);
#4151=ORIENTED_EDGE('',*,*,#2261,.T.);
#4152=ORIENTED_EDGE('',*,*,#2884,.T.);
#4153=ORIENTED_EDGE('',*,*,#2725,.F.);
#4154=ORIENTED_EDGE('',*,*,#2885,.F.);
#4155=ORIENTED_EDGE('',*,*,#2262,.T.);
#4156=ORIENTED_EDGE('',*,*,#2885,.T.);
#4157=ORIENTED_EDGE('',*,*,#2724,.F.);
#4158=ORIENTED_EDGE('',*,*,#2886,.F.);
#4159=ORIENTED_EDGE('',*,*,#2263,.T.);
#4160=ORIENTED_EDGE('',*,*,#2886,.T.);
#4161=ORIENTED_EDGE('',*,*,#2723,.F.);
#4162=ORIENTED_EDGE('',*,*,#2887,.F.);
#4163=ORIENTED_EDGE('',*,*,#2264,.T.);
#4164=ORIENTED_EDGE('',*,*,#2887,.T.);
#4165=ORIENTED_EDGE('',*,*,#2722,.F.);
#4166=ORIENTED_EDGE('',*,*,#2888,.F.);
#4167=ORIENTED_EDGE('',*,*,#2265,.T.);
#4168=ORIENTED_EDGE('',*,*,#2888,.T.);
#4169=ORIENTED_EDGE('',*,*,#2721,.F.);
#4170=ORIENTED_EDGE('',*,*,#2889,.F.);
#4171=ORIENTED_EDGE('',*,*,#2266,.T.);
#4172=ORIENTED_EDGE('',*,*,#2889,.T.);
#4173=ORIENTED_EDGE('',*,*,#2720,.F.);
#4174=ORIENTED_EDGE('',*,*,#2591,.F.);
#4175=ORIENTED_EDGE('',*,*,#2421,.T.);
#4176=ORIENTED_EDGE('',*,*,#2593,.T.);
#4177=ORIENTED_EDGE('',*,*,#2719,.F.);
#4178=ORIENTED_EDGE('',*,*,#2878,.F.);
#4179=ORIENTED_EDGE('',*,*,#2627,.F.);
#4180=ORIENTED_EDGE('',*,*,#2890,.F.);
#4181=ORIENTED_EDGE('',*,*,#2682,.T.);
#4182=ORIENTED_EDGE('',*,*,#2666,.T.);
#4183=ORIENTED_EDGE('',*,*,#2628,.F.);
#4184=ORIENTED_EDGE('',*,*,#2528,.F.);
#4185=ORIENTED_EDGE('',*,*,#2683,.T.);
#4186=ORIENTED_EDGE('',*,*,#2890,.T.);
#4187=ORIENTED_EDGE('',*,*,#2470,.T.);
#4188=ORIENTED_EDGE('',*,*,#2474,.T.);
#4189=ORIENTED_EDGE('',*,*,#2477,.T.);
#4190=ORIENTED_EDGE('',*,*,#2480,.T.);
#4191=ORIENTED_EDGE('',*,*,#2483,.T.);
#4192=ORIENTED_EDGE('',*,*,#2486,.T.);
#4193=ORIENTED_EDGE('',*,*,#2489,.T.);
#4194=ORIENTED_EDGE('',*,*,#2492,.T.);
#4195=ORIENTED_EDGE('',*,*,#2615,.F.);
#4196=ORIENTED_EDGE('',*,*,#2891,.F.);
#4197=ORIENTED_EDGE('',*,*,#2249,.T.);
#4198=ORIENTED_EDGE('',*,*,#2530,.T.);
#4199=ORIENTED_EDGE('',*,*,#2635,.F.);
#4200=ORIENTED_EDGE('',*,*,#2892,.F.);
#4201=ORIENTED_EDGE('',*,*,#2250,.T.);
#4202=ORIENTED_EDGE('',*,*,#2891,.T.);
#4203=ORIENTED_EDGE('',*,*,#2638,.F.);
#4204=ORIENTED_EDGE('',*,*,#2893,.F.);
#4205=ORIENTED_EDGE('',*,*,#2251,.T.);
#4206=ORIENTED_EDGE('',*,*,#2892,.T.);
#4207=ORIENTED_EDGE('',*,*,#2605,.F.);
#4208=ORIENTED_EDGE('',*,*,#2894,.F.);
#4209=ORIENTED_EDGE('',*,*,#2252,.T.);
#4210=ORIENTED_EDGE('',*,*,#2893,.T.);
#4211=ORIENTED_EDGE('',*,*,#2602,.F.);
#4212=ORIENTED_EDGE('',*,*,#2646,.F.);
#4213=ORIENTED_EDGE('',*,*,#2253,.T.);
#4214=ORIENTED_EDGE('',*,*,#2894,.T.);
#4215=PLANE('',#4634);
#4216=PLANE('',#4639);
#4217=PLANE('',#4640);
#4218=PLANE('',#4645);
#4219=PLANE('',#4646);
#4220=PLANE('',#4652);
#4221=PLANE('',#4657);
#4222=PLANE('',#4658);
#4223=PLANE('',#4659);
#4224=PLANE('',#4660);
#4225=PLANE('',#4663);
#4226=PLANE('',#4664);
#4227=PLANE('',#4671);
#4228=PLANE('',#4675);
#4229=PLANE('',#4679);
#4230=PLANE('',#4680);
#4231=PLANE('',#4684);
#4232=PLANE('',#4687);
#4233=PLANE('',#4690);
#4234=PLANE('',#4697);
#4235=PLANE('',#4699);
#4236=PLANE('',#4704);
#4237=PLANE('',#4706);
#4238=PLANE('',#4711);
#4239=PLANE('',#4713);
#4240=PLANE('',#4718);
#4241=PLANE('',#4720);
#4242=PLANE('',#4730);
#4243=PLANE('',#4731);
#4244=PLANE('',#4732);
#4245=PLANE('',#4733);
#4246=PLANE('',#4736);
#4247=PLANE('',#4737);
#4248=PLANE('',#4738);
#4249=PLANE('',#4739);
#4250=PLANE('',#4740);
#4251=PLANE('',#4741);
#4252=PLANE('',#4742);
#4253=PLANE('',#4743);
#4254=PLANE('',#4744);
#4255=PLANE('',#4745);
#4256=PLANE('',#4746);
#4257=PLANE('',#4747);
#4258=PLANE('',#4748);
#4259=PLANE('',#4749);
#4260=PLANE('',#4750);
#4261=PLANE('',#4751);
#4262=PLANE('',#4752);
#4263=PLANE('',#4753);
#4264=PLANE('',#4756);
#4265=PLANE('',#4760);
#4266=PLANE('',#4764);
#4267=PLANE('',#4768);
#4268=PLANE('',#4770);
#4269=PLANE('',#4774);
#4270=PLANE('',#4778);
#4271=PLANE('',#4785);
#4272=PLANE('',#4786);
#4273=PLANE('',#4791);
#4274=PLANE('',#4794);
#4275=PLANE('',#4797);
#4276=PLANE('',#4798);
#4277=PLANE('',#4799);
#4278=PLANE('',#4800);
#4279=PLANE('',#4801);
#4280=PLANE('',#4829);
#4281=PLANE('',#4830);
#4282=PLANE('',#4836);
#4283=PLANE('',#4838);
#4284=PLANE('',#4839);
#4285=PLANE('',#4840);
#4286=PLANE('',#4841);
#4287=PLANE('',#4846);
#4288=PLANE('',#4849);
#4289=PLANE('',#4850);
#4290=PLANE('',#4851);
#4291=PLANE('',#4852);
#4292=PLANE('',#4853);
#4293=PLANE('',#4854);
#4294=PLANE('',#4856);
#4295=PLANE('',#4857);
#4296=PLANE('',#4859);
#4297=PLANE('',#4860);
#4298=PLANE('',#4861);
#4299=PLANE('',#4863);
#4300=PLANE('',#4864);
#4301=PLANE('',#4865);
#4302=PLANE('',#4867);
#4303=PLANE('',#4868);
#4304=PLANE('',#4869);
#4305=PLANE('',#4870);
#4306=PLANE('',#4872);
#4307=PLANE('',#4873);
#4308=PLANE('',#4874);
#4309=PLANE('',#4875);
#4310=PLANE('',#4880);
#4311=PLANE('',#4911);
#4312=PLANE('',#4914);
#4313=PLANE('',#4919);
#4314=PLANE('',#4925);
#4315=PLANE('',#4926);
#4316=PLANE('',#4927);
#4317=PLANE('',#4928);
#4318=PLANE('',#4929);
#4319=PLANE('',#4930);
#4320=PLANE('',#4931);
#4321=PLANE('',#4932);
#4322=PLANE('',#4941);
#4323=PLANE('',#4942);
#4324=PLANE('',#4943);
#4325=PLANE('',#4944);
#4326=PLANE('',#4945);
#4327=PLANE('',#4950);
#4328=PLANE('',#4951);
#4329=PLANE('',#4952);
#4330=PLANE('',#4953);
#4331=PLANE('',#4954);
#4332=PLANE('',#4955);
#4333=PLANE('',#4964);
#4334=PLANE('',#4965);
#4335=PLANE('',#4966);
#4336=PLANE('',#4967);
#4337=PLANE('',#4968);
#4338=PLANE('',#4969);
#4339=PLANE('',#4970);
#4340=PLANE('',#4971);
#4341=PLANE('',#4972);
#4342=PLANE('',#4973);
#4343=PLANE('',#4974);
#4344=PLANE('',#4975);
#4345=PLANE('',#4981);
#4346=PLANE('',#4983);
#4347=PLANE('',#4985);
#4348=PLANE('',#4987);
#4349=PLANE('',#4989);
#4350=PLANE('',#4990);
#4351=PLANE('',#4991);
#4352=PLANE('',#4993);
#4353=PLANE('',#4994);
#4354=PLANE('',#4996);
#4355=PLANE('',#4997);
#4356=PLANE('',#4998);
#4357=PLANE('',#5000);
#4358=PLANE('',#5001);
#4359=PLANE('',#5003);
#4360=PLANE('',#5004);
#4361=PLANE('',#5005);
#4362=PLANE('',#5007);
#4363=PLANE('',#5008);
#4364=PLANE('',#5009);
#4365=ADVANCED_FACE('',(#217),#4215,.F.);
#4366=ADVANCED_FACE('',(#218),#4216,.F.);
#4367=ADVANCED_FACE('',(#219),#4217,.F.);
#4368=ADVANCED_FACE('',(#220),#4218,.F.);
#4369=ADVANCED_FACE('',(#221,#185,#186),#4219,.T.);
#4370=ADVANCED_FACE('',(#222),#4220,.F.);
#4371=ADVANCED_FACE('',(#223),#4221,.T.);
#4372=ADVANCED_FACE('',(#224),#4222,.T.);
#4373=ADVANCED_FACE('',(#225),#4223,.F.);
#4374=ADVANCED_FACE('',(#226),#4224,.F.);
#4375=ADVANCED_FACE('',(#227),#4225,.T.);
#4376=ADVANCED_FACE('',(#228),#4226,.F.);
#4377=ADVANCED_FACE('',(#229),#181,.F.);
#4378=ADVANCED_FACE('',(#230),#182,.F.);
#4379=ADVANCED_FACE('',(#231),#4227,.T.);
#4380=ADVANCED_FACE('',(#232),#183,.F.);
#4381=ADVANCED_FACE('',(#233),#4228,.T.);
#4382=ADVANCED_FACE('',(#234),#184,.F.);
#4383=ADVANCED_FACE('',(#235),#4229,.T.);
#4384=ADVANCED_FACE('',(#236),#4230,.F.);
#4385=ADVANCED_FACE('',(#237),#45,.F.);
#4386=ADVANCED_FACE('',(#238),#4231,.F.);
#4387=ADVANCED_FACE('',(#239),#46,.F.);
#4388=ADVANCED_FACE('',(#240),#4232,.F.);
#4389=ADVANCED_FACE('',(#241),#47,.F.);
#4390=ADVANCED_FACE('',(#242),#4233,.F.);
#4391=ADVANCED_FACE('',(#243),#48,.F.);
#4392=ADVANCED_FACE('',(#244),#49,.F.);
#4393=ADVANCED_FACE('',(#245,#187),#4234,.F.);
#4394=ADVANCED_FACE('',(#246,#188),#4235,.T.);
#4395=ADVANCED_FACE('',(#247),#50,.F.);
#4396=ADVANCED_FACE('',(#248,#189),#4236,.F.);
#4397=ADVANCED_FACE('',(#249,#190),#4237,.T.);
#4398=ADVANCED_FACE('',(#250),#51,.F.);
#4399=ADVANCED_FACE('',(#251,#191),#4238,.F.);
#4400=ADVANCED_FACE('',(#252,#192),#4239,.T.);
#4401=ADVANCED_FACE('',(#253),#52,.F.);
#4402=ADVANCED_FACE('',(#254,#193),#4240,.F.);
#4403=ADVANCED_FACE('',(#255,#194),#4241,.T.);
#4404=ADVANCED_FACE('',(#256),#53,.F.);
#4405=ADVANCED_FACE('',(#257),#54,.F.);
#4406=ADVANCED_FACE('',(#258),#55,.F.);
#4407=ADVANCED_FACE('',(#259),#56,.F.);
#4408=ADVANCED_FACE('',(#260),#4242,.T.);
#4409=ADVANCED_FACE('',(#261),#4243,.T.);
#4410=ADVANCED_FACE('',(#262),#4244,.T.);
#4411=ADVANCED_FACE('',(#263),#4245,.F.);
#4412=ADVANCED_FACE('',(#264),#4246,.F.);
#4413=ADVANCED_FACE('',(#265),#4247,.F.);
#4414=ADVANCED_FACE('',(#266),#4248,.F.);
#4415=ADVANCED_FACE('',(#267),#4249,.F.);
#4416=ADVANCED_FACE('',(#268),#4250,.F.);
#4417=ADVANCED_FACE('',(#269),#4251,.F.);
#4418=ADVANCED_FACE('',(#270),#4252,.F.);
#4419=ADVANCED_FACE('',(#271),#4253,.F.);
#4420=ADVANCED_FACE('',(#272),#4254,.F.);
#4421=ADVANCED_FACE('',(#273),#4255,.F.);
#4422=ADVANCED_FACE('',(#274),#4256,.F.);
#4423=ADVANCED_FACE('',(#275),#4257,.T.);
#4424=ADVANCED_FACE('',(#276),#4258,.T.);
#4425=ADVANCED_FACE('',(#277),#4259,.T.);
#4426=ADVANCED_FACE('',(#278),#4260,.T.);
#4427=ADVANCED_FACE('',(#279),#4261,.T.);
#4428=ADVANCED_FACE('',(#280),#27,.T.);
#4429=ADVANCED_FACE('',(#281),#28,.T.);
#4430=ADVANCED_FACE('',(#282),#29,.T.);
#4431=ADVANCED_FACE('',(#283),#30,.T.);
#4432=ADVANCED_FACE('',(#284),#31,.T.);
#4433=ADVANCED_FACE('',(#285),#32,.T.);
#4434=ADVANCED_FACE('',(#286),#33,.T.);
#4435=ADVANCED_FACE('',(#287),#34,.T.);
#4436=ADVANCED_FACE('',(#288),#35,.T.);
#4437=ADVANCED_FACE('',(#289),#36,.T.);
#4438=ADVANCED_FACE('',(#290),#37,.T.);
#4439=ADVANCED_FACE('',(#291),#38,.T.);
#4440=ADVANCED_FACE('',(#292),#39,.T.);
#4441=ADVANCED_FACE('',(#293),#40,.T.);
#4442=ADVANCED_FACE('',(#294),#41,.T.);
#4443=ADVANCED_FACE('',(#295),#42,.T.);
#4444=ADVANCED_FACE('',(#296),#43,.T.);
#4445=ADVANCED_FACE('',(#297),#44,.T.);
#4446=ADVANCED_FACE('',(#298,#195),#4262,.T.);
#4447=ADVANCED_FACE('',(#299,#196,#197,#198),#4263,.T.);
#4448=ADVANCED_FACE('',(#300),#57,.F.);
#4449=ADVANCED_FACE('',(#301,#199),#4264,.F.);
#4450=ADVANCED_FACE('',(#302),#58,.F.);
#4451=ADVANCED_FACE('',(#303,#200),#4265,.F.);
#4452=ADVANCED_FACE('',(#304),#59,.F.);
#4453=ADVANCED_FACE('',(#305,#201),#4266,.F.);
#4454=ADVANCED_FACE('',(#306),#60,.F.);
#4455=ADVANCED_FACE('',(#307,#202),#4267,.F.);
#4456=ADVANCED_FACE('',(#308),#4268,.F.);
#4457=ADVANCED_FACE('',(#309),#61,.F.);
#4458=ADVANCED_FACE('',(#310),#4269,.F.);
#4459=ADVANCED_FACE('',(#311),#62,.F.);
#4460=ADVANCED_FACE('',(#312),#4270,.F.);
#4461=ADVANCED_FACE('',(#313),#63,.F.);
#4462=ADVANCED_FACE('',(#314),#64,.F.);
#4463=ADVANCED_FACE('',(#315),#4271,.F.);
#4464=ADVANCED_FACE('',(#316,#203),#4272,.T.);
#4465=ADVANCED_FACE('',(#317),#4273,.F.);
#4466=ADVANCED_FACE('',(#318),#65,.F.);
#4467=ADVANCED_FACE('',(#319),#4274,.F.);
#4468=ADVANCED_FACE('',(#320),#66,.F.);
#4469=ADVANCED_FACE('',(#321),#4275,.F.);
#4470=ADVANCED_FACE('',(#322),#4276,.F.);
#4471=ADVANCED_FACE('',(#323),#4277,.F.);
#4472=ADVANCED_FACE('',(#324),#4278,.F.);
#4473=ADVANCED_FACE('',(#325,#204),#4279,.T.);
#4474=ADVANCED_FACE('',(#326),#19,.T.);
#4475=ADVANCED_FACE('',(#327),#67,.T.);
#4476=ADVANCED_FACE('',(#328),#68,.T.);
#4477=ADVANCED_FACE('',(#329),#69,.T.);
#4478=ADVANCED_FACE('',(#330),#20,.T.);
#4479=ADVANCED_FACE('',(#331),#70,.T.);
#4480=ADVANCED_FACE('',(#332),#71,.T.);
#4481=ADVANCED_FACE('',(#333),#72,.T.);
#4482=ADVANCED_FACE('',(#334),#21,.T.);
#4483=ADVANCED_FACE('',(#335),#73,.T.);
#4484=ADVANCED_FACE('',(#336),#74,.T.);
#4485=ADVANCED_FACE('',(#337),#75,.T.);
#4486=ADVANCED_FACE('',(#338),#22,.T.);
#4487=ADVANCED_FACE('',(#339),#76,.T.);
#4488=ADVANCED_FACE('',(#340),#77,.T.);
#4489=ADVANCED_FACE('',(#341),#78,.T.);
#4490=ADVANCED_FACE('',(#342),#79,.T.);
#4491=ADVANCED_FACE('',(#343),#4280,.T.);
#4492=ADVANCED_FACE('',(#344,#205,#206),#4281,.T.);
#4493=ADVANCED_FACE('',(#345),#4282,.T.);
#4494=ADVANCED_FACE('',(#346),#80,.T.);
#4495=ADVANCED_FACE('',(#347),#4283,.T.);
#4496=ADVANCED_FACE('',(#348),#4284,.T.);
#4497=ADVANCED_FACE('',(#349),#4285,.T.);
#4498=ADVANCED_FACE('',(#350,#207),#4286,.T.);
#4499=ADVANCED_FACE('',(#351),#4287,.F.);
#4500=ADVANCED_FACE('',(#352),#4288,.T.);
#4501=ADVANCED_FACE('',(#353),#4289,.T.);
#4502=ADVANCED_FACE('',(#354),#4290,.T.);
#4503=ADVANCED_FACE('',(#355),#4291,.F.);
#4504=ADVANCED_FACE('',(#356),#4292,.F.);
#4505=ADVANCED_FACE('',(#357),#4293,.F.);
#4506=ADVANCED_FACE('',(#358),#81,.T.);
#4507=ADVANCED_FACE('',(#359),#4294,.F.);
#4508=ADVANCED_FACE('',(#360),#4295,.F.);
#4509=ADVANCED_FACE('',(#361),#82,.T.);
#4510=ADVANCED_FACE('',(#362),#4296,.F.);
#4511=ADVANCED_FACE('',(#363),#4297,.F.);
#4512=ADVANCED_FACE('',(#364),#4298,.F.);
#4513=ADVANCED_FACE('',(#365),#83,.T.);
#4514=ADVANCED_FACE('',(#366),#4299,.F.);
#4515=ADVANCED_FACE('',(#367),#4300,.F.);
#4516=ADVANCED_FACE('',(#368),#4301,.F.);
#4517=ADVANCED_FACE('',(#369),#84,.T.);
#4518=ADVANCED_FACE('',(#370),#4302,.F.);
#4519=ADVANCED_FACE('',(#371),#4303,.F.);
#4520=ADVANCED_FACE('',(#372),#4304,.F.);
#4521=ADVANCED_FACE('',(#373),#4305,.F.);
#4522=ADVANCED_FACE('',(#374),#85,.F.);
#4523=ADVANCED_FACE('',(#375),#4306,.F.);
#4524=ADVANCED_FACE('',(#376),#15,.T.);
#4525=ADVANCED_FACE('',(#377),#4307,.F.);
#4526=ADVANCED_FACE('',(#378),#16,.T.);
#4527=ADVANCED_FACE('',(#379),#4308,.F.);
#4528=ADVANCED_FACE('',(#380),#17,.T.);
#4529=ADVANCED_FACE('',(#381),#4309,.F.);
#4530=ADVANCED_FACE('',(#382),#18,.T.);
#4531=ADVANCED_FACE('',(#383),#23,.F.);
#4532=ADVANCED_FACE('',(#384,#208,#209,#210,#211),#4310,.F.);
#4533=ADVANCED_FACE('',(#385),#86,.T.);
#4534=ADVANCED_FACE('',(#386),#24,.F.);
#4535=ADVANCED_FACE('',(#387),#87,.T.);
#4536=ADVANCED_FACE('',(#388),#25,.F.);
#4537=ADVANCED_FACE('',(#389),#88,.T.);
#4538=ADVANCED_FACE('',(#390),#26,.F.);
#4539=ADVANCED_FACE('',(#391),#89,.T.);
#4540=ADVANCED_FACE('',(#392),#4311,.F.);
#4541=ADVANCED_FACE('',(#393),#90,.F.);
#4542=ADVANCED_FACE('',(#394),#91,.F.);
#4543=ADVANCED_FACE('',(#395),#4312,.F.);
#4544=ADVANCED_FACE('',(#396),#92,.T.);
#4545=ADVANCED_FACE('',(#397),#93,.T.);
#4546=ADVANCED_FACE('',(#398),#4313,.T.);
#4547=ADVANCED_FACE('',(#399),#94,.T.);
#4548=ADVANCED_FACE('',(#400),#95,.F.);
#4549=ADVANCED_FACE('',(#401),#4314,.T.);
#4550=ADVANCED_FACE('',(#402),#4315,.T.);
#4551=ADVANCED_FACE('',(#403),#4316,.T.);
#4552=ADVANCED_FACE('',(#404,#212),#4317,.F.);
#4553=ADVANCED_FACE('',(#405),#4318,.F.);
#4554=ADVANCED_FACE('',(#406),#4319,.T.);
#4555=ADVANCED_FACE('',(#407),#4320,.T.);
#4556=ADVANCED_FACE('',(#408),#4321,.T.);
#4557=ADVANCED_FACE('',(#409),#96,.F.);
#4558=ADVANCED_FACE('',(#410),#97,.T.);
#4559=ADVANCED_FACE('',(#411),#98,.T.);
#4560=ADVANCED_FACE('',(#412),#99,.T.);
#4561=ADVANCED_FACE('',(#413),#4322,.T.);
#4562=ADVANCED_FACE('',(#414,#213),#4323,.F.);
#4563=ADVANCED_FACE('',(#415),#4324,.F.);
#4564=ADVANCED_FACE('',(#416),#4325,.T.);
#4565=ADVANCED_FACE('',(#417),#4326,.T.);
#4566=ADVANCED_FACE('',(#418),#100,.F.);
#4567=ADVANCED_FACE('',(#419),#101,.T.);
#4568=ADVANCED_FACE('',(#420),#4327,.T.);
#4569=ADVANCED_FACE('',(#421,#214),#4328,.F.);
#4570=ADVANCED_FACE('',(#422),#4329,.F.);
#4571=ADVANCED_FACE('',(#423),#4330,.T.);
#4572=ADVANCED_FACE('',(#424),#4331,.T.);
#4573=ADVANCED_FACE('',(#425),#4332,.T.);
#4574=ADVANCED_FACE('',(#426),#102,.F.);
#4575=ADVANCED_FACE('',(#427),#103,.T.);
#4576=ADVANCED_FACE('',(#428),#104,.T.);
#4577=ADVANCED_FACE('',(#429),#105,.T.);
#4578=ADVANCED_FACE('',(#430),#4333,.T.);
#4579=ADVANCED_FACE('',(#431,#215),#4334,.F.);
#4580=ADVANCED_FACE('',(#432),#4335,.F.);
#4581=ADVANCED_FACE('',(#433),#4336,.T.);
#4582=ADVANCED_FACE('',(#434),#4337,.T.);
#4583=ADVANCED_FACE('',(#435),#4338,.T.);
#4584=ADVANCED_FACE('',(#436),#4339,.T.);
#4585=ADVANCED_FACE('',(#437),#4340,.T.);
#4586=ADVANCED_FACE('',(#438),#4341,.T.);
#4587=ADVANCED_FACE('',(#439),#4342,.T.);
#4588=ADVANCED_FACE('',(#440),#4343,.T.);
#4589=ADVANCED_FACE('',(#441,#216),#4344,.T.);
#4590=ADVANCED_FACE('',(#442),#106,.F.);
#4591=ADVANCED_FACE('',(#443),#4345,.F.);
#4592=ADVANCED_FACE('',(#444),#107,.F.);
#4593=ADVANCED_FACE('',(#445),#4346,.F.);
#4594=ADVANCED_FACE('',(#446),#108,.F.);
#4595=ADVANCED_FACE('',(#447),#4347,.F.);
#4596=ADVANCED_FACE('',(#448),#109,.F.);
#4597=ADVANCED_FACE('',(#449),#4348,.F.);
#4598=ADVANCED_FACE('',(#450),#110,.F.);
#4599=ADVANCED_FACE('',(#451),#4349,.T.);
#4600=ADVANCED_FACE('',(#452),#4350,.T.);
#4601=ADVANCED_FACE('',(#453),#4351,.T.);
#4602=ADVANCED_FACE('',(#454),#111,.F.);
#4603=ADVANCED_FACE('',(#455),#4352,.T.);
#4604=ADVANCED_FACE('',(#456),#4353,.T.);
#4605=ADVANCED_FACE('',(#457),#112,.F.);
#4606=ADVANCED_FACE('',(#458),#4354,.T.);
#4607=ADVANCED_FACE('',(#459),#4355,.T.);
#4608=ADVANCED_FACE('',(#460),#4356,.T.);
#4609=ADVANCED_FACE('',(#461),#113,.F.);
#4610=ADVANCED_FACE('',(#462),#4357,.T.);
#4611=ADVANCED_FACE('',(#463),#4358,.T.);
#4612=ADVANCED_FACE('',(#464),#114,.T.);
#4613=ADVANCED_FACE('',(#465),#4359,.T.);
#4614=ADVANCED_FACE('',(#466),#4360,.T.);
#4615=ADVANCED_FACE('',(#467),#4361,.T.);
#4616=ADVANCED_FACE('',(#468),#115,.T.);
#4617=ADVANCED_FACE('',(#469),#4362,.T.);
#4618=ADVANCED_FACE('',(#470),#4363,.T.);
#4619=ADVANCED_FACE('',(#471),#4364,.T.);
#4620=CLOSED_SHELL('',(#4365,#4366,#4367,#4368,#4369,#4370,#4371,#4372,
#4373,#4374,#4375,#4376,#4377,#4378,#4379,#4380,#4381,#4382,#4383,#4384,
#4385,#4386,#4387,#4388,#4389,#4390,#4391,#4392,#4393,#4394,#4395,#4396,
#4397,#4398,#4399,#4400,#4401,#4402,#4403,#4404,#4405,#4406,#4407,#4408,
#4409,#4410,#4411,#4412,#4413,#4414,#4415,#4416,#4417,#4418,#4419,#4420,
#4421,#4422,#4423,#4424,#4425,#4426,#4427,#4428,#4429,#4430,#4431,#4432,
#4433,#4434,#4435,#4436,#4437,#4438,#4439,#4440,#4441,#4442,#4443,#4444,
#4445,#4446,#4447,#4448,#4449,#4450,#4451,#4452,#4453,#4454,#4455,#4456,
#4457,#4458,#4459,#4460,#4461,#4462,#4463,#4464,#4465,#4466,#4467,#4468,
#4469,#4470,#4471,#4472,#4473,#4474,#4475,#4476,#4477,#4478,#4479,#4480,
#4481,#4482,#4483,#4484,#4485,#4486,#4487,#4488,#4489,#4490,#4491,#4492,
#4493,#4494,#4495,#4496,#4497,#4498,#4499,#4500,#4501,#4502,#4503,#4504,
#4505,#4506,#4507,#4508,#4509,#4510,#4511,#4512,#4513,#4514,#4515,#4516,
#4517,#4518,#4519,#4520,#4521,#4522,#4523,#4524,#4525,#4526,#4527,#4528,
#4529,#4530,#4531,#4532,#4533,#4534,#4535,#4536,#4537,#4538,#4539,#4540,
#4541,#4542,#4543,#4544,#4545,#4546,#4547,#4548,#4549,#4550,#4551,#4552,
#4553,#4554,#4555,#4556,#4557,#4558,#4559,#4560,#4561,#4562,#4563,#4564,
#4565,#4566,#4567,#4568,#4569,#4570,#4571,#4572,#4573,#4574,#4575,#4576,
#4577,#4578,#4579,#4580,#4581,#4582,#4583,#4584,#4585,#4586,#4587,#4588,
#4589,#4590,#4591,#4592,#4593,#4594,#4595,#4596,#4597,#4598,#4599,#4600,
#4601,#4602,#4603,#4604,#4605,#4606,#4607,#4608,#4609,#4610,#4611,#4612,
#4613,#4614,#4615,#4616,#4617,#4618,#4619));
#4621=DERIVED_UNIT_ELEMENT(#4623,1.);
#4622=DERIVED_UNIT_ELEMENT(#8381,-3.);
#4623=(
MASS_UNIT()
NAMED_UNIT(*)
SI_UNIT(.KILO.,.GRAM.)
);
#4624=DERIVED_UNIT((#4621,#4622));
#4625=MEASURE_REPRESENTATION_ITEM('density measure',
POSITIVE_RATIO_MEASURE(7850.),#4624);
#4626=PROPERTY_DEFINITION_REPRESENTATION(#4631,#4628);
#4627=PROPERTY_DEFINITION_REPRESENTATION(#4632,#4629);
#4628=REPRESENTATION('material name',(#4630),#8378);
#4629=REPRESENTATION('density',(#4625),#8378);
#4630=DESCRIPTIVE_REPRESENTATION_ITEM('Steel','Steel');
#4631=PROPERTY_DEFINITION('material property','material name',#8388);
#4632=PROPERTY_DEFINITION('material property','density of part',#8388);
#4633=AXIS2_PLACEMENT_3D('',#6214,#5010,#5011);
#4634=AXIS2_PLACEMENT_3D('',#6215,#5012,#5013);
#4635=AXIS2_PLACEMENT_3D('',#6228,#5019,#5020);
#4636=AXIS2_PLACEMENT_3D('',#6236,#5024,#5025);
#4637=AXIS2_PLACEMENT_3D('',#6250,#5030,#5031);
#4638=AXIS2_PLACEMENT_3D('',#6257,#5035,#5036);
#4639=AXIS2_PLACEMENT_3D('',#6258,#5037,#5038);
#4640=AXIS2_PLACEMENT_3D('',#6264,#5042,#5043);
#4641=AXIS2_PLACEMENT_3D('',#6273,#5047,#5048);
#4642=AXIS2_PLACEMENT_3D('',#6281,#5052,#5053);
#4643=AXIS2_PLACEMENT_3D('',#6293,#5059,#5060);
#4644=AXIS2_PLACEMENT_3D('',#6301,#5064,#5065);
#4645=AXIS2_PLACEMENT_3D('',#6306,#5069,#5070);
#4646=AXIS2_PLACEMENT_3D('',#6312,#5074,#5075);
#4647=AXIS2_PLACEMENT_3D('',#6327,#5083,#5084);
#4648=AXIS2_PLACEMENT_3D('',#6332,#5086,#5087);
#4649=AXIS2_PLACEMENT_3D('',#6336,#5089,#5090);
#4650=AXIS2_PLACEMENT_3D('',#6340,#5092,#5093);
#4651=AXIS2_PLACEMENT_3D('',#6343,#5095,#5096);
#4652=AXIS2_PLACEMENT_3D('',#6344,#5097,#5098);
#4653=AXIS2_PLACEMENT_3D('',#6347,#5099,#5100);
#4654=AXIS2_PLACEMENT_3D('',#6359,#5106,#5107);
#4655=AXIS2_PLACEMENT_3D('',#6361,#5108,#5109);
#4656=AXIS2_PLACEMENT_3D('',#6363,#5110,#5111);
#4657=AXIS2_PLACEMENT_3D('',#6373,#5117,#5118);
#4658=AXIS2_PLACEMENT_3D('',#6381,#5123,#5124);
#4659=AXIS2_PLACEMENT_3D('',#6387,#5128,#5129);
#4660=AXIS2_PLACEMENT_3D('',#6394,#5134,#5135);
#4661=AXIS2_PLACEMENT_3D('',#6397,#5136,#5137);
#4662=AXIS2_PLACEMENT_3D('',#6406,#5142,#5143);
#4663=AXIS2_PLACEMENT_3D('',#6416,#5149,#5150);
#4664=AXIS2_PLACEMENT_3D('',#6418,#5152,#5153);
#4665=AXIS2_PLACEMENT_3D('',#6419,#5154,#5155);
#4666=AXIS2_PLACEMENT_3D('',#6422,#5156,#5157);
#4667=AXIS2_PLACEMENT_3D('',#6435,#5158,#5159);
#4668=AXIS2_PLACEMENT_3D('',#6440,#5160,#5161);
#4669=AXIS2_PLACEMENT_3D('',#6443,#5162,#5163);
#4670=AXIS2_PLACEMENT_3D('',#6449,#5164,#5165);
#4671=AXIS2_PLACEMENT_3D('',#6454,#5166,#5167);
#4672=AXIS2_PLACEMENT_3D('',#6457,#5170,#5171);
#4673=AXIS2_PLACEMENT_3D('',#6459,#5172,#5173);
#4674=AXIS2_PLACEMENT_3D('',#6462,#5175,#5176);
#4675=AXIS2_PLACEMENT_3D('',#6463,#5177,#5178);
#4676=AXIS2_PLACEMENT_3D('',#6469,#5182,#5183);
#4677=AXIS2_PLACEMENT_3D('',#6473,#5185,#5186);
#4678=AXIS2_PLACEMENT_3D('',#6474,#5187,#5188);
#4679=AXIS2_PLACEMENT_3D('',#6475,#5189,#5190);
#4680=AXIS2_PLACEMENT_3D('',#6478,#5193,#5194);
#4681=AXIS2_PLACEMENT_3D('',#6484,#5198,#5199);
#4682=AXIS2_PLACEMENT_3D('',#6488,#5201,#5202);
#4683=AXIS2_PLACEMENT_3D('',#6491,#5204,#5205);
#4684=AXIS2_PLACEMENT_3D('',#6492,#5206,#5207);
#4685=AXIS2_PLACEMENT_3D('',#6496,#5210,#5211);
#4686=AXIS2_PLACEMENT_3D('',#6499,#5213,#5214);
#4687=AXIS2_PLACEMENT_3D('',#6500,#5215,#5216);
#4688=AXIS2_PLACEMENT_3D('',#6504,#5219,#5220);
#4689=AXIS2_PLACEMENT_3D('',#6507,#5222,#5223);
#4690=AXIS2_PLACEMENT_3D('',#6508,#5224,#5225);
#4691=AXIS2_PLACEMENT_3D('',#6512,#5228,#5229);
#4692=AXIS2_PLACEMENT_3D('',#6514,#5230,#5231);
#4693=AXIS2_PLACEMENT_3D('',#6517,#5233,#5234);
#4694=AXIS2_PLACEMENT_3D('',#6518,#5235,#5236);
#4695=AXIS2_PLACEMENT_3D('',#6520,#5237,#5238);
#4696=AXIS2_PLACEMENT_3D('',#6523,#5240,#5241);
#4697=AXIS2_PLACEMENT_3D('',#6524,#5242,#5243);
#4698=AXIS2_PLACEMENT_3D('',#6526,#5244,#5245);
#4699=AXIS2_PLACEMENT_3D('',#6527,#5246,#5247);
#4700=AXIS2_PLACEMENT_3D('',#6529,#5248,#5249);
#4701=AXIS2_PLACEMENT_3D('',#6530,#5250,#5251);
#4702=AXIS2_PLACEMENT_3D('',#6532,#5252,#5253);
#4703=AXIS2_PLACEMENT_3D('',#6535,#5255,#5256);
#4704=AXIS2_PLACEMENT_3D('',#6536,#5257,#5258);
#4705=AXIS2_PLACEMENT_3D('',#6538,#5259,#5260);
#4706=AXIS2_PLACEMENT_3D('',#6539,#5261,#5262);
#4707=AXIS2_PLACEMENT_3D('',#6541,#5263,#5264);
#4708=AXIS2_PLACEMENT_3D('',#6542,#5265,#5266);
#4709=AXIS2_PLACEMENT_3D('',#6544,#5267,#5268);
#4710=AXIS2_PLACEMENT_3D('',#6547,#5270,#5271);
#4711=AXIS2_PLACEMENT_3D('',#6548,#5272,#5273);
#4712=AXIS2_PLACEMENT_3D('',#6550,#5274,#5275);
#4713=AXIS2_PLACEMENT_3D('',#6551,#5276,#5277);
#4714=AXIS2_PLACEMENT_3D('',#6553,#5278,#5279);
#4715=AXIS2_PLACEMENT_3D('',#6554,#5280,#5281);
#4716=AXIS2_PLACEMENT_3D('',#6556,#5282,#5283);
#4717=AXIS2_PLACEMENT_3D('',#6559,#5285,#5286);
#4718=AXIS2_PLACEMENT_3D('',#6560,#5287,#5288);
#4719=AXIS2_PLACEMENT_3D('',#6562,#5289,#5290);
#4720=AXIS2_PLACEMENT_3D('',#6563,#5291,#5292);
#4721=AXIS2_PLACEMENT_3D('',#6565,#5293,#5294);
#4722=AXIS2_PLACEMENT_3D('',#6566,#5295,#5296);
#4723=AXIS2_PLACEMENT_3D('',#6568,#5297,#5298);
#4724=AXIS2_PLACEMENT_3D('',#6570,#5300,#5301);
#4725=AXIS2_PLACEMENT_3D('',#6572,#5302,#5303);
#4726=AXIS2_PLACEMENT_3D('',#6574,#5305,#5306);
#4727=AXIS2_PLACEMENT_3D('',#6576,#5307,#5308);
#4728=AXIS2_PLACEMENT_3D('',#6578,#5310,#5311);
#4729=AXIS2_PLACEMENT_3D('',#6580,#5312,#5313);
#4730=AXIS2_PLACEMENT_3D('',#6582,#5315,#5316);
#4731=AXIS2_PLACEMENT_3D('',#6591,#5321,#5322);
#4732=AXIS2_PLACEMENT_3D('',#6600,#5327,#5328);
#4733=AXIS2_PLACEMENT_3D('',#6603,#5331,#5332);
#4734=AXIS2_PLACEMENT_3D('',#6609,#5335,#5336);
#4735=AXIS2_PLACEMENT_3D('',#6621,#5342,#5343);
#4736=AXIS2_PLACEMENT_3D('',#6629,#5348,#5349);
#4737=AXIS2_PLACEMENT_3D('',#6638,#5354,#5355);
#4738=AXIS2_PLACEMENT_3D('',#6644,#5359,#5360);
#4739=AXIS2_PLACEMENT_3D('',#6648,#5363,#5364);
#4740=AXIS2_PLACEMENT_3D('',#6652,#5367,#5368);
#4741=AXIS2_PLACEMENT_3D('',#6654,#5370,#5371);
#4742=AXIS2_PLACEMENT_3D('',#6664,#5377,#5378);
#4743=AXIS2_PLACEMENT_3D('',#6671,#5383,#5384);
#4744=AXIS2_PLACEMENT_3D('',#6675,#5387,#5388);
#4745=AXIS2_PLACEMENT_3D('',#6679,#5391,#5392);
#4746=AXIS2_PLACEMENT_3D('',#6685,#5396,#5397);
#4747=AXIS2_PLACEMENT_3D('',#6691,#5401,#5402);
#4748=AXIS2_PLACEMENT_3D('',#6700,#5407,#5408);
#4749=AXIS2_PLACEMENT_3D('',#6706,#5412,#5413);
#4750=AXIS2_PLACEMENT_3D('',#6712,#5417,#5418);
#4751=AXIS2_PLACEMENT_3D('',#6715,#5421,#5422);
#4752=AXIS2_PLACEMENT_3D('',#7130,#5441,#5442);
#4753=AXIS2_PLACEMENT_3D('',#7131,#5443,#5444);
#4754=AXIS2_PLACEMENT_3D('',#7145,#5452,#5453);
#4755=AXIS2_PLACEMENT_3D('',#7148,#5455,#5456);
#4756=AXIS2_PLACEMENT_3D('',#7149,#5457,#5458);
#4757=AXIS2_PLACEMENT_3D('',#7151,#5459,#5460);
#4758=AXIS2_PLACEMENT_3D('',#7152,#5461,#5462);
#4759=AXIS2_PLACEMENT_3D('',#7155,#5464,#5465);
#4760=AXIS2_PLACEMENT_3D('',#7156,#5466,#5467);
#4761=AXIS2_PLACEMENT_3D('',#7158,#5468,#5469);
#4762=AXIS2_PLACEMENT_3D('',#7159,#5470,#5471);
#4763=AXIS2_PLACEMENT_3D('',#7162,#5473,#5474);
#4764=AXIS2_PLACEMENT_3D('',#7163,#5475,#5476);
#4765=AXIS2_PLACEMENT_3D('',#7165,#5477,#5478);
#4766=AXIS2_PLACEMENT_3D('',#7166,#5479,#5480);
#4767=AXIS2_PLACEMENT_3D('',#7169,#5482,#5483);
#4768=AXIS2_PLACEMENT_3D('',#7170,#5484,#5485);
#4769=AXIS2_PLACEMENT_3D('',#7172,#5486,#5487);
#4770=AXIS2_PLACEMENT_3D('',#7173,#5488,#5489);
#4771=AXIS2_PLACEMENT_3D('',#7182,#5494,#5495);
#4772=AXIS2_PLACEMENT_3D('',#7184,#5496,#5497);
#4773=AXIS2_PLACEMENT_3D('',#7186,#5498,#5499);
#4774=AXIS2_PLACEMENT_3D('',#7188,#5501,#5502);
#4775=AXIS2_PLACEMENT_3D('',#7194,#5506,#5507);
#4776=AXIS2_PLACEMENT_3D('',#7196,#5508,#5509);
#4777=AXIS2_PLACEMENT_3D('',#7198,#5510,#5511);
#4778=AXIS2_PLACEMENT_3D('',#7200,#5513,#5514);
#4779=AXIS2_PLACEMENT_3D('',#7206,#5518,#5519);
#4780=AXIS2_PLACEMENT_3D('',#7207,#5520,#5521);
#4781=AXIS2_PLACEMENT_3D('',#7208,#5522,#5523);
#4782=AXIS2_PLACEMENT_3D('',#7209,#5524,#5525);
#4783=AXIS2_PLACEMENT_3D('',#7210,#5526,#5527);
#4784=AXIS2_PLACEMENT_3D('',#7211,#5528,#5529);
#4785=AXIS2_PLACEMENT_3D('',#7212,#5530,#5531);
#4786=AXIS2_PLACEMENT_3D('',#7215,#5534,#5535);
#4787=AXIS2_PLACEMENT_3D('',#7218,#5536,#5537);
#4788=AXIS2_PLACEMENT_3D('',#7222,#5539,#5540);
#4789=AXIS2_PLACEMENT_3D('',#7226,#5542,#5543);
#4790=AXIS2_PLACEMENT_3D('',#7230,#5545,#5546);
#4791=AXIS2_PLACEMENT_3D('',#7232,#5548,#5549);
#4792=AXIS2_PLACEMENT_3D('',#7238,#5553,#5554);
#4793=AXIS2_PLACEMENT_3D('',#7241,#5556,#5557);
#4794=AXIS2_PLACEMENT_3D('',#7242,#5558,#5559);
#4795=AXIS2_PLACEMENT_3D('',#7246,#5562,#5563);
#4796=AXIS2_PLACEMENT_3D('',#7249,#5565,#5566);
#4797=AXIS2_PLACEMENT_3D('',#7250,#5567,#5568);
#4798=AXIS2_PLACEMENT_3D('',#7253,#5571,#5572);
#4799=AXIS2_PLACEMENT_3D('',#7259,#5576,#5577);
#4800=AXIS2_PLACEMENT_3D('',#7261,#5579,#5580);
#4801=AXIS2_PLACEMENT_3D('',#7266,#5584,#5585);
#4802=AXIS2_PLACEMENT_3D('',#7275,#5590,#5591);
#4803=AXIS2_PLACEMENT_3D('',#7278,#5593,#5594);
#4804=AXIS2_PLACEMENT_3D('',#7279,#5595,#5596);
#4805=AXIS2_PLACEMENT_3D('',#7282,#5597,#5598);
#4806=AXIS2_PLACEMENT_3D('',#7297,#5599,#5600);
#4807=AXIS2_PLACEMENT_3D('',#7310,#5601,#5602);
#4808=AXIS2_PLACEMENT_3D('',#7352,#5605,#5606);
#4809=AXIS2_PLACEMENT_3D('',#7394,#5609,#5610);
#4810=AXIS2_PLACEMENT_3D('',#7450,#5613,#5614);
#4811=AXIS2_PLACEMENT_3D('',#7452,#5615,#5616);
#4812=AXIS2_PLACEMENT_3D('',#7466,#5617,#5618);
#4813=AXIS2_PLACEMENT_3D('',#7467,#5619,#5620);
#4814=AXIS2_PLACEMENT_3D('',#7522,#5623,#5624);
#4815=AXIS2_PLACEMENT_3D('',#7562,#5626,#5627);
#4816=AXIS2_PLACEMENT_3D('',#7618,#5630,#5631);
#4817=AXIS2_PLACEMENT_3D('',#7620,#5632,#5633);
#4818=AXIS2_PLACEMENT_3D('',#7634,#5634,#5635);
#4819=AXIS2_PLACEMENT_3D('',#7635,#5636,#5637);
#4820=AXIS2_PLACEMENT_3D('',#7638,#5640,#5641);
#4821=AXIS2_PLACEMENT_3D('',#7680,#5644,#5645);
#4822=AXIS2_PLACEMENT_3D('',#7683,#5648,#5649);
#4823=AXIS2_PLACEMENT_3D('',#7685,#5650,#5651);
#4824=AXIS2_PLACEMENT_3D('',#7687,#5652,#5653);
#4825=AXIS2_PLACEMENT_3D('',#7700,#5654,#5655);
#4826=AXIS2_PLACEMENT_3D('',#7703,#5658,#5659);
#4827=AXIS2_PLACEMENT_3D('',#7745,#5662,#5663);
#4828=AXIS2_PLACEMENT_3D('',#7748,#5666,#5667);
#4829=AXIS2_PLACEMENT_3D('',#7751,#5670,#5671);
#4830=AXIS2_PLACEMENT_3D('',#7753,#5673,#5674);
#4831=AXIS2_PLACEMENT_3D('',#7760,#5678,#5679);
#4832=AXIS2_PLACEMENT_3D('',#7764,#5681,#5682);
#4833=AXIS2_PLACEMENT_3D('',#7768,#5684,#5685);
#4834=AXIS2_PLACEMENT_3D('',#7771,#5687,#5688);
#4835=AXIS2_PLACEMENT_3D('',#7773,#5689,#5690);
#4836=AXIS2_PLACEMENT_3D('',#7774,#5691,#5692);
#4837=AXIS2_PLACEMENT_3D('',#7776,#5694,#5695);
#4838=AXIS2_PLACEMENT_3D('',#7778,#5697,#5698);
#4839=AXIS2_PLACEMENT_3D('',#7780,#5700,#5701);
#4840=AXIS2_PLACEMENT_3D('',#7787,#5706,#5707);
#4841=AXIS2_PLACEMENT_3D('',#7791,#5710,#5711);
#4842=AXIS2_PLACEMENT_3D('',#7796,#5713,#5714);
#4843=AXIS2_PLACEMENT_3D('',#7800,#5716,#5717);
#4844=AXIS2_PLACEMENT_3D('',#7804,#5719,#5720);
#4845=AXIS2_PLACEMENT_3D('',#7807,#5722,#5723);
#4846=AXIS2_PLACEMENT_3D('',#7808,#5724,#5725);
#4847=AXIS2_PLACEMENT_3D('',#7814,#5728,#5729);
#4848=AXIS2_PLACEMENT_3D('',#7821,#5733,#5734);
#4849=AXIS2_PLACEMENT_3D('',#7823,#5736,#5737);
#4850=AXIS2_PLACEMENT_3D('',#7827,#5741,#5742);
#4851=AXIS2_PLACEMENT_3D('',#7828,#5743,#5744);
#4852=AXIS2_PLACEMENT_3D('',#7829,#5745,#5746);
#4853=AXIS2_PLACEMENT_3D('',#7831,#5748,#5749);
#4854=AXIS2_PLACEMENT_3D('',#7833,#5751,#5752);
#4855=AXIS2_PLACEMENT_3D('',#7835,#5754,#5755);
#4856=AXIS2_PLACEMENT_3D('',#7837,#5757,#5758);
#4857=AXIS2_PLACEMENT_3D('',#7838,#5759,#5760);
#4858=AXIS2_PLACEMENT_3D('',#7840,#5762,#5763);
#4859=AXIS2_PLACEMENT_3D('',#7842,#5765,#5766);
#4860=AXIS2_PLACEMENT_3D('',#7844,#5768,#5769);
#4861=AXIS2_PLACEMENT_3D('',#7846,#5771,#5772);
#4862=AXIS2_PLACEMENT_3D('',#7848,#5774,#5775);
#4863=AXIS2_PLACEMENT_3D('',#7850,#5777,#5778);
#4864=AXIS2_PLACEMENT_3D('',#7851,#5779,#5780);
#4865=AXIS2_PLACEMENT_3D('',#7853,#5782,#5783);
#4866=AXIS2_PLACEMENT_3D('',#7855,#5785,#5786);
#4867=AXIS2_PLACEMENT_3D('',#7857,#5788,#5789);
#4868=AXIS2_PLACEMENT_3D('',#7859,#5791,#5792);
#4869=AXIS2_PLACEMENT_3D('',#7861,#5794,#5795);
#4870=AXIS2_PLACEMENT_3D('',#7862,#5796,#5797);
#4871=AXIS2_PLACEMENT_3D('',#7863,#5798,#5799);
#4872=AXIS2_PLACEMENT_3D('',#7865,#5801,#5802);
#4873=AXIS2_PLACEMENT_3D('',#7875,#5806,#5807);
#4874=AXIS2_PLACEMENT_3D('',#7884,#5810,#5811);
#4875=AXIS2_PLACEMENT_3D('',#7893,#5814,#5815);
#4876=AXIS2_PLACEMENT_3D('',#7901,#5817,#5818);
#4877=AXIS2_PLACEMENT_3D('',#7909,#5819,#5820);
#4878=AXIS2_PLACEMENT_3D('',#7924,#5821,#5822);
#4879=AXIS2_PLACEMENT_3D('',#7939,#5823,#5824);
#4880=AXIS2_PLACEMENT_3D('',#7944,#5825,#5826);
#4881=AXIS2_PLACEMENT_3D('',#7947,#5827,#5828);
#4882=AXIS2_PLACEMENT_3D('',#7952,#5831,#5832);
#4883=AXIS2_PLACEMENT_3D('',#7960,#5836,#5837);
#4884=AXIS2_PLACEMENT_3D('',#7965,#5840,#5841);
#4885=AXIS2_PLACEMENT_3D('',#7976,#5847,#5848);
#4886=AXIS2_PLACEMENT_3D('',#7978,#5849,#5850);
#4887=AXIS2_PLACEMENT_3D('',#8001,#5862,#5863);
#4888=AXIS2_PLACEMENT_3D('',#8003,#5864,#5865);
#4889=AXIS2_PLACEMENT_3D('',#8005,#5866,#5867);
#4890=AXIS2_PLACEMENT_3D('',#8010,#5870,#5871);
#4891=AXIS2_PLACEMENT_3D('',#8017,#5874,#5875);
#4892=AXIS2_PLACEMENT_3D('',#8019,#5876,#5877);
#4893=AXIS2_PLACEMENT_3D('',#8021,#5878,#5879);
#4894=AXIS2_PLACEMENT_3D('',#8026,#5882,#5883);
#4895=AXIS2_PLACEMENT_3D('',#8033,#5886,#5887);
#4896=AXIS2_PLACEMENT_3D('',#8036,#5889,#5890);
#4897=AXIS2_PLACEMENT_3D('',#8037,#5891,#5892);
#4898=AXIS2_PLACEMENT_3D('',#8041,#5894,#5895);
#4899=AXIS2_PLACEMENT_3D('',#8043,#5897,#5898);
#4900=AXIS2_PLACEMENT_3D('',#8058,#5899,#5900);
#4901=AXIS2_PLACEMENT_3D('',#8071,#5901,#5902);
#4902=AXIS2_PLACEMENT_3D('',#8075,#5904,#5905);
#4903=AXIS2_PLACEMENT_3D('',#8077,#5907,#5908);
#4904=AXIS2_PLACEMENT_3D('',#8092,#5909,#5910);
#4905=AXIS2_PLACEMENT_3D('',#8105,#5911,#5912);
#4906=AXIS2_PLACEMENT_3D('',#8109,#5914,#5915);
#4907=AXIS2_PLACEMENT_3D('',#8111,#5917,#5918);
#4908=AXIS2_PLACEMENT_3D('',#8126,#5919,#5920);
#4909=AXIS2_PLACEMENT_3D('',#8139,#5921,#5922);
#4910=AXIS2_PLACEMENT_3D('',#8143,#5924,#5925);
#4911=AXIS2_PLACEMENT_3D('',#8145,#5927,#5928);
#4912=AXIS2_PLACEMENT_3D('',#8148,#5931,#5932);
#4913=AXIS2_PLACEMENT_3D('',#8149,#5933,#5934);
#4914=AXIS2_PLACEMENT_3D('',#8151,#5936,#5937);
#4915=AXIS2_PLACEMENT_3D('',#8152,#5938,#5939);
#4916=AXIS2_PLACEMENT_3D('',#8156,#5941,#5942);
#4917=AXIS2_PLACEMENT_3D('',#8158,#5944,#5945);
#4918=AXIS2_PLACEMENT_3D('',#8161,#5947,#5948);
#4919=AXIS2_PLACEMENT_3D('',#8162,#5949,#5950);
#4920=AXIS2_PLACEMENT_3D('',#8166,#5953,#5954);
#4921=AXIS2_PLACEMENT_3D('',#8171,#5956,#5957);
#4922=AXIS2_PLACEMENT_3D('',#8174,#5959,#5960);
#4923=AXIS2_PLACEMENT_3D('',#8175,#5961,#5962);
#4924=AXIS2_PLACEMENT_3D('',#8177,#5963,#5964);
#4925=AXIS2_PLACEMENT_3D('',#8179,#5966,#5967);
#4926=AXIS2_PLACEMENT_3D('',#8181,#5969,#5970);
#4927=AXIS2_PLACEMENT_3D('',#8183,#5972,#5973);
#4928=AXIS2_PLACEMENT_3D('',#8185,#5975,#5976);
#4929=AXIS2_PLACEMENT_3D('',#8186,#5977,#5978);
#4930=AXIS2_PLACEMENT_3D('',#8193,#5983,#5984);
#4931=AXIS2_PLACEMENT_3D('',#8197,#5987,#5988);
#4932=AXIS2_PLACEMENT_3D('',#8201,#5991,#5992);
#4933=AXIS2_PLACEMENT_3D('',#8205,#5995,#5996);
#4934=AXIS2_PLACEMENT_3D('',#8207,#5997,#5998);
#4935=AXIS2_PLACEMENT_3D('',#8209,#6000,#6001);
#4936=AXIS2_PLACEMENT_3D('',#8212,#6003,#6004);
#4937=AXIS2_PLACEMENT_3D('',#8213,#6005,#6006);
#4938=AXIS2_PLACEMENT_3D('',#8216,#6008,#6009);
#4939=AXIS2_PLACEMENT_3D('',#8217,#6010,#6011);
#4940=AXIS2_PLACEMENT_3D('',#8220,#6013,#6014);
#4941=AXIS2_PLACEMENT_3D('',#8221,#6015,#6016);
#4942=AXIS2_PLACEMENT_3D('',#8223,#6018,#6019);
#4943=AXIS2_PLACEMENT_3D('',#8224,#6020,#6021);
#4944=AXIS2_PLACEMENT_3D('',#8225,#6022,#6023);
#4945=AXIS2_PLACEMENT_3D('',#8229,#6026,#6027);
#4946=AXIS2_PLACEMENT_3D('',#8233,#6030,#6031);
#4947=AXIS2_PLACEMENT_3D('',#8235,#6032,#6033);
#4948=AXIS2_PLACEMENT_3D('',#8237,#6035,#6036);
#4949=AXIS2_PLACEMENT_3D('',#8240,#6038,#6039);
#4950=AXIS2_PLACEMENT_3D('',#8241,#6040,#6041);
#4951=AXIS2_PLACEMENT_3D('',#8243,#6043,#6044);
#4952=AXIS2_PLACEMENT_3D('',#8244,#6045,#6046);
#4953=AXIS2_PLACEMENT_3D('',#8245,#6047,#6048);
#4954=AXIS2_PLACEMENT_3D('',#8249,#6051,#6052);
#4955=AXIS2_PLACEMENT_3D('',#8253,#6055,#6056);
#4956=AXIS2_PLACEMENT_3D('',#8257,#6059,#6060);
#4957=AXIS2_PLACEMENT_3D('',#8259,#6061,#6062);
#4958=AXIS2_PLACEMENT_3D('',#8261,#6064,#6065);
#4959=AXIS2_PLACEMENT_3D('',#8264,#6067,#6068);
#4960=AXIS2_PLACEMENT_3D('',#8265,#6069,#6070);
#4961=AXIS2_PLACEMENT_3D('',#8268,#6072,#6073);
#4962=AXIS2_PLACEMENT_3D('',#8269,#6074,#6075);
#4963=AXIS2_PLACEMENT_3D('',#8272,#6077,#6078);
#4964=AXIS2_PLACEMENT_3D('',#8273,#6079,#6080);
#4965=AXIS2_PLACEMENT_3D('',#8275,#6082,#6083);
#4966=AXIS2_PLACEMENT_3D('',#8276,#6084,#6085);
#4967=AXIS2_PLACEMENT_3D('',#8277,#6086,#6087);
#4968=AXIS2_PLACEMENT_3D('',#8283,#6091,#6092);
#4969=AXIS2_PLACEMENT_3D('',#8287,#6095,#6096);
#4970=AXIS2_PLACEMENT_3D('',#8291,#6099,#6100);
#4971=AXIS2_PLACEMENT_3D('',#8295,#6103,#6104);
#4972=AXIS2_PLACEMENT_3D('',#8299,#6107,#6108);
#4973=AXIS2_PLACEMENT_3D('',#8303,#6111,#6112);
#4974=AXIS2_PLACEMENT_3D('',#8307,#6115,#6116);
#4975=AXIS2_PLACEMENT_3D('',#8309,#6118,#6119);
#4976=AXIS2_PLACEMENT_3D('',#8311,#6120,#6121);
#4977=AXIS2_PLACEMENT_3D('',#8315,#6123,#6124);
#4978=AXIS2_PLACEMENT_3D('',#8319,#6126,#6127);
#4979=AXIS2_PLACEMENT_3D('',#8322,#6129,#6130);
#4980=AXIS2_PLACEMENT_3D('',#8323,#6131,#6132);
#4981=AXIS2_PLACEMENT_3D('',#8325,#6134,#6135);
#4982=AXIS2_PLACEMENT_3D('',#8327,#6137,#6138);
#4983=AXIS2_PLACEMENT_3D('',#8329,#6140,#6141);
#4984=AXIS2_PLACEMENT_3D('',#8332,#6144,#6145);
#4985=AXIS2_PLACEMENT_3D('',#8334,#6147,#6148);
#4986=AXIS2_PLACEMENT_3D('',#8335,#6149,#6150);
#4987=AXIS2_PLACEMENT_3D('',#8336,#6151,#6152);
#4988=AXIS2_PLACEMENT_3D('',#8337,#6153,#6154);
#4989=AXIS2_PLACEMENT_3D('',#8340,#6157,#6158);
#4990=AXIS2_PLACEMENT_3D('',#8342,#6160,#6161);
#4991=AXIS2_PLACEMENT_3D('',#8344,#6163,#6164);
#4992=AXIS2_PLACEMENT_3D('',#8346,#6166,#6167);
#4993=AXIS2_PLACEMENT_3D('',#8348,#6169,#6170);
#4994=AXIS2_PLACEMENT_3D('',#8349,#6171,#6172);
#4995=AXIS2_PLACEMENT_3D('',#8351,#6174,#6175);
#4996=AXIS2_PLACEMENT_3D('',#8353,#6177,#6178);
#4997=AXIS2_PLACEMENT_3D('',#8355,#6180,#6181);
#4998=AXIS2_PLACEMENT_3D('',#8357,#6183,#6184);
#4999=AXIS2_PLACEMENT_3D('',#8359,#6186,#6187);
#5000=AXIS2_PLACEMENT_3D('',#8361,#6189,#6190);
#5001=AXIS2_PLACEMENT_3D('',#8362,#6191,#6192);
#5002=AXIS2_PLACEMENT_3D('',#8363,#6193,#6194);
#5003=AXIS2_PLACEMENT_3D('',#8365,#6196,#6197);
#5004=AXIS2_PLACEMENT_3D('',#8366,#6198,#6199);
#5005=AXIS2_PLACEMENT_3D('',#8367,#6200,#6201);
#5006=AXIS2_PLACEMENT_3D('',#8369,#6203,#6204);
#5007=AXIS2_PLACEMENT_3D('',#8371,#6206,#6207);
#5008=AXIS2_PLACEMENT_3D('',#8373,#6209,#6210);
#5009=AXIS2_PLACEMENT_3D('',#8375,#6212,#6213);
#5010=DIRECTION('axis',(0.,0.,1.));
#5011=DIRECTION('refdir',(1.,0.,0.));
#5012=DIRECTION('center_axis',(0.,1.,0.));
#5013=DIRECTION('ref_axis',(-1.,0.,0.));
#5014=DIRECTION('',(0.0139655829887669,0.,0.999902476490474));
#5015=DIRECTION('',(-5.49213385760746E-5,0.,0.999999998491823));
#5016=DIRECTION('',(1.,0.,0.));
#5017=DIRECTION('',(5.49213385861878E-5,0.,-0.999999998491823));
#5018=DIRECTION('',(-0.0139655829903073,0.,-0.999902476490453));
#5019=DIRECTION('center_axis',(0.,-1.,0.));
#5020=DIRECTION('ref_axis',(-0.998855399101389,0.,0.0478319107500876));
#5021=DIRECTION('',(-0.999895126278875,0.,-0.0144822803367846));
#5022=DIRECTION('',(-0.999999978300013,0.,-0.000208326603883504));
#5023=DIRECTION('',(-0.999911593130049,0.,0.0132968388772029));
#5024=DIRECTION('center_axis',(0.,-1.,0.));
#5025=DIRECTION('ref_axis',(0.0480664212666466,0.,0.998844141568952));
#5026=DIRECTION('',(-0.0136471601092647,0.,0.999906873174173));
#5027=DIRECTION('',(0.,0.,1.));
#5028=DIRECTION('',(0.,0.,-1.));
#5029=DIRECTION('',(0.0136471601092648,0.,-0.999906873174173));
#5030=DIRECTION('center_axis',(0.,1.,0.));
#5031=DIRECTION('ref_axis',(0.0447502078195731,0.,0.998998207656102));
#5032=DIRECTION('',(0.999911593130176,0.,-0.0132968388676695));
#5033=DIRECTION('',(0.999999978300013,0.,0.000208326603883479));
#5034=DIRECTION('',(0.999895126278874,0.,0.0144822803368094));
#5035=DIRECTION('center_axis',(0.,1.,0.));
#5036=DIRECTION('ref_axis',(-0.999004862734881,0.,0.044601392714373));
#5037=DIRECTION('center_axis',(0.999999998491823,0.,5.49213385861878E-5));
#5038=DIRECTION('ref_axis',(5.49213385861878E-5,0.,-0.999999998491823));
#5039=DIRECTION('',(0.,-1.,0.));
#5040=DIRECTION('',(-5.49213385861878E-5,0.,0.999999998491823));
#5041=DIRECTION('',(0.,1.,0.));
#5042=DIRECTION('center_axis',(0.,1.,0.));
#5043=DIRECTION('ref_axis',(1.,0.,0.));
#5044=DIRECTION('',(0.999999746582248,0.,0.000711923759659668));
#5045=DIRECTION('',(5.49213386249458E-5,0.,-0.999999998491823));
#5046=DIRECTION('',(-0.0139655830019592,0.,-0.99990247649029));
#5047=DIRECTION('center_axis',(0.,-1.,0.));
#5048=DIRECTION('ref_axis',(-0.998628320723066,0.,0.0523591162055789));
#5049=DIRECTION('',(-0.999895126278872,0.,-0.0144822803370073));
#5050=DIRECTION('',(-0.999999978300013,0.,-0.000208326603925667));
#5051=DIRECTION('',(-0.999911593129798,0.,0.0132968388961315));
#5052=DIRECTION('center_axis',(0.,-1.,0.));
#5053=DIRECTION('ref_axis',(0.0521652682211384,0.,0.998638465507621));
#5054=DIRECTION('',(-0.0136471601093096,0.,0.999906873174173));
#5055=DIRECTION('',(-2.0806059306176E-15,0.,1.));
#5056=DIRECTION('',(1.,0.,0.));
#5057=DIRECTION('',(0.,0.,-1.));
#5058=DIRECTION('',(0.0136471601092647,0.,-0.999906873174173));
#5059=DIRECTION('center_axis',(0.,1.,0.));
#5060=DIRECTION('ref_axis',(0.0480664212666466,0.,0.998844141568952));
#5061=DIRECTION('',(0.999911593130049,0.,-0.0132968388772029));
#5062=DIRECTION('',(0.999999978300013,0.,0.000208326603883504));
#5063=DIRECTION('',(0.999895126278875,0.,0.0144822803367846));
#5064=DIRECTION('center_axis',(0.,1.,0.));
#5065=DIRECTION('ref_axis',(-0.998855399101389,0.,0.0478319107500876));
#5066=DIRECTION('',(0.0139655829903073,0.,0.999902476490453));
#5067=DIRECTION('',(1.,0.,0.));
#5068=DIRECTION('',(-0.000711923759659668,0.,0.999999746582248));
#5069=DIRECTION('center_axis',(-0.000711923759659668,0.,0.999999746582248));
#5070=DIRECTION('ref_axis',(0.,1.,0.));
#5071=DIRECTION('',(0.,1.,0.));
#5072=DIRECTION('',(0.999999746582248,0.,0.000711923759659668));
#5073=DIRECTION('',(0.,1.,0.));
#5074=DIRECTION('center_axis',(0.999999998491823,0.,5.49213386249458E-5));
#5075=DIRECTION('ref_axis',(5.49213386249458E-5,0.,-0.999999998491823));
#5076=DIRECTION('',(5.49213386249458E-5,0.,-0.999999998491823));
#5077=DIRECTION('',(5.49213386249458E-5,0.,-0.999999998491823));
#5078=DIRECTION('',(0.,-1.,0.));
#5079=DIRECTION('',(5.49213386249458E-5,0.,-0.999999998491823));
#5080=DIRECTION('',(0.,1.,0.));
#5081=DIRECTION('',(5.49213386249458E-5,0.,-0.999999998491823));
#5082=DIRECTION('',(0.,1.,0.));
#5083=DIRECTION('center_axis',(-0.999999998491823,0.,-5.49213386249458E-5));
#5084=DIRECTION('ref_axis',(-5.49213385758752E-5,0.,0.999999998491823));
#5085=DIRECTION('',(5.8071366366333E-21,1.,-1.05735525995309E-16));
#5086=DIRECTION('center_axis',(-0.999999998491823,0.,-5.49213386249458E-5));
#5087=DIRECTION('ref_axis',(-1.6005585433777E-20,1.,2.91427445591583E-16));
#5088=DIRECTION('',(5.49213386249458E-5,3.08395285083213E-16,-0.999999998491823));
#5089=DIRECTION('center_axis',(-0.999999998491823,0.,-5.49213386249458E-5));
#5090=DIRECTION('ref_axis',(-1.6005585433777E-20,1.,2.91427445591583E-16));
#5091=DIRECTION('',(2.32285465465332E-20,-1.,-4.22942103981235E-16));
#5092=DIRECTION('center_axis',(-0.999999998491823,0.,-5.49213386249458E-5));
#5093=DIRECTION('ref_axis',(1.6005585433777E-20,-1.,-2.91427445591583E-16));
#5094=DIRECTION('',(-5.49213386249458E-5,-2.89120579765512E-16,0.999999998491823));
#5095=DIRECTION('center_axis',(-0.999999998491823,0.,-5.49213386249458E-5));
#5096=DIRECTION('ref_axis',(1.6005585433777E-20,-1.,-2.91427445591583E-16));
#5097=DIRECTION('center_axis',(0.,1.,0.));
#5098=DIRECTION('ref_axis',(-1.,0.,0.));
#5099=DIRECTION('center_axis',(0.,-1.,0.));
#5100=DIRECTION('ref_axis',(-0.0472962064429451,0.,-0.998880908244875));
#5101=DIRECTION('',(0.0138635473673223,0.,-0.999903896409247));
#5102=DIRECTION('',(5.49213385861878E-5,0.,-0.999999998491823));
#5103=DIRECTION('',(-1.,0.,0.));
#5104=DIRECTION('',(-5.49213385760746E-5,0.,0.999999998491823));
#5105=DIRECTION('',(-0.0138635473673458,0.,0.999903896409247));
#5106=DIRECTION('center_axis',(0.,1.,0.));
#5107=DIRECTION('ref_axis',(-0.0441221323363249,0.,-0.999026144521802));
#5108=DIRECTION('center_axis',(0.,1.,0.));
#5109=DIRECTION('ref_axis',(-0.0441221323363249,0.,-0.999026144521802));
#5110=DIRECTION('center_axis',(0.,1.,0.));
#5111=DIRECTION('ref_axis',(-0.0441221323363249,0.,-0.999026144521802));
#5112=DIRECTION('',(-0.999901910117004,0.,0.0140060752663444));
#5113=DIRECTION('',(-1.,0.,0.));
#5114=DIRECTION('',(0.,0.,1.));
#5115=DIRECTION('',(1.,0.,0.));
#5116=DIRECTION('',(0.99990191011696,0.,-0.0140060752695057));
#5117=DIRECTION('center_axis',(0.,0.,1.));
#5118=DIRECTION('ref_axis',(1.,0.,0.));
#5119=DIRECTION('',(0.,1.,0.));
#5120=DIRECTION('',(1.,0.,0.));
#5121=DIRECTION('',(0.,1.,0.));
#5122=DIRECTION('',(1.,0.,0.));
#5123=DIRECTION('center_axis',(-1.,0.,0.));
#5124=DIRECTION('ref_axis',(0.,-2.91433543964103E-16,1.));
#5125=DIRECTION('',(0.,1.,0.));
#5126=DIRECTION('',(0.,-2.91433543964103E-16,1.));
#5127=DIRECTION('',(0.,-2.91433543964103E-16,1.));
#5128=DIRECTION('center_axis',(-0.999999746582248,0.,-0.000711923759659668));
#5129=DIRECTION('ref_axis',(-0.000711923759659668,0.,0.999999746582248));
#5130=DIRECTION('',(0.,-1.,0.));
#5131=DIRECTION('',(0.000711923759658312,0.,-0.999999746582248));
#5132=DIRECTION('',(0.000711923759658312,2.9143347010967E-16,-0.999999746582248));
#5133=DIRECTION('',(-0.000711923759658312,-2.9143347010967E-16,0.999999746582248));
#5134=DIRECTION('center_axis',(0.,1.,0.));
#5135=DIRECTION('ref_axis',(1.,0.,0.));
#5136=DIRECTION('center_axis',(0.,-1.,0.));
#5137=DIRECTION('ref_axis',(-0.0523977904919101,0.,-0.998626292239277));
#5138=DIRECTION('',(0.0138635473674742,0.,-0.999903896409245));
#5139=DIRECTION('',(-1.,0.,0.));
#5140=DIRECTION('',(-5.49213385861878E-5,0.,0.999999998491823));
#5141=DIRECTION('',(-0.0138635473673223,0.,0.999903896409247));
#5142=DIRECTION('center_axis',(0.,1.,0.));
#5143=DIRECTION('ref_axis',(-0.0472962064429451,0.,-0.998880908244875));
#5144=DIRECTION('',(-0.99990191011696,0.,0.0140060752695057));
#5145=DIRECTION('',(-1.,0.,0.));
#5146=DIRECTION('',(0.,0.,1.));
#5147=DIRECTION('',(1.,0.,-2.6098017375777E-15));
#5148=DIRECTION('',(0.999901910116693,0.,-0.0140060752885602));
#5149=DIRECTION('center_axis',(0.,-1.,-2.91433543964103E-16));
#5150=DIRECTION('ref_axis',(1.,0.,0.));
#5151=DIRECTION('',(-1.,0.,0.));
#5152=DIRECTION('center_axis',(-2.0747841173114E-19,1.,2.91433396255255E-16));
#5153=DIRECTION('ref_axis',(0.000711923759659576,2.9143347010967E-16,-0.999999746582248));
#5154=DIRECTION('center_axis',(1.,0.,0.));
#5155=DIRECTION('ref_axis',(0.,-0.00744017921330056,-0.999972321483587));
#5156=DIRECTION('center_axis',(-1.,0.,0.));
#5157=DIRECTION('ref_axis',(0.,-0.00744017921330056,-0.999972321483587));
#5158=DIRECTION('center_axis',(1.,0.,0.));
#5159=DIRECTION('ref_axis',(0.,-0.00744017921330056,-0.999972321483587));
#5160=DIRECTION('center_axis',(1.,0.,0.));
#5161=DIRECTION('ref_axis',(0.,-0.999972321483588,0.00744017921319468));
#5162=DIRECTION('center_axis',(-1.,0.,0.));
#5163=DIRECTION('ref_axis',(0.,-0.999972321483588,0.00744017921319468));
#5164=DIRECTION('center_axis',(1.,0.,0.));
#5165=DIRECTION('ref_axis',(0.,-0.999972321483588,0.00744017921319468));
#5166=DIRECTION('center_axis',(0.707106781186549,2.63204098641313E-15,0.707106781186546));
#5167=DIRECTION('ref_axis',(0.707106781186546,0.,-0.707106781186549));
#5168=DIRECTION('',(0.,-1.,3.72226805970732E-15));
#5169=DIRECTION('',(0.,1.,-3.72226805970732E-15));
#5170=DIRECTION('center_axis',(1.,0.,0.));
#5171=DIRECTION('ref_axis',(0.,-3.40857946156847E-15,1.));
#5172=DIRECTION('center_axis',(-1.,0.,0.));
#5173=DIRECTION('ref_axis',(0.,-3.40857946156847E-15,1.));
#5174=DIRECTION('',(0.707106781186546,-2.35513868802567E-15,0.707106781186549));
#5175=DIRECTION('center_axis',(1.,0.,0.));
#5176=DIRECTION('ref_axis',(0.,-3.40857946156847E-15,1.));
#5177=DIRECTION('center_axis',(0.707106781186548,1.04672830578917E-14,-0.707106781186548));
#5178=DIRECTION('ref_axis',(-0.707106781186548,0.,-0.707106781186548));
#5179=DIRECTION('',(0.707106781186548,-1.05981240961155E-14,0.707106781186548));
#5180=DIRECTION('',(0.,-1.,-1.48029736616686E-14));
#5181=DIRECTION('',(0.,1.,1.48029736616686E-14));
#5182=DIRECTION('center_axis',(1.,0.,0.));
#5183=DIRECTION('ref_axis',(0.,1.,0.));
#5184=DIRECTION('',(0.707106781186547,0.707106781186548,0.));
#5185=DIRECTION('center_axis',(1.,0.,0.));
#5186=DIRECTION('ref_axis',(0.,1.,0.));
#5187=DIRECTION('center_axis',(-1.,0.,0.));
#5188=DIRECTION('ref_axis',(0.,1.,0.));
#5189=DIRECTION('center_axis',(0.707106781186549,-0.707106781186546,-2.46162931396991E-16));
#5190=DIRECTION('ref_axis',(-3.48126956135142E-16,0.,-1.));
#5191=DIRECTION('',(0.,-3.48126956135143E-16,1.));
#5192=DIRECTION('',(0.,3.48126956135143E-16,-1.));
#5193=DIRECTION('center_axis',(0.,1.,0.));
#5194=DIRECTION('ref_axis',(-1.,0.,0.));
#5195=DIRECTION('',(0.,0.,1.));
#5196=DIRECTION('',(1.,0.,0.));
#5197=DIRECTION('',(0.,0.,-1.));
#5198=DIRECTION('center_axis',(-1.,0.,0.));
#5199=DIRECTION('ref_axis',(0.,-0.999972321483588,0.00744017921319468));
#5200=DIRECTION('',(-1.,0.,0.));
#5201=DIRECTION('center_axis',(-1.,0.,0.));
#5202=DIRECTION('ref_axis',(0.,-0.999972321483588,0.00744017921319468));
#5203=DIRECTION('',(-1.,0.,0.));
#5204=DIRECTION('center_axis',(-1.,0.,0.));
#5205=DIRECTION('ref_axis',(0.,-0.999972321483588,0.00744017921319468));
#5206=DIRECTION('center_axis',(0.,-3.72226805970732E-15,-1.));
#5207=DIRECTION('ref_axis',(0.,-1.,3.72226805970732E-15));
#5208=DIRECTION('',(-1.,0.,0.));
#5209=DIRECTION('',(0.,-1.,3.72226805970732E-15));
#5210=DIRECTION('center_axis',(-1.,0.,0.));
#5211=DIRECTION('ref_axis',(0.,-0.00744017921330056,-0.999972321483587));
#5212=DIRECTION('',(-1.,0.,0.));
#5213=DIRECTION('center_axis',(-1.,0.,0.));
#5214=DIRECTION('ref_axis',(0.,-0.00744017921330056,-0.999972321483587));
#5215=DIRECTION('center_axis',(0.,1.,3.48126956135143E-16));
#5216=DIRECTION('ref_axis',(0.,3.48126956135143E-16,-1.));
#5217=DIRECTION('',(-1.,0.,0.));
#5218=DIRECTION('',(0.,3.48126956135143E-16,-1.));
#5219=DIRECTION('center_axis',(-1.,0.,0.));
#5220=DIRECTION('ref_axis',(0.,1.,0.));
#5221=DIRECTION('',(-1.,0.,0.));
#5222=DIRECTION('center_axis',(-1.,0.,0.));
#5223=DIRECTION('ref_axis',(0.,1.,0.));
#5224=DIRECTION('center_axis',(0.,-1.48029736616686E-14,1.));
#5225=DIRECTION('ref_axis',(0.,1.,1.48029736616686E-14));
#5226=DIRECTION('',(-1.,0.,0.));
#5227=DIRECTION('',(0.,1.,1.48029736616686E-14));
#5228=DIRECTION('center_axis',(-1.,0.,0.));
#5229=DIRECTION('ref_axis',(0.,-3.40857946156847E-15,1.));
#5230=DIRECTION('center_axis',(-1.,0.,0.));
#5231=DIRECTION('ref_axis',(0.,-3.40857946156847E-15,1.));
#5232=DIRECTION('',(-1.,0.,0.));
#5233=DIRECTION('center_axis',(-1.,0.,0.));
#5234=DIRECTION('ref_axis',(0.,-3.40857946156847E-15,1.));
#5235=DIRECTION('center_axis',(0.,1.,0.));
#5236=DIRECTION('ref_axis',(1.,0.,0.));
#5237=DIRECTION('center_axis',(0.,1.,0.));
#5238=DIRECTION('ref_axis',(1.,0.,0.));
#5239=DIRECTION('',(0.,1.,0.));
#5240=DIRECTION('center_axis',(0.,1.,0.));
#5241=DIRECTION('ref_axis',(1.,0.,0.));
#5242=DIRECTION('center_axis',(0.,1.,0.));
#5243=DIRECTION('ref_axis',(1.,0.,0.));
#5244=DIRECTION('center_axis',(0.,-1.,0.));
#5245=DIRECTION('ref_axis',(1.,0.,0.));
#5246=DIRECTION('center_axis',(0.,1.,0.));
#5247=DIRECTION('ref_axis',(1.,0.,0.));
#5248=DIRECTION('center_axis',(0.,1.,0.));
#5249=DIRECTION('ref_axis',(1.,0.,0.));
#5250=DIRECTION('center_axis',(0.,1.,0.));
#5251=DIRECTION('ref_axis',(1.,0.,0.));
#5252=DIRECTION('center_axis',(0.,1.,0.));
#5253=DIRECTION('ref_axis',(1.,0.,0.));
#5254=DIRECTION('',(0.,1.,0.));
#5255=DIRECTION('center_axis',(0.,1.,0.));
#5256=DIRECTION('ref_axis',(1.,0.,0.));
#5257=DIRECTION('center_axis',(0.,1.,0.));
#5258=DIRECTION('ref_axis',(1.,0.,0.));
#5259=DIRECTION('center_axis',(0.,-1.,0.));
#5260=DIRECTION('ref_axis',(1.,0.,0.));
#5261=DIRECTION('center_axis',(0.,1.,0.));
#5262=DIRECTION('ref_axis',(1.,0.,0.));
#5263=DIRECTION('center_axis',(0.,1.,0.));
#5264=DIRECTION('ref_axis',(1.,0.,0.));
#5265=DIRECTION('center_axis',(0.,1.,0.));
#5266=DIRECTION('ref_axis',(1.,0.,0.));
#5267=DIRECTION('center_axis',(0.,1.,0.));
#5268=DIRECTION('ref_axis',(1.,0.,0.));
#5269=DIRECTION('',(0.,1.,0.));
#5270=DIRECTION('center_axis',(0.,1.,0.));
#5271=DIRECTION('ref_axis',(1.,0.,0.));
#5272=DIRECTION('center_axis',(0.,1.,0.));
#5273=DIRECTION('ref_axis',(1.,0.,0.));
#5274=DIRECTION('center_axis',(0.,-1.,0.));
#5275=DIRECTION('ref_axis',(1.,0.,0.));
#5276=DIRECTION('center_axis',(0.,1.,0.));
#5277=DIRECTION('ref_axis',(1.,0.,0.));
#5278=DIRECTION('center_axis',(0.,1.,0.));
#5279=DIRECTION('ref_axis',(1.,0.,0.));
#5280=DIRECTION('center_axis',(0.,1.,0.));
#5281=DIRECTION('ref_axis',(1.,0.,0.));
#5282=DIRECTION('center_axis',(0.,1.,0.));
#5283=DIRECTION('ref_axis',(1.,0.,0.));
#5284=DIRECTION('',(0.,1.,0.));
#5285=DIRECTION('center_axis',(0.,1.,0.));
#5286=DIRECTION('ref_axis',(1.,0.,0.));
#5287=DIRECTION('center_axis',(0.,1.,0.));
#5288=DIRECTION('ref_axis',(1.,0.,0.));
#5289=DIRECTION('center_axis',(0.,-1.,0.));
#5290=DIRECTION('ref_axis',(1.,0.,0.));
#5291=DIRECTION('center_axis',(0.,1.,0.));
#5292=DIRECTION('ref_axis',(1.,0.,0.));
#5293=DIRECTION('center_axis',(0.,1.,0.));
#5294=DIRECTION('ref_axis',(1.,0.,0.));
#5295=DIRECTION('center_axis',(0.,1.,0.));
#5296=DIRECTION('ref_axis',(1.,0.,0.));
#5297=DIRECTION('center_axis',(0.,1.,0.));
#5298=DIRECTION('ref_axis',(1.,0.,0.));
#5299=DIRECTION('',(0.,1.,0.));
#5300=DIRECTION('center_axis',(0.,1.,0.));
#5301=DIRECTION('ref_axis',(1.,0.,0.));
#5302=DIRECTION('center_axis',(0.,1.,0.));
#5303=DIRECTION('ref_axis',(1.,0.,0.));
#5304=DIRECTION('',(0.,1.,0.));
#5305=DIRECTION('center_axis',(0.,1.,0.));
#5306=DIRECTION('ref_axis',(1.,0.,0.));
#5307=DIRECTION('center_axis',(0.,1.,0.));
#5308=DIRECTION('ref_axis',(1.,0.,0.));
#5309=DIRECTION('',(0.,1.,0.));
#5310=DIRECTION('center_axis',(0.,1.,0.));
#5311=DIRECTION('ref_axis',(1.,0.,0.));
#5312=DIRECTION('center_axis',(0.,1.,0.));
#5313=DIRECTION('ref_axis',(1.,0.,0.));
#5314=DIRECTION('',(0.,1.,0.));
#5315=DIRECTION('center_axis',(0.,0.,-1.));
#5316=DIRECTION('ref_axis',(1.,0.,0.));
#5317=DIRECTION('',(-1.,0.,0.));
#5318=DIRECTION('',(0.,-1.,0.));
#5319=DIRECTION('',(1.,0.,0.));
#5320=DIRECTION('',(0.,-1.,0.));
#5321=DIRECTION('center_axis',(0.,0.,1.));
#5322=DIRECTION('ref_axis',(-1.,0.,0.));
#5323=DIRECTION('',(1.,0.,0.));
#5324=DIRECTION('',(0.,-1.,0.));
#5325=DIRECTION('',(-1.,0.,0.));
#5326=DIRECTION('',(0.,-1.,0.));
#5327=DIRECTION('center_axis',(0.,-1.,0.));
#5328=DIRECTION('ref_axis',(0.,0.,-1.));
#5329=DIRECTION('',(0.,0.,-1.));
#5330=DIRECTION('',(0.,0.,1.));
#5331=DIRECTION('center_axis',(0.,1.,0.));
#5332=DIRECTION('ref_axis',(1.,0.,0.));
#5333=DIRECTION('',(-1.,0.,0.));
#5334=DIRECTION('',(-0.999901749511631,0.,-0.0140175362877595));
#5335=DIRECTION('center_axis',(0.,1.,0.));
#5336=DIRECTION('ref_axis',(0.998873708532125,0.,-0.0474480179067513));
#5337=DIRECTION('',(-0.0140175362910167,0.,-0.999901749511586));
#5338=DIRECTION('',(0.,0.,-1.));
#5339=DIRECTION('',(-1.,0.,0.));
#5340=DIRECTION('',(-2.0806059306176E-15,0.,1.));
#5341=DIRECTION('',(0.0140175362909778,0.,0.999901749511586));
#5342=DIRECTION('center_axis',(0.,-1.,0.));
#5343=DIRECTION('ref_axis',(0.99862560388428,0.,-0.052410907898608));
#5344=DIRECTION('',(0.999901749511632,0.,0.0140175362877248));
#5345=DIRECTION('',(1.,0.,-2.6098017375777E-15));
#5346=DIRECTION('',(0.,0.,-1.));
#5347=DIRECTION('',(-1.,0.,0.));
#5348=DIRECTION('center_axis',(0.,0.,-1.));
#5349=DIRECTION('ref_axis',(0.,1.,0.));
#5350=DIRECTION('',(0.,-1.,0.));
#5351=DIRECTION('',(1.,0.,0.));
#5352=DIRECTION('',(0.,-1.,0.));
#5353=DIRECTION('',(1.,0.,0.));
#5354=DIRECTION('center_axis',(0.,-1.,0.));
#5355=DIRECTION('ref_axis',(0.,0.,-1.));
#5356=DIRECTION('',(0.,0.,1.));
#5357=DIRECTION('',(0.,0.,1.));
#5358=DIRECTION('',(-1.,0.,0.));
#5359=DIRECTION('center_axis',(-1.,0.,0.));
#5360=DIRECTION('ref_axis',(0.,0.,1.));
#5361=DIRECTION('',(0.,0.,-1.));
#5362=DIRECTION('',(0.,1.,0.));
#5363=DIRECTION('center_axis',(0.,0.,1.));
#5364=DIRECTION('ref_axis',(0.,-1.,0.));
#5365=DIRECTION('',(0.,1.,0.));
#5366=DIRECTION('',(1.,0.,0.));
#5367=DIRECTION('center_axis',(0.,1.,0.));
#5368=DIRECTION('ref_axis',(0.,0.,1.));
#5369=DIRECTION('',(0.,0.,-1.));
#5370=DIRECTION('center_axis',(1.,0.,0.));
#5371=DIRECTION('ref_axis',(0.,1.,0.));
#5372=DIRECTION('',(0.,1.,0.));
#5373=DIRECTION('',(0.,-1.,0.));
#5374=DIRECTION('',(0.,0.,1.));
#5375=DIRECTION('',(0.,1.,0.));
#5376=DIRECTION('',(0.,0.,-1.));
#5377=DIRECTION('center_axis',(-1.,0.,0.));
#5378=DIRECTION('ref_axis',(0.,-1.,0.));
#5379=DIRECTION('',(0.,-1.,0.));
#5380=DIRECTION('',(0.,-1.,0.));
#5381=DIRECTION('',(0.,0.,-1.));
#5382=DIRECTION('',(0.,1.,0.));
#5383=DIRECTION('center_axis',(0.,0.,1.));
#5384=DIRECTION('ref_axis',(1.,0.,0.));
#5385=DIRECTION('',(1.,0.,0.));
#5386=DIRECTION('',(0.,1.,0.));
#5387=DIRECTION('center_axis',(0.,1.,0.));
#5388=DIRECTION('ref_axis',(-1.,0.,0.));
#5389=DIRECTION('',(-1.,0.,0.));
#5390=DIRECTION('',(0.,0.,-1.));
#5391=DIRECTION('center_axis',(0.,-1.,0.));
#5392=DIRECTION('ref_axis',(1.,0.,0.));
#5393=DIRECTION('',(-1.,0.,2.6098017375777E-15));
#5394=DIRECTION('',(0.,0.,1.));
#5395=DIRECTION('',(1.,0.,0.));
#5396=DIRECTION('center_axis',(0.,-1.,0.));
#5397=DIRECTION('ref_axis',(1.,0.,0.));
#5398=DIRECTION('',(1.,0.,0.));
#5399=DIRECTION('',(0.,0.,1.));
#5400=DIRECTION('',(-1.,0.,2.6098017375777E-15));
#5401=DIRECTION('center_axis',(0.,0.999999995032015,-9.96793391846264E-5));
#5402=DIRECTION('ref_axis',(0.,9.96793391846264E-5,0.999999995032015));
#5403=DIRECTION('',(0.,-9.96793391846264E-5,-0.999999995032015));
#5404=DIRECTION('',(1.,0.,0.));
#5405=DIRECTION('',(0.,9.96793391846264E-5,0.999999995032015));
#5406=DIRECTION('',(1.,0.,0.));
#5407=DIRECTION('center_axis',(0.,-9.96793391957138E-5,-0.999999995032015));
#5408=DIRECTION('ref_axis',(0.,0.999999995032015,-9.96793391957138E-5));
#5409=DIRECTION('',(0.,-0.999999995032015,9.96793391957138E-5));
#5410=DIRECTION('',(0.,0.999999995032015,-9.96793391957139E-5));
#5411=DIRECTION('',(1.,0.,0.));
#5412=DIRECTION('center_axis',(0.,-0.999999995032015,9.96793391846264E-5));
#5413=DIRECTION('ref_axis',(0.,-9.96793391846264E-5,-0.999999995032015));
#5414=DIRECTION('',(0.,9.96793391846264E-5,0.999999995032015));
#5415=DIRECTION('',(0.,-9.96793391846264E-5,-0.999999995032015));
#5416=DIRECTION('',(1.,0.,0.));
#5417=DIRECTION('center_axis',(0.,9.96793391957138E-5,0.999999995032015));
#5418=DIRECTION('ref_axis',(0.,-0.999999995032015,9.96793391957138E-5));
#5419=DIRECTION('',(0.,0.999999995032015,-9.96793391957138E-5));
#5420=DIRECTION('',(0.,-0.999999995032015,9.96793391957139E-5));
#5421=DIRECTION('center_axis',(1.,0.,0.));
#5422=DIRECTION('ref_axis',(0.,0.,-1.));
#5423=DIRECTION('',(1.,0.,0.));
#5424=DIRECTION('',(1.,0.,0.));
#5425=DIRECTION('',(1.,0.,0.));
#5426=DIRECTION('',(1.,0.,0.));
#5427=DIRECTION('',(1.,0.,0.));
#5428=DIRECTION('',(1.,0.,0.));
#5429=DIRECTION('',(1.,0.,0.));
#5430=DIRECTION('',(1.,0.,0.));
#5431=DIRECTION('',(1.,0.,0.));
#5432=DIRECTION('',(1.,0.,0.));
#5433=DIRECTION('',(1.,0.,0.));
#5434=DIRECTION('',(1.,0.,0.));
#5435=DIRECTION('',(1.,0.,0.));
#5436=DIRECTION('',(1.,0.,0.));
#5437=DIRECTION('',(1.,0.,0.));
#5438=DIRECTION('',(1.,0.,0.));
#5439=DIRECTION('',(1.,0.,0.));
#5440=DIRECTION('',(1.,0.,0.));
#5441=DIRECTION('center_axis',(1.,0.,0.));
#5442=DIRECTION('ref_axis',(0.,0.,-1.));
#5443=DIRECTION('center_axis',(1.,0.,0.));
#5444=DIRECTION('ref_axis',(0.,0.,-1.));
#5445=DIRECTION('',(0.,1.,0.));
#5446=DIRECTION('',(0.,0.,-1.));
#5447=DIRECTION('',(0.,-1.,0.));
#5448=DIRECTION('',(0.,0.,-1.));
#5449=DIRECTION('',(0.,1.,0.));
#5450=DIRECTION('',(0.,0.,-1.));
#5451=DIRECTION('',(0.,1.,0.));
#5452=DIRECTION('center_axis',(0.,1.,0.));
#5453=DIRECTION('ref_axis',(1.,0.,0.));
#5454=DIRECTION('',(0.,1.,0.));
#5455=DIRECTION('center_axis',(0.,1.,0.));
#5456=DIRECTION('ref_axis',(1.,0.,0.));
#5457=DIRECTION('center_axis',(0.,1.,0.));
#5458=DIRECTION('ref_axis',(1.,0.,0.));
#5459=DIRECTION('center_axis',(0.,-1.,0.));
#5460=DIRECTION('ref_axis',(1.,0.,0.));
#5461=DIRECTION('center_axis',(0.,1.,0.));
#5462=DIRECTION('ref_axis',(1.,0.,0.));
#5463=DIRECTION('',(0.,1.,0.));
#5464=DIRECTION('center_axis',(0.,1.,0.));
#5465=DIRECTION('ref_axis',(1.,0.,0.));
#5466=DIRECTION('center_axis',(0.,1.,0.));
#5467=DIRECTION('ref_axis',(1.,0.,0.));
#5468=DIRECTION('center_axis',(0.,-1.,0.));
#5469=DIRECTION('ref_axis',(1.,0.,0.));
#5470=DIRECTION('center_axis',(0.,1.,0.));
#5471=DIRECTION('ref_axis',(1.,0.,0.));
#5472=DIRECTION('',(0.,1.,0.));
#5473=DIRECTION('center_axis',(0.,1.,0.));
#5474=DIRECTION('ref_axis',(1.,0.,0.));
#5475=DIRECTION('center_axis',(0.,1.,0.));
#5476=DIRECTION('ref_axis',(1.,0.,0.));
#5477=DIRECTION('center_axis',(0.,-1.,0.));
#5478=DIRECTION('ref_axis',(1.,0.,0.));
#5479=DIRECTION('center_axis',(0.,1.,0.));
#5480=DIRECTION('ref_axis',(1.,0.,0.));
#5481=DIRECTION('',(0.,1.,0.));
#5482=DIRECTION('center_axis',(0.,1.,0.));
#5483=DIRECTION('ref_axis',(1.,0.,0.));
#5484=DIRECTION('center_axis',(0.,1.,0.));
#5485=DIRECTION('ref_axis',(1.,0.,0.));
#5486=DIRECTION('center_axis',(0.,-1.,0.));
#5487=DIRECTION('ref_axis',(1.,0.,0.));
#5488=DIRECTION('center_axis',(-1.,0.,0.));
#5489=DIRECTION('ref_axis',(0.,-1.,0.));
#5490=DIRECTION('',(0.,1.,0.));
#5491=DIRECTION('',(0.,0.,1.));
#5492=DIRECTION('',(0.,-1.,0.));
#5493=DIRECTION('',(0.,0.,1.));
#5494=DIRECTION('center_axis',(0.,0.,1.));
#5495=DIRECTION('ref_axis',(-1.,0.,0.));
#5496=DIRECTION('center_axis',(-2.6098017375777E-15,0.,-1.));
#5497=DIRECTION('ref_axis',(-1.,0.,0.));
#5498=DIRECTION('center_axis',(0.,0.,1.));
#5499=DIRECTION('ref_axis',(-1.,0.,0.));
#5500=DIRECTION('',(0.,0.,1.));
#5501=DIRECTION('center_axis',(0.,1.,0.));
#5502=DIRECTION('ref_axis',(-1.,0.,0.));
#5503=DIRECTION('',(1.,0.,-2.6098017375777E-15));
#5504=DIRECTION('',(-1.,0.,0.));
#5505=DIRECTION('',(0.,0.,1.));
#5506=DIRECTION('center_axis',(0.,0.,1.));
#5507=DIRECTION('ref_axis',(0.,1.,0.));
#5508=DIRECTION('center_axis',(-2.6098017375777E-15,0.,-1.));
#5509=DIRECTION('ref_axis',(0.,1.,0.));
#5510=DIRECTION('center_axis',(0.,0.,1.));
#5511=DIRECTION('ref_axis',(0.,1.,0.));
#5512=DIRECTION('',(0.,0.,1.));
#5513=DIRECTION('center_axis',(1.,0.,0.));
#5514=DIRECTION('ref_axis',(0.,1.,0.));
#5515=DIRECTION('',(0.,-1.,0.));
#5516=DIRECTION('',(0.,1.,0.));
#5517=DIRECTION('',(0.,0.,1.));
#5518=DIRECTION('center_axis',(0.,0.,1.));
#5519=DIRECTION('ref_axis',(1.,-2.92163953848725E-16,0.));
#5520=DIRECTION('center_axis',(-2.6098017375777E-15,0.,-1.));
#5521=DIRECTION('ref_axis',(1.,-2.92163953848725E-16,0.));
#5522=DIRECTION('center_axis',(0.,0.,1.));
#5523=DIRECTION('ref_axis',(1.,-2.92163953848725E-16,0.));
#5524=DIRECTION('center_axis',(0.,0.,1.));
#5525=DIRECTION('ref_axis',(0.,-1.,0.));
#5526=DIRECTION('center_axis',(-2.6098017375777E-15,0.,-1.));
#5527=DIRECTION('ref_axis',(0.,-1.,0.));
#5528=DIRECTION('center_axis',(0.,0.,1.));
#5529=DIRECTION('ref_axis',(0.,-1.,0.));
#5530=DIRECTION('center_axis',(0.,-1.,-1.74063478067574E-16));
#5531=DIRECTION('ref_axis',(0.,-1.74063478067574E-16,1.));
#5532=DIRECTION('',(0.,-1.74063478067574E-16,1.));
#5533=DIRECTION('',(0.,-1.74063478067574E-16,1.));
#5534=DIRECTION('center_axis',(1.,0.,0.));
#5535=DIRECTION('ref_axis',(0.,0.,-1.));
#5536=DIRECTION('center_axis',(1.,0.,0.));
#5537=DIRECTION('ref_axis',(0.,-5.13992141030165E-16,1.));
#5538=DIRECTION('',(0.,-1.,-7.40148683083437E-15));
#5539=DIRECTION('center_axis',(1.,0.,0.));
#5540=DIRECTION('ref_axis',(0.,1.,0.));
#5541=DIRECTION('',(0.,-1.04351433102523E-15,1.));
#5542=DIRECTION('center_axis',(1.,0.,0.));
#5543=DIRECTION('ref_axis',(0.,-0.0108503851704666,-0.999941132838155));
#5544=DIRECTION('',(0.,1.,0.));
#5545=DIRECTION('center_axis',(1.,0.,0.));
#5546=DIRECTION('ref_axis',(0.,-0.999941132838157,0.0108503851702409));
#5547=DIRECTION('',(0.,2.60878582756315E-16,-1.));
#5548=DIRECTION('center_axis',(0.,1.,1.04351433102523E-15));
#5549=DIRECTION('ref_axis',(0.,-1.04351433102523E-15,1.));
#5550=DIRECTION('',(1.,0.,0.));
#5551=DIRECTION('',(-2.0806059306176E-15,-1.04351433102523E-15,1.));
#5552=DIRECTION('',(1.,0.,0.));
#5553=DIRECTION('center_axis',(1.,0.,0.));
#5554=DIRECTION('ref_axis',(0.,1.,0.));
#5555=DIRECTION('',(1.,0.,0.));
#5556=DIRECTION('center_axis',(1.,0.,2.0806059306176E-15));
#5557=DIRECTION('ref_axis',(0.,1.,0.));
#5558=DIRECTION('center_axis',(0.,-7.40148683083437E-15,1.));
#5559=DIRECTION('ref_axis',(0.,-1.,-7.40148683083437E-15));
#5560=DIRECTION('',(-1.,0.,0.));
#5561=DIRECTION('',(1.53995773956221E-29,-1.,-7.40148683083437E-15));
#5562=DIRECTION('center_axis',(1.,0.,0.));
#5563=DIRECTION('ref_axis',(0.,-5.13992141030165E-16,1.));
#5564=DIRECTION('',(1.,0.,0.));
#5565=DIRECTION('center_axis',(1.,0.,2.0806059306176E-15));
#5566=DIRECTION('ref_axis',(0.,-5.13992141030165E-16,1.));
#5567=DIRECTION('center_axis',(-1.,0.,0.));
#5568=DIRECTION('ref_axis',(0.,0.,1.));
#5569=DIRECTION('',(0.,1.,0.));
#5570=DIRECTION('',(0.,1.,0.));
#5571=DIRECTION('center_axis',(0.,1.,0.));
#5572=DIRECTION('ref_axis',(0.,0.,1.));
#5573=DIRECTION('',(-2.0806059306176E-15,0.,1.));
#5574=DIRECTION('',(1.,0.,0.));
#5575=DIRECTION('',(1.,0.,0.));
#5576=DIRECTION('center_axis',(0.,0.,1.));
#5577=DIRECTION('ref_axis',(0.,-1.,0.));
#5578=DIRECTION('',(0.,-1.,0.));
#5579=DIRECTION('center_axis',(0.,0.,-1.));
#5580=DIRECTION('ref_axis',(0.,1.,0.));
#5581=DIRECTION('',(0.,-1.,0.));
#5582=DIRECTION('',(-1.,0.,0.));
#5583=DIRECTION('',(0.,1.,0.));
#5584=DIRECTION('center_axis',(-1.,0.,-2.0806059306176E-15));
#5585=DIRECTION('ref_axis',(-2.0806059306176E-15,0.,1.));
#5586=DIRECTION('',(0.,1.,0.));
#5587=DIRECTION('',(-2.0806059306176E-15,0.,1.));
#5588=DIRECTION('',(0.,1.,0.));
#5589=DIRECTION('',(2.0806059306176E-15,2.60878582756315E-16,-1.));
#5590=DIRECTION('center_axis',(1.,0.,2.0806059306176E-15));
#5591=DIRECTION('ref_axis',(0.,-0.999941132838157,0.0108503851702409));
#5592=DIRECTION('',(0.,1.,0.));
#5593=DIRECTION('center_axis',(1.,0.,2.0806059306176E-15));
#5594=DIRECTION('ref_axis',(0.,-0.0108503851704666,-0.999941132838155));
#5595=DIRECTION('center_axis',(0.,1.,0.));
#5596=DIRECTION('ref_axis',(0.,0.,1.));
#5597=DIRECTION('center_axis',(0.,-1.,0.));
#5598=DIRECTION('ref_axis',(-0.707219419238776,0.,0.706994125188865));
#5599=DIRECTION('center_axis',(0.,1.,0.));
#5600=DIRECTION('ref_axis',(-0.707219419238776,0.,0.706994125188865));
#5601=DIRECTION('center_axis',(0.999895126278872,0.,0.0144822803369951));
#5602=DIRECTION('ref_axis',(-0.0102405186333329,0.707106781186551,0.707032624267166));
#5603=DIRECTION('',(0.999895126278872,0.,0.0144822803369951));
#5604=DIRECTION('',(-0.999895126278872,0.,-0.0144822803369951));
#5605=DIRECTION('center_axis',(0.999999978300013,0.,0.000208326603883506));
#5606=DIRECTION('ref_axis',(-0.000147309154310555,0.70710678118655,0.707106765842337));
#5607=DIRECTION('',(0.999999978300013,0.,0.000208326603883506));
#5608=DIRECTION('',(-0.999999978300013,0.,-0.000208326603883506));
#5609=DIRECTION('center_axis',(-0.0138635473675722,0.,0.999903896409244));
#5610=DIRECTION('ref_axis',(-0.707038825685824,0.707106781186551,-0.00980300835490942));
#5611=DIRECTION('',(0.0138635473675722,0.,-0.999903896409243));
#5612=DIRECTION('',(-0.0138635473675722,0.,0.999903896409243));
#5613=DIRECTION('center_axis',(0.,1.,0.));
#5614=DIRECTION('ref_axis',(0.,0.,1.));
#5615=DIRECTION('center_axis',(0.,-1.,0.));
#5616=DIRECTION('ref_axis',(-0.707102509790848,0.,-0.707111052556445));
#5617=DIRECTION('center_axis',(0.,1.,0.));
#5618=DIRECTION('ref_axis',(-0.707102509790848,0.,-0.707111052556445));
#5619=DIRECTION('center_axis',(0.0136471601092262,0.,-0.999906873174174));
#5620=DIRECTION('ref_axis',(0.707040930576493,0.70710678118655,0.0096499994571729));
#5621=DIRECTION('',(0.0136471601092262,0.,-0.999906873174174));
#5622=DIRECTION('',(-0.0136471601092262,0.,0.999906873174174));
#5623=DIRECTION('center_axis',(0.,0.,-1.));
#5624=DIRECTION('ref_axis',(0.707106781186544,0.707106781186551,0.));
#5625=DIRECTION('',(0.,0.,1.));
#5626=DIRECTION('center_axis',(-0.999901749511631,0.,-0.0140175362877627));
#5627=DIRECTION('ref_axis',(0.00991189496460851,0.707106781186547,-0.707037307599968));
#5628=DIRECTION('',(0.999901749511631,0.,0.0140175362877627));
#5629=DIRECTION('',(-0.999901749511631,0.,-0.0140175362877627));
#5630=DIRECTION('center_axis',(0.,1.,0.));
#5631=DIRECTION('ref_axis',(0.,0.,1.));
#5632=DIRECTION('center_axis',(0.,-1.,0.));
#5633=DIRECTION('ref_axis',(0.707106781186534,0.,-0.707106781186561));
#5634=DIRECTION('center_axis',(0.,1.,0.));
#5635=DIRECTION('ref_axis',(0.707106781186534,0.,-0.707106781186561));
#5636=DIRECTION('center_axis',(-0.0140175362877885,0.,-0.999901749511631));
#5637=DIRECTION('ref_axis',(0.707037307599964,0.70710678118655,-0.00991189496462426));
#5638=DIRECTION('',(-0.0140175362877885,0.,-0.999901749511631));
#5639=DIRECTION('',(0.0140175362877885,0.,0.999901749511631));
#5640=DIRECTION('center_axis',(-1.,0.,0.));
#5641=DIRECTION('ref_axis',(0.,0.707106781186551,-0.707106781186544));
#5642=DIRECTION('',(1.,0.,0.));
#5643=DIRECTION('',(-1.,0.,0.));
#5644=DIRECTION('center_axis',(-0.999901910117004,0.,0.0140060752663539));
#5645=DIRECTION('ref_axis',(-0.00990379079864884,0.707106781186548,-0.707037421165114));
#5646=DIRECTION('',(0.999901910117004,0.,-0.0140060752663539));
#5647=DIRECTION('',(-0.999901910117004,0.,0.0140060752663539));
#5648=DIRECTION('center_axis',(0.,1.,0.));
#5649=DIRECTION('ref_axis',(0.,0.,1.));
#5650=DIRECTION('center_axis',(0.,1.,0.));
#5651=DIRECTION('ref_axis',(0.707022164402988,0.,0.70719138784555));
#5652=DIRECTION('center_axis',(0.,-1.,0.));
#5653=DIRECTION('ref_axis',(0.707022164402987,0.,0.70719138784555));
#5654=DIRECTION('center_axis',(0.999911593130176,0.,-0.0132968388676634));
#5655=DIRECTION('ref_axis',(0.00940228493167366,0.707106781186551,0.707044268089388));
#5656=DIRECTION('',(0.999911593130176,0.,-0.0132968388676634));
#5657=DIRECTION('',(-0.999911593130176,0.,0.0132968388676634));
#5658=DIRECTION('center_axis',(-5.49213385759005E-5,0.,0.999999998491823));
#5659=DIRECTION('ref_axis',(-0.707106780120101,0.707106781186552,-3.88352509380586E-5));
#5660=DIRECTION('',(5.49213385759005E-5,0.,-0.999999998491823));
#5661=DIRECTION('',(-5.49213385759005E-5,0.,0.999999998491823));
#5662=DIRECTION('center_axis',(0.0139655829891162,0.,0.99990247649047));
#5663=DIRECTION('ref_axis',(-0.707037821651629,0.707106781186552,0.00987515843482828));
#5664=DIRECTION('',(-0.0139655829891162,0.,-0.99990247649047));
#5665=DIRECTION('',(0.0139655829891162,0.,0.99990247649047));
#5666=DIRECTION('center_axis',(0.,1.,0.));
#5667=DIRECTION('ref_axis',(-0.99898543030674,0.,0.0450345426851234));
#5668=DIRECTION('',(0.,1.,0.));
#5669=DIRECTION('',(0.,1.,0.));
#5670=DIRECTION('center_axis',(-0.99990247649047,0.,0.0139655829891162));
#5671=DIRECTION('ref_axis',(0.0139655829891162,0.,0.99990247649047));
#5672=DIRECTION('',(0.,1.,0.));
#5673=DIRECTION('center_axis',(-0.999999998491823,0.,-5.49213385759005E-5));
#5674=DIRECTION('ref_axis',(-5.49213385759005E-5,0.,0.999999998491823));
#5675=DIRECTION('',(0.,1.,0.));
#5676=DIRECTION('',(-5.49213385760746E-5,0.,0.999999998491823));
#5677=DIRECTION('',(-5.80713663144748E-21,-1.,1.05735525995309E-16));
#5678=DIRECTION('center_axis',(0.999999998491823,0.,5.49213385759005E-5));
#5679=DIRECTION('ref_axis',(1.6005585433777E-20,-1.,-2.91427445591583E-16));
#5680=DIRECTION('',(5.49213385759005E-5,2.89120579765512E-16,-0.999999998491823));
#5681=DIRECTION('center_axis',(0.999999998491823,0.,5.49213385759005E-5));
#5682=DIRECTION('ref_axis',(1.6005585433777E-20,-1.,-2.91427445591583E-16));
#5683=DIRECTION('',(-2.32285465257899E-20,1.,4.22942103981235E-16));
#5684=DIRECTION('center_axis',(0.999999998491823,0.,5.49213385759005E-5));
#5685=DIRECTION('ref_axis',(-1.6005585433777E-20,1.,2.91427445591583E-16));
#5686=DIRECTION('',(-5.49213385759005E-5,-3.08395285083213E-16,0.999999998491823));
#5687=DIRECTION('center_axis',(0.999999998491823,0.,5.49213385759005E-5));
#5688=DIRECTION('ref_axis',(-1.6005585433777E-20,1.,2.91427445591583E-16));
#5689=DIRECTION('center_axis',(0.999999998491823,0.,5.49213385759005E-5));
#5690=DIRECTION('ref_axis',(-5.49213385758752E-5,0.,0.999999998491823));
#5691=DIRECTION('center_axis',(-0.999903896409244,0.,-0.0138635473675722));
#5692=DIRECTION('ref_axis',(-0.0138635473675722,0.,0.999903896409243));
#5693=DIRECTION('',(0.,1.,0.));
#5694=DIRECTION('center_axis',(0.,1.,0.));
#5695=DIRECTION('ref_axis',(-0.0450735955907002,0.,-0.998983669025939));
#5696=DIRECTION('',(0.,1.,0.));
#5697=DIRECTION('center_axis',(-0.0140060752663539,0.,-0.999901910117004));
#5698=DIRECTION('ref_axis',(-0.999901910117004,0.,0.0140060752663539));
#5699=DIRECTION('',(0.,1.,0.));
#5700=DIRECTION('center_axis',(0.,0.,-1.));
#5701=DIRECTION('ref_axis',(-1.,0.,0.));
#5702=DIRECTION('',(0.,1.,0.));
#5703=DIRECTION('',(-1.,0.,0.));
#5704=DIRECTION('',(0.,1.,0.));
#5705=DIRECTION('',(0.,1.,0.));
#5706=DIRECTION('center_axis',(0.0140175362877627,0.,-0.999901749511631));
#5707=DIRECTION('ref_axis',(-0.999901749511631,0.,-0.0140175362877627));
#5708=DIRECTION('',(0.,1.,0.));
#5709=DIRECTION('',(-0.999901749511631,0.,-0.0140175362877602));
#5710=DIRECTION('center_axis',(0.,1.,0.));
#5711=DIRECTION('ref_axis',(1.,0.,0.));
#5712=DIRECTION('',(-1.,0.,-2.24012730389475E-15));
#5713=DIRECTION('center_axis',(0.,-1.,0.));
#5714=DIRECTION('ref_axis',(-0.998946812992492,0.,0.0458831648008675));
#5715=DIRECTION('',(-4.0039207911686E-16,0.,-1.));
#5716=DIRECTION('center_axis',(0.,-1.,0.));
#5717=DIRECTION('ref_axis',(-0.0552342221854417,0.,-0.998473425134374));
#5718=DIRECTION('',(1.,0.,-1.4968237537293E-13));
#5719=DIRECTION('center_axis',(0.,-1.,0.));
#5720=DIRECTION('ref_axis',(1.,0.,0.));
#5721=DIRECTION('',(2.58951928797395E-14,0.,1.));
#5722=DIRECTION('center_axis',(0.,-1.,0.));
#5723=DIRECTION('ref_axis',(9.86864910777154E-15,0.,1.));
#5724=DIRECTION('center_axis',(0.,1.,0.));
#5725=DIRECTION('ref_axis',(-1.,0.,0.));
#5726=DIRECTION('',(0.,0.,1.));
#5727=DIRECTION('',(0.0140175362910167,0.,0.999901749511586));
#5728=DIRECTION('center_axis',(0.,-1.,0.));
#5729=DIRECTION('ref_axis',(0.998873708532125,0.,-0.0474480179067513));
#5730=DIRECTION('',(0.999901749511631,0.,0.0140175362877595));
#5731=DIRECTION('',(1.,0.,0.));
#5732=DIRECTION('',(0.,0.,1.));
#5733=DIRECTION('center_axis',(0.,1.,0.));
#5734=DIRECTION('ref_axis',(0.999020033158106,0.,-0.0442602908799472));
#5735=DIRECTION('',(-0.0140175362878915,0.,-0.999901749511629));
#5736=DIRECTION('center_axis',(0.,0.,-1.));
#5737=DIRECTION('ref_axis',(-1.,0.,0.));
#5738=DIRECTION('',(-1.,0.,0.));
#5739=DIRECTION('',(0.,1.,0.));
#5740=DIRECTION('',(-1.,0.,0.));
#5741=DIRECTION('center_axis',(0.,1.,0.));
#5742=DIRECTION('ref_axis',(0.,0.,1.));
#5743=DIRECTION('center_axis',(0.,1.,0.));
#5744=DIRECTION('ref_axis',(0.,0.,1.));
#5745=DIRECTION('center_axis',(0.999999998491823,0.,5.49213385861878E-5));
#5746=DIRECTION('ref_axis',(5.49213385861878E-5,0.,-0.999999998491823));
#5747=DIRECTION('',(0.,1.,0.));
#5748=DIRECTION('center_axis',(0.,0.,1.));
#5749=DIRECTION('ref_axis',(1.,0.,0.));
#5750=DIRECTION('',(0.,1.,0.));
#5751=DIRECTION('center_axis',(0.0140060752695057,0.,0.99990191011696));
#5752=DIRECTION('ref_axis',(0.99990191011696,0.,-0.0140060752695057));
#5753=DIRECTION('',(0.,1.,0.));
#5754=DIRECTION('center_axis',(0.,1.,0.));
#5755=DIRECTION('ref_axis',(-0.0472962064429451,0.,-0.998880908244875));
#5756=DIRECTION('',(0.,1.,0.));
#5757=DIRECTION('center_axis',(0.999903896409247,0.,0.0138635473673223));
#5758=DIRECTION('ref_axis',(0.0138635473673223,0.,-0.999903896409247));
#5759=DIRECTION('center_axis',(0.999902476490453,0.,-0.0139655829903073));
#5760=DIRECTION('ref_axis',(-0.0139655829903073,0.,-0.999902476490453));
#5761=DIRECTION('',(0.,1.,0.));
#5762=DIRECTION('center_axis',(0.,1.,0.));
#5763=DIRECTION('ref_axis',(-0.998855399101389,0.,0.0478319107500876));
#5764=DIRECTION('',(0.,1.,0.));
#5765=DIRECTION('center_axis',(0.0144822803367846,0.,-0.999895126278875));
#5766=DIRECTION('ref_axis',(-0.999895126278875,0.,-0.0144822803367846));
#5767=DIRECTION('',(0.,1.,0.));
#5768=DIRECTION('center_axis',(0.000208326603883504,0.,-0.999999978300013));
#5769=DIRECTION('ref_axis',(-0.999999978300013,0.,-0.000208326603883504));
#5770=DIRECTION('',(0.,1.,0.));
#5771=DIRECTION('center_axis',(-0.0132968388772029,0.,-0.99991159313005));
#5772=DIRECTION('ref_axis',(-0.999911593130049,0.,0.0132968388772029));
#5773=DIRECTION('',(0.,1.,0.));
#5774=DIRECTION('center_axis',(0.,1.,0.));
#5775=DIRECTION('ref_axis',(0.0480664212666466,0.,0.998844141568952));
#5776=DIRECTION('',(0.,1.,0.));
#5777=DIRECTION('center_axis',(-0.999906873174173,0.,-0.0136471601092647));
#5778=DIRECTION('ref_axis',(-0.0136471601092647,0.,0.999906873174173));
#5779=DIRECTION('center_axis',(-1.,0.,0.));
#5780=DIRECTION('ref_axis',(0.,0.,1.));
#5781=DIRECTION('',(0.,1.,0.));
#5782=DIRECTION('center_axis',(-0.999901749511586,0.,0.0140175362910167));
#5783=DIRECTION('ref_axis',(0.0140175362910167,0.,0.999901749511586));
#5784=DIRECTION('',(0.,1.,0.));
#5785=DIRECTION('center_axis',(0.,1.,0.));
#5786=DIRECTION('ref_axis',(0.998873708532125,0.,-0.0474480179067513));
#5787=DIRECTION('',(0.,1.,0.));
#5788=DIRECTION('center_axis',(-0.0140175362877595,0.,0.999901749511631));
#5789=DIRECTION('ref_axis',(0.999901749511631,0.,0.0140175362877595));
#5790=DIRECTION('',(0.,1.,0.));
#5791=DIRECTION('center_axis',(0.,0.,1.));
#5792=DIRECTION('ref_axis',(1.,0.,0.));
#5793=DIRECTION('',(0.,1.,0.));
#5794=DIRECTION('center_axis',(-1.,0.,0.));
#5795=DIRECTION('ref_axis',(0.,0.,1.));
#5796=DIRECTION('center_axis',(1.,0.,0.));
#5797=DIRECTION('ref_axis',(0.,0.,-1.));
#5798=DIRECTION('center_axis',(-0.999999998491823,0.,-5.49213385758752E-5));
#5799=DIRECTION('ref_axis',(-5.49213385758752E-5,0.,0.999999998491823));
#5800=DIRECTION('',(-0.999999998491823,0.,-5.49213385758752E-5));
#5801=DIRECTION('center_axis',(5.49213385758752E-5,4.22942104619107E-16,
-0.999999998491823));
#5802=DIRECTION('ref_axis',(8.45906855686406E-16,-1.,-4.22895646920083E-16));
#5803=DIRECTION('',(-0.999999998491823,0.,-5.49213385758752E-5));
#5804=DIRECTION('',(-0.999999998491823,0.,-5.49213385758752E-5));
#5805=DIRECTION('',(-0.999999998491823,0.,-5.49213385758752E-5));
#5806=DIRECTION('center_axis',(1.5878889250555E-20,-1.,-2.89120579329468E-16));
#5807=DIRECTION('ref_axis',(-5.49213385759005E-5,-2.89120579765512E-16,
0.999999998491823));
#5808=DIRECTION('',(-0.999999998491823,0.,-5.49213385758752E-5));
#5809=DIRECTION('',(-0.999999998491823,0.,-5.49213385758752E-5));
#5810=DIRECTION('center_axis',(-5.49213385758752E-5,1.05735526154777E-16,
0.999999998491823));
#5811=DIRECTION('ref_axis',(6.38795922209845E-21,1.,-1.05735525963409E-16));
#5812=DIRECTION('',(0.999999998491823,0.,5.49213385758752E-5));
#5813=DIRECTION('',(-0.999999998491823,0.,-5.49213385758752E-5));
#5814=DIRECTION('center_axis',(-1.69374818672587E-20,1.,3.08395284618099E-16));
#5815=DIRECTION('ref_axis',(5.49213385759005E-5,3.08395285083213E-16,-0.999999998491823));
#5816=DIRECTION('',(-0.999999998491823,0.,-5.49213385758752E-5));
#5817=DIRECTION('center_axis',(0.,1.,0.));
#5818=DIRECTION('ref_axis',(-0.6583339085674,0.,-0.752726022421419));
#5819=DIRECTION('center_axis',(0.,-1.,0.));
#5820=DIRECTION('ref_axis',(-0.658333908567399,0.,-0.75272602242142));
#5821=DIRECTION('center_axis',(0.,1.,0.));
#5822=DIRECTION('ref_axis',(-0.658333908567399,0.,-0.75272602242142));
#5823=DIRECTION('center_axis',(0.,-1.,0.));
#5824=DIRECTION('ref_axis',(-0.658333908567399,0.,-0.75272602242142));
#5825=DIRECTION('center_axis',(0.,1.,0.));
#5826=DIRECTION('ref_axis',(1.,0.,0.));
#5827=DIRECTION('center_axis',(0.,-1.,0.));
#5828=DIRECTION('ref_axis',(0.99862560388428,0.,-0.052410907898608));
#5829=DIRECTION('',(0.0140175362909778,0.,0.999901749511586));
#5830=DIRECTION('',(-0.0136471601093096,0.,0.999906873174173));
#5831=DIRECTION('center_axis',(0.,-1.,0.));
#5832=DIRECTION('ref_axis',(0.0521652682211384,0.,0.998638465507621));
#5833=DIRECTION('',(-0.999911593129798,0.,0.0132968388961315));
#5834=DIRECTION('',(-0.999999978300013,0.,-0.000208326603925667));
#5835=DIRECTION('',(-0.999895126278872,0.,-0.0144822803370073));
#5836=DIRECTION('center_axis',(0.,-1.,0.));
#5837=DIRECTION('ref_axis',(-0.998628320723066,0.,0.0523591162055789));
#5838=DIRECTION('',(-0.0139655830019592,0.,-0.99990247649029));
#5839=DIRECTION('',(0.0138635473674742,0.,-0.999903896409245));
#5840=DIRECTION('center_axis',(0.,-1.,0.));
#5841=DIRECTION('ref_axis',(-0.0523977904919101,0.,-0.998626292239277));
#5842=DIRECTION('',(0.999901910116693,0.,-0.0140060752885602));
#5843=DIRECTION('',(1.,0.,-2.6098017375777E-15));
#5844=DIRECTION('',(0.999901749511632,0.,0.0140175362877248));
#5845=DIRECTION('',(0.999999980431801,0.,0.000197829214588974));
#5846=DIRECTION('',(0.999912930347776,0.,-0.0131958979734119));
#5847=DIRECTION('center_axis',(0.,1.,0.));
#5848=DIRECTION('ref_axis',(0.0558805164819867,0.,0.998437463178193));
#5849=DIRECTION('center_axis',(0.,1.,0.));
#5850=DIRECTION('ref_axis',(1.,0.,0.));
#5851=DIRECTION('',(0.,0.,-1.));
#5852=DIRECTION('',(-1.32145571912073E-14,0.,-1.));
#5853=DIRECTION('',(-1.,0.,1.24344978758028E-14));
#5854=DIRECTION('',(-1.32076419942583E-14,0.,-1.));
#5855=DIRECTION('',(-1.,0.,1.49828656175983E-13));
#5856=DIRECTION('',(7.10088279261362E-16,0.,1.));
#5857=DIRECTION('',(1.,0.,-9.14704860659229E-16));
#5858=DIRECTION('',(-1.32076419942583E-14,0.,-1.));
#5859=DIRECTION('',(1.,0.,-1.24344978757993E-14));
#5860=DIRECTION('',(-1.,0.,0.));
#5861=DIRECTION('',(-0.999901993774821,0.,0.0140001016117088));
#5862=DIRECTION('center_axis',(0.,1.,0.));
#5863=DIRECTION('ref_axis',(-0.0560455238864726,0.,-0.998428214371114));
#5864=DIRECTION('center_axis',(0.,1.,0.));
#5865=DIRECTION('ref_axis',(1.,0.,0.));
#5866=DIRECTION('center_axis',(0.,1.,0.));
#5867=DIRECTION('ref_axis',(-0.0560455238864726,0.,-0.998428214371114));
#5868=DIRECTION('',(-0.0147072630071197,0.,0.999891842358382));
#5869=DIRECTION('',(-0.000711923759659576,0.,0.999999746582248));
#5870=DIRECTION('center_axis',(0.,-1.,0.));
#5871=DIRECTION('ref_axis',(0.739976772147054,0.,0.672632423157571));
#5872=DIRECTION('',(-0.000711923759659576,0.,0.999999746582248));
#5873=DIRECTION('',(0.0124806942775269,0.,0.999922113101991));
#5874=DIRECTION('center_axis',(0.,1.,0.));
#5875=DIRECTION('ref_axis',(-0.998465117209422,0.,0.0553842009599764));
#5876=DIRECTION('center_axis',(0.,1.,0.));
#5877=DIRECTION('ref_axis',(1.,0.,0.));
#5878=DIRECTION('center_axis',(0.,1.,0.));
#5879=DIRECTION('ref_axis',(-0.998465117209422,0.,0.0553842009599764));
#5880=DIRECTION('',(0.999906180285169,0.,0.0136978329498614));
#5881=DIRECTION('',(0.999999980431801,0.,0.000197829214588974));
#5882=DIRECTION('center_axis',(0.,-1.,0.));
#5883=DIRECTION('ref_axis',(0.727888814677738,0.,-0.685695175327228));
#5884=DIRECTION('',(0.,0.,-1.));
#5885=DIRECTION('',(-0.0140175362879432,0.,-0.999901749511629));
#5886=DIRECTION('center_axis',(0.,1.,0.));
#5887=DIRECTION('ref_axis',(1.,0.,0.));
#5888=DIRECTION('',(-1.,0.,0.));
#5889=DIRECTION('center_axis',(0.,-1.,0.));
#5890=DIRECTION('ref_axis',(-0.724358275497332,0.,0.689423736695025));
#5891=DIRECTION('center_axis',(0.,1.,0.));
#5892=DIRECTION('ref_axis',(-0.658333908567399,0.,-0.75272602242142));
#5893=DIRECTION('',(0.,1.,0.));
#5894=DIRECTION('center_axis',(0.,1.,0.));
#5895=DIRECTION('ref_axis',(1.,0.,0.));
#5896=DIRECTION('',(0.,1.,0.));
#5897=DIRECTION('center_axis',(0.,1.,0.));
#5898=DIRECTION('ref_axis',(0.,0.,1.));
#5899=DIRECTION('center_axis',(0.,1.,0.));
#5900=DIRECTION('ref_axis',(-0.724358275497332,0.,0.689423736695025));
#5901=DIRECTION('center_axis',(0.,1.,0.));
#5902=DIRECTION('ref_axis',(-0.724358275497332,0.,0.689423736695025));
#5903=DIRECTION('',(0.,1.,0.));
#5904=DIRECTION('center_axis',(0.,1.,0.));
#5905=DIRECTION('ref_axis',(1.,0.,0.));
#5906=DIRECTION('',(0.,1.,0.));
#5907=DIRECTION('center_axis',(0.,1.,0.));
#5908=DIRECTION('ref_axis',(0.727888814677737,0.,-0.685695175327228));
#5909=DIRECTION('center_axis',(0.,1.,0.));
#5910=DIRECTION('ref_axis',(0.727888814677738,0.,-0.685695175327228));
#5911=DIRECTION('center_axis',(0.,1.,0.));
#5912=DIRECTION('ref_axis',(1.,0.,0.));
#5913=DIRECTION('',(0.,1.,0.));
#5914=DIRECTION('center_axis',(0.,1.,0.));
#5915=DIRECTION('ref_axis',(1.,0.,0.));
#5916=DIRECTION('',(0.,1.,0.));
#5917=DIRECTION('center_axis',(0.,1.,0.));
#5918=DIRECTION('ref_axis',(0.,0.,1.));
#5919=DIRECTION('center_axis',(0.,1.,0.));
#5920=DIRECTION('ref_axis',(0.739976772147054,0.,0.672632423157571));
#5921=DIRECTION('center_axis',(0.,1.,0.));
#5922=DIRECTION('ref_axis',(1.,0.,0.));
#5923=DIRECTION('',(0.,1.,0.));
#5924=DIRECTION('center_axis',(0.,1.,0.));
#5925=DIRECTION('ref_axis',(1.,0.,0.));
#5926=DIRECTION('',(0.,1.,0.));
#5927=DIRECTION('center_axis',(0.,0.,-1.));
#5928=DIRECTION('ref_axis',(0.,1.,0.));
#5929=DIRECTION('',(1.,0.,0.));
#5930=DIRECTION('',(1.,0.,0.));
#5931=DIRECTION('center_axis',(1.,0.,0.));
#5932=DIRECTION('ref_axis',(0.,-0.0108503851704666,-0.999941132838155));
#5933=DIRECTION('center_axis',(1.,0.,0.));
#5934=DIRECTION('ref_axis',(0.,-0.999941132838157,0.0108503851702409));
#5935=DIRECTION('',(1.,0.,0.));
#5936=DIRECTION('center_axis',(0.,-1.,-2.60878582756315E-16));
#5937=DIRECTION('ref_axis',(0.,2.60878582756315E-16,-1.));
#5938=DIRECTION('center_axis',(0.,1.,0.));
#5939=DIRECTION('ref_axis',(1.,0.,0.));
#5940=DIRECTION('',(0.,1.,0.));
#5941=DIRECTION('center_axis',(0.,1.,0.));
#5942=DIRECTION('ref_axis',(1.,0.,0.));
#5943=DIRECTION('',(0.,1.,0.));
#5944=DIRECTION('center_axis',(0.,1.,0.));
#5945=DIRECTION('ref_axis',(0.0558805164819867,0.,0.998437463178193));
#5946=DIRECTION('',(0.,1.,0.));
#5947=DIRECTION('center_axis',(0.,1.,0.));
#5948=DIRECTION('ref_axis',(0.0558805164819867,0.,0.998437463178193));
#5949=DIRECTION('center_axis',(0.0131958979734119,0.,0.999912930347776));
#5950=DIRECTION('ref_axis',(0.999912930347776,0.,-0.0131958979734119));
#5951=DIRECTION('',(0.,1.,0.));
#5952=DIRECTION('',(-0.999912930347776,0.,0.0131958979734119));
#5953=DIRECTION('center_axis',(0.,1.,0.));
#5954=DIRECTION('ref_axis',(-1.,0.,2.6522887911089E-14));
#5955=DIRECTION('',(0.,1.,0.));
#5956=DIRECTION('center_axis',(0.,-1.,0.));
#5957=DIRECTION('ref_axis',(1.,0.,0.));
#5958=DIRECTION('',(0.,-1.,0.));
#5959=DIRECTION('center_axis',(0.,1.,0.));
#5960=DIRECTION('ref_axis',(1.,0.,0.));
#5961=DIRECTION('center_axis',(0.,1.,0.));
#5962=DIRECTION('ref_axis',(1.,0.,0.));
#5963=DIRECTION('center_axis',(0.,-1.,0.));
#5964=DIRECTION('ref_axis',(1.,0.,0.));
#5965=DIRECTION('',(0.,-1.,0.));
#5966=DIRECTION('center_axis',(-0.000197829214588974,0.,0.999999980431801));
#5967=DIRECTION('ref_axis',(0.999999980431801,0.,0.000197829214588974));
#5968=DIRECTION('',(-0.999999980431801,0.,-0.000197829214588974));
#5969=DIRECTION('center_axis',(1.,0.,0.));
#5970=DIRECTION('ref_axis',(0.,0.,-1.));
#5971=DIRECTION('',(0.,0.,1.));
#5972=DIRECTION('center_axis',(0.,1.,0.));
#5973=DIRECTION('ref_axis',(1.,0.,0.));
#5974=DIRECTION('',(2.58951928797395E-14,0.,1.));
#5975=DIRECTION('center_axis',(0.,1.,0.));
#5976=DIRECTION('ref_axis',(1.,0.,0.));
#5977=DIRECTION('center_axis',(1.,0.,-2.58951928797395E-14));
#5978=DIRECTION('ref_axis',(2.58951928797395E-14,0.,1.));
#5979=DIRECTION('',(2.58951928797395E-14,0.,1.));
#5980=DIRECTION('',(0.,-1.,0.));
#5981=DIRECTION('',(0.,-1.,0.));
#5982=DIRECTION('',(2.58951928797395E-14,0.,1.));
#5983=DIRECTION('center_axis',(0.,0.,-1.));
#5984=DIRECTION('ref_axis',(-1.,0.,0.));
#5985=DIRECTION('',(1.,0.,0.));
#5986=DIRECTION('',(0.,1.,0.));
#5987=DIRECTION('center_axis',(-0.999999746582248,0.,-0.000711923759659576));
#5988=DIRECTION('ref_axis',(-0.000711923759659576,0.,0.999999746582248));
#5989=DIRECTION('',(0.,1.,0.));
#5990=DIRECTION('',(0.000711923759659576,0.,-0.999999746582248));
#5991=DIRECTION('center_axis',(-0.999891842358382,0.,-0.0147072630071197));
#5992=DIRECTION('ref_axis',(-0.0147072630071197,0.,0.999891842358382));
#5993=DIRECTION('',(0.,1.,0.));
#5994=DIRECTION('',(0.0147072630071197,0.,-0.999891842358382));
#5995=DIRECTION('center_axis',(0.,1.,0.));
#5996=DIRECTION('ref_axis',(1.,0.,0.));
#5997=DIRECTION('center_axis',(0.,-1.,0.));
#5998=DIRECTION('ref_axis',(1.,0.,0.));
#5999=DIRECTION('',(0.,-1.,0.));
#6000=DIRECTION('center_axis',(0.,1.,0.));
#6001=DIRECTION('ref_axis',(-0.0560455238864726,0.,-0.998428214371114));
#6002=DIRECTION('',(0.,1.,0.));
#6003=DIRECTION('center_axis',(0.,1.,0.));
#6004=DIRECTION('ref_axis',(-0.0560455238864726,0.,-0.998428214371114));
#6005=DIRECTION('center_axis',(0.,1.,0.));
#6006=DIRECTION('ref_axis',(1.,0.,0.));
#6007=DIRECTION('',(0.,1.,0.));
#6008=DIRECTION('center_axis',(0.,1.,0.));
#6009=DIRECTION('ref_axis',(1.,0.,0.));
#6010=DIRECTION('center_axis',(0.,1.,0.));
#6011=DIRECTION('ref_axis',(-0.0560455238864726,0.,-0.998428214371114));
#6012=DIRECTION('',(0.,1.,0.));
#6013=DIRECTION('center_axis',(0.,1.,0.));
#6014=DIRECTION('ref_axis',(-0.0560455238864726,0.,-0.998428214371114));
#6015=DIRECTION('center_axis',(-0.0140001016117088,0.,-0.999901993774821));
#6016=DIRECTION('ref_axis',(-0.999901993774821,0.,0.0140001016117088));
#6017=DIRECTION('',(0.999901993774821,0.,-0.0140001016117088));
#6018=DIRECTION('center_axis',(0.,1.,0.));
#6019=DIRECTION('ref_axis',(1.,0.,0.));
#6020=DIRECTION('center_axis',(0.,1.,0.));
#6021=DIRECTION('ref_axis',(1.,0.,0.));
#6022=DIRECTION('center_axis',(1.,0.,0.));
#6023=DIRECTION('ref_axis',(0.,0.,-1.));
#6024=DIRECTION('',(0.,0.,1.));
#6025=DIRECTION('',(0.,1.,0.));
#6026=DIRECTION('center_axis',(0.,0.,-1.));
#6027=DIRECTION('ref_axis',(-1.,0.,0.));
#6028=DIRECTION('',(0.,1.,0.));
#6029=DIRECTION('',(1.,0.,0.));
#6030=DIRECTION('center_axis',(0.,1.,0.));
#6031=DIRECTION('ref_axis',(1.,0.,0.));
#6032=DIRECTION('center_axis',(0.,-1.,0.));
#6033=DIRECTION('ref_axis',(1.,0.,0.));
#6034=DIRECTION('',(0.,-1.,0.));
#6035=DIRECTION('center_axis',(0.,1.,0.));
#6036=DIRECTION('ref_axis',(1.,0.,0.));
#6037=DIRECTION('',(0.,1.,0.));
#6038=DIRECTION('center_axis',(0.,1.,0.));
#6039=DIRECTION('ref_axis',(1.,0.,0.));
#6040=DIRECTION('center_axis',(0.999901749511629,0.,-0.0140175362879432));
#6041=DIRECTION('ref_axis',(-0.0140175362879432,0.,-0.999901749511629));
#6042=DIRECTION('',(0.0140175362879432,0.,0.999901749511629));
#6043=DIRECTION('center_axis',(0.,1.,0.));
#6044=DIRECTION('ref_axis',(1.,0.,0.));
#6045=DIRECTION('center_axis',(0.,1.,0.));
#6046=DIRECTION('ref_axis',(1.,0.,0.));
#6047=DIRECTION('center_axis',(-0.999999746582248,0.,-0.000711923759659576));
#6048=DIRECTION('ref_axis',(-0.000711923759659576,0.,0.999999746582248));
#6049=DIRECTION('',(0.000711923759659576,0.,-0.999999746582248));
#6050=DIRECTION('',(0.,1.,0.));
#6051=DIRECTION('center_axis',(-0.000197829214588974,0.,0.999999980431801));
#6052=DIRECTION('ref_axis',(0.999999980431801,0.,0.000197829214588974));
#6053=DIRECTION('',(0.,1.,0.));
#6054=DIRECTION('',(-0.999999980431801,0.,-0.000197829214588974));
#6055=DIRECTION('center_axis',(-0.0136978329498614,0.,0.999906180285169));
#6056=DIRECTION('ref_axis',(0.999906180285169,0.,0.0136978329498614));
#6057=DIRECTION('',(0.,1.,0.));
#6058=DIRECTION('',(-0.999906180285169,0.,-0.0136978329498614));
#6059=DIRECTION('center_axis',(0.,1.,0.));
#6060=DIRECTION('ref_axis',(1.,0.,0.));
#6061=DIRECTION('center_axis',(0.,-1.,0.));
#6062=DIRECTION('ref_axis',(1.,0.,0.));
#6063=DIRECTION('',(0.,-1.,0.));
#6064=DIRECTION('center_axis',(0.,1.,0.));
#6065=DIRECTION('ref_axis',(-0.998465117209422,0.,0.0553842009599764));
#6066=DIRECTION('',(0.,1.,0.));
#6067=DIRECTION('center_axis',(0.,1.,0.));
#6068=DIRECTION('ref_axis',(-0.998465117209422,0.,0.0553842009599764));
#6069=DIRECTION('center_axis',(0.,1.,0.));
#6070=DIRECTION('ref_axis',(1.,0.,0.));
#6071=DIRECTION('',(0.,1.,0.));
#6072=DIRECTION('center_axis',(0.,1.,0.));
#6073=DIRECTION('ref_axis',(1.,0.,0.));
#6074=DIRECTION('center_axis',(0.,1.,0.));
#6075=DIRECTION('ref_axis',(-0.998465117209422,0.,0.0553842009599764));
#6076=DIRECTION('',(0.,1.,0.));
#6077=DIRECTION('center_axis',(0.,1.,0.));
#6078=DIRECTION('ref_axis',(-0.998465117209422,0.,0.0553842009599764));
#6079=DIRECTION('center_axis',(-0.999922113101991,0.,0.0124806942775269));
#6080=DIRECTION('ref_axis',(0.0124806942775269,0.,0.999922113101991));
#6081=DIRECTION('',(-0.0124806942775269,0.,-0.999922113101991));
#6082=DIRECTION('center_axis',(0.,1.,0.));
#6083=DIRECTION('ref_axis',(1.,0.,0.));
#6084=DIRECTION('center_axis',(0.,1.,0.));
#6085=DIRECTION('ref_axis',(1.,0.,0.));
#6086=DIRECTION('center_axis',(-1.,0.,1.32076419942583E-14));
#6087=DIRECTION('ref_axis',(-1.32076419942583E-14,0.,-1.));
#6088=DIRECTION('',(1.32076419942583E-14,0.,1.));
#6089=DIRECTION('',(0.,-1.,0.));
#6090=DIRECTION('',(0.,-1.,0.));
#6091=DIRECTION('center_axis',(1.24344978758028E-14,0.,1.));
#6092=DIRECTION('ref_axis',(-1.,0.,1.24344978758028E-14));
#6093=DIRECTION('',(1.,0.,-1.24344978758028E-14));
#6094=DIRECTION('',(0.,-1.,0.));
#6095=DIRECTION('center_axis',(-1.,0.,1.32145571912073E-14));
#6096=DIRECTION('ref_axis',(-1.32145571912073E-14,0.,-1.));
#6097=DIRECTION('',(1.32145571912073E-14,0.,1.));
#6098=DIRECTION('',(0.,-1.,0.));
#6099=DIRECTION('center_axis',(-1.24344978757993E-14,0.,-1.));
#6100=DIRECTION('ref_axis',(1.,0.,-1.24344978757993E-14));
#6101=DIRECTION('',(-1.,0.,1.24344978757993E-14));
#6102=DIRECTION('',(0.,-1.,0.));
#6103=DIRECTION('center_axis',(-1.,0.,1.32076419942583E-14));
#6104=DIRECTION('ref_axis',(-1.32076419942583E-14,0.,-1.));
#6105=DIRECTION('',(1.32076419942583E-14,0.,1.));
#6106=DIRECTION('',(0.,-1.,0.));
#6107=DIRECTION('center_axis',(-9.14704860659229E-16,0.,-1.));
#6108=DIRECTION('ref_axis',(1.,0.,-9.14704860659229E-16));
#6109=DIRECTION('',(-1.,0.,9.14704860659229E-16));
#6110=DIRECTION('',(0.,-1.,0.));
#6111=DIRECTION('center_axis',(1.,0.,-7.10088279261362E-16));
#6112=DIRECTION('ref_axis',(7.10088279261362E-16,0.,1.));
#6113=DIRECTION('',(-7.10088279261362E-16,0.,-1.));
#6114=DIRECTION('',(0.,-1.,0.));
#6115=DIRECTION('center_axis',(1.49828656175983E-13,0.,1.));
#6116=DIRECTION('ref_axis',(-1.,0.,1.49828656175983E-13));
#6117=DIRECTION('',(1.,0.,-1.49828656175983E-13));
#6118=DIRECTION('center_axis',(0.,1.,0.));
#6119=DIRECTION('ref_axis',(1.,0.,0.));
#6120=DIRECTION('center_axis',(0.,-1.,0.));
#6121=DIRECTION('ref_axis',(1.,0.,0.));
#6122=DIRECTION('',(1.,0.,-1.4968237537293E-13));
#6123=DIRECTION('center_axis',(0.,-1.,0.));
#6124=DIRECTION('ref_axis',(-0.0552342221854417,0.,-0.998473425134374));
#6125=DIRECTION('',(-4.0039207911686E-16,0.,-1.));
#6126=DIRECTION('center_axis',(0.,-1.,0.));
#6127=DIRECTION('ref_axis',(-0.998946812992492,0.,0.0458831648008675));
#6128=DIRECTION('',(-1.,0.,-2.24012730389475E-15));
#6129=DIRECTION('center_axis',(0.,-1.,0.));
#6130=DIRECTION('ref_axis',(9.86864910777154E-15,0.,1.));
#6131=DIRECTION('center_axis',(0.,-1.,0.));
#6132=DIRECTION('ref_axis',(9.86864910777154E-15,0.,1.));
#6133=DIRECTION('',(0.,-1.,0.));
#6134=DIRECTION('center_axis',(-2.24012730389475E-15,0.,1.));
#6135=DIRECTION('ref_axis',(-1.,0.,-2.24012730389475E-15));
#6136=DIRECTION('',(0.,-1.,0.));
#6137=DIRECTION('center_axis',(0.,-1.,0.));
#6138=DIRECTION('ref_axis',(-0.998946812992492,0.,0.0458831648008675));
#6139=DIRECTION('',(0.,-1.,0.));
#6140=DIRECTION('center_axis',(-1.4968237537293E-13,0.,-1.));
#6141=DIRECTION('ref_axis',(1.,0.,-1.4968237537293E-13));
#6142=DIRECTION('',(0.,-1.,0.));
#6143=DIRECTION('',(0.,-1.,0.));
#6144=DIRECTION('center_axis',(0.,-1.,0.));
#6145=DIRECTION('ref_axis',(-0.0552342221854417,0.,-0.998473425134374));
#6146=DIRECTION('',(0.,-1.,0.));
#6147=DIRECTION('center_axis',(-1.,0.,4.0039207911686E-16));
#6148=DIRECTION('ref_axis',(-4.0039207911686E-16,0.,-1.));
#6149=DIRECTION('center_axis',(0.,-1.,0.));
#6150=DIRECTION('ref_axis',(1.,0.,0.));
#6151=DIRECTION('center_axis',(0.,1.,0.));
#6152=DIRECTION('ref_axis',(1.,0.,0.));
#6153=DIRECTION('center_axis',(0.,1.,0.));
#6154=DIRECTION('ref_axis',(0.99862560388428,0.,-0.052410907898608));
#6155=DIRECTION('',(0.,1.,0.));
#6156=DIRECTION('',(0.,1.,0.));
#6157=DIRECTION('center_axis',(-0.0140175362877248,0.,0.999901749511632));
#6158=DIRECTION('ref_axis',(0.999901749511632,0.,0.0140175362877248));
#6159=DIRECTION('',(0.,1.,0.));
#6160=DIRECTION('center_axis',(2.6098017375777E-15,0.,1.));
#6161=DIRECTION('ref_axis',(1.,0.,-2.6098017375777E-15));
#6162=DIRECTION('',(0.,1.,0.));
#6163=DIRECTION('center_axis',(0.0140060752885602,0.,0.999901910116693));
#6164=DIRECTION('ref_axis',(0.999901910116693,0.,-0.0140060752885602));
#6165=DIRECTION('',(0.,1.,0.));
#6166=DIRECTION('center_axis',(0.,1.,0.));
#6167=DIRECTION('ref_axis',(-0.0523977904919101,0.,-0.998626292239277));
#6168=DIRECTION('',(0.,1.,0.));
#6169=DIRECTION('center_axis',(0.999903896409245,0.,0.0138635473674742));
#6170=DIRECTION('ref_axis',(0.0138635473674742,0.,-0.999903896409245));
#6171=DIRECTION('center_axis',(0.99990247649029,0.,-0.0139655830019592));
#6172=DIRECTION('ref_axis',(-0.0139655830019592,0.,-0.99990247649029));
#6173=DIRECTION('',(0.,1.,0.));
#6174=DIRECTION('center_axis',(0.,1.,0.));
#6175=DIRECTION('ref_axis',(-0.998628320723066,0.,0.0523591162055789));
#6176=DIRECTION('',(0.,1.,0.));
#6177=DIRECTION('center_axis',(0.0144822803370073,0.,-0.999895126278872));
#6178=DIRECTION('ref_axis',(-0.999895126278872,0.,-0.0144822803370073));
#6179=DIRECTION('',(0.,1.,0.));
#6180=DIRECTION('center_axis',(0.000208326603925667,0.,-0.999999978300013));
#6181=DIRECTION('ref_axis',(-0.999999978300013,0.,-0.000208326603925667));
#6182=DIRECTION('',(0.,1.,0.));
#6183=DIRECTION('center_axis',(-0.0132968388961315,0.,-0.999911593129798));
#6184=DIRECTION('ref_axis',(-0.999911593129798,0.,0.0132968388961315));
#6185=DIRECTION('',(0.,1.,0.));
#6186=DIRECTION('center_axis',(0.,1.,0.));
#6187=DIRECTION('ref_axis',(0.0521652682211384,0.,0.998638465507621));
#6188=DIRECTION('',(0.,1.,0.));
#6189=DIRECTION('center_axis',(-0.999906873174173,0.,-0.0136471601093096));
#6190=DIRECTION('ref_axis',(-0.0136471601093096,0.,0.999906873174173));
#6191=DIRECTION('center_axis',(-0.999901749511586,0.,0.0140175362909778));
#6192=DIRECTION('ref_axis',(0.0140175362909778,0.,0.999901749511586));
#6193=DIRECTION('center_axis',(0.,1.,0.));
#6194=DIRECTION('ref_axis',(0.998983091292106,0.,-0.045086398308878));
#6195=DIRECTION('',(0.,1.,0.));
#6196=DIRECTION('center_axis',(0.999901749511631,0.,-0.0140175362877885));
#6197=DIRECTION('ref_axis',(-0.0140175362877885,0.,-0.999901749511631));
#6198=DIRECTION('center_axis',(1.,0.,0.));
#6199=DIRECTION('ref_axis',(0.,0.,-1.));
#6200=DIRECTION('center_axis',(0.999906873174174,0.,0.0136471601092262));
#6201=DIRECTION('ref_axis',(0.0136471601092262,0.,-0.999906873174174));
#6202=DIRECTION('',(0.,1.,0.));
#6203=DIRECTION('center_axis',(0.,1.,0.));
#6204=DIRECTION('ref_axis',(0.0447502078195716,0.,0.998998207656102));
#6205=DIRECTION('',(0.,1.,0.));
#6206=DIRECTION('center_axis',(0.0132968388676634,0.,0.999911593130176));
#6207=DIRECTION('ref_axis',(0.999911593130176,0.,-0.0132968388676634));
#6208=DIRECTION('',(0.,1.,0.));
#6209=DIRECTION('center_axis',(-0.000208326603883506,0.,0.999999978300013));
#6210=DIRECTION('ref_axis',(0.999999978300013,0.,0.000208326603883506));
#6211=DIRECTION('',(0.,1.,0.));
#6212=DIRECTION('center_axis',(-0.0144822803369951,0.,0.999895126278872));
#6213=DIRECTION('ref_axis',(0.999895126278872,0.,0.0144822803369951));
#6214=CARTESIAN_POINT('',(0.,0.,0.));
#6215=CARTESIAN_POINT('Origin',(2.23311892888489E-5,1.,-4.65198122423516E-5));
#6216=CARTESIAN_POINT('',(-62.5018183376214,1.,32.0056769365043));
#6217=CARTESIAN_POINT('',(-62.4986118741123,1.,32.235227191846));
#6218=CARTESIAN_POINT('',(-62.5018183376214,1.,32.0056769365043));
#6219=CARTESIAN_POINT('',(-62.4990994195585,1.,-17.5000002607703));
#6220=CARTESIAN_POINT('',(-62.4983014269887,1.,-32.029736594661));
#6221=CARTESIAN_POINT('',(-61.4990994180499,1.,-17.5000002607703));
#6222=CARTESIAN_POINT('',(-31.2499893000666,1.,-17.5000002607703));
#6223=CARTESIAN_POINT('',(-61.5018179540984,1.,31.9987212638588));
#6224=CARTESIAN_POINT('',(-61.500807091423,1.,13.593076029388));
#6225=CARTESIAN_POINT('',(-61.4989457434389,1.,32.2043647055585));
#6226=CARTESIAN_POINT('',(-61.5018179540984,1.,31.9987212638588));
#6227=CARTESIAN_POINT('',(-57.2222411026413,1.,36.4853984785463));
#6228=CARTESIAN_POINT('Origin',(-57.0023653166378,1.,31.9890382090017));
#6229=CARTESIAN_POINT('',(-57.0134485947514,1.,36.4884225873273));
#6230=CARTESIAN_POINT('',(-57.2222411026413,1.,36.4853984785463));
#6231=CARTESIAN_POINT('',(57.0110661049256,1.,36.5121769277496));
#6232=CARTESIAN_POINT('',(-57.0134485947514,1.,36.4884225873273));
#6233=CARTESIAN_POINT('',(57.2182803485531,1.,36.5094213897305));
#6234=CARTESIAN_POINT('',(57.0110661049256,1.,36.5121769277496));
#6235=CARTESIAN_POINT('',(61.4990346293453,1.,32.2296413059925));
#6236=CARTESIAN_POINT('Origin',(57.001864978913,1.,32.01220236626));
#6237=CARTESIAN_POINT('',(61.501863,1.,32.0224108466974));
#6238=CARTESIAN_POINT('',(61.4990346293453,1.,32.2296413059925));
#6239=CARTESIAN_POINT('',(61.501863,1.,23.205847584106));
#6240=CARTESIAN_POINT('',(61.501863,1.,32.0224108466974));
#6241=CARTESIAN_POINT('',(62.501863,1.,24.7383664591085));
#6242=CARTESIAN_POINT('Ctrl Pts',(62.501863,1.,24.7383664591085));
#6243=CARTESIAN_POINT('Ctrl Pts',(61.7906566958419,1.,23.8342905760131));
#6244=CARTESIAN_POINT('Ctrl Pts',(61.501863,1.,23.205847584106));
#6245=CARTESIAN_POINT('',(62.501863,1.,32.0292347444965));
#6246=CARTESIAN_POINT('',(62.501863,1.,32.0292347444965));
#6247=CARTESIAN_POINT('',(62.4987167949614,1.,32.2597524505454));
#6248=CARTESIAN_POINT('',(62.4987167949614,1.,32.2597524505454));
#6249=CARTESIAN_POINT('',(57.2480995600546,1.,37.5091132681098));
#6250=CARTESIAN_POINT('Origin',(57.001864978913,1.,32.01220236626));
#6251=CARTESIAN_POINT('',(57.0176106593386,1.,37.5121783128544));
#6252=CARTESIAN_POINT('',(57.0176106593386,1.,37.5121783128544));
#6253=CARTESIAN_POINT('',(-57.0207942724047,1.,37.4884210787272));
#6254=CARTESIAN_POINT('',(-57.0207942724047,1.,37.4884210787272));
#6255=CARTESIAN_POINT('',(-57.2523011001847,1.,37.4850681253771));
#6256=CARTESIAN_POINT('',(-57.2530512752419,1.,37.4850571149105));
#6257=CARTESIAN_POINT('Origin',(-57.0023653166378,1.,31.9890382090017));
#6258=CARTESIAN_POINT('Origin',(-61.5018179540984,0.,31.9987212638588));
#6259=CARTESIAN_POINT('',(-61.4990994180499,0.,-17.5000002607703));
#6260=CARTESIAN_POINT('',(-61.4990994180499,-0.0249999999999975,-17.5000002607703));
#6261=CARTESIAN_POINT('',(-61.5018179540984,0.,31.9987212638588));
#6262=CARTESIAN_POINT('',(-61.4983018077086,0.,-32.0227770285794));
#6263=CARTESIAN_POINT('',(-61.5018179540984,0.,31.9987212638588));
#6264=CARTESIAN_POINT('Origin',(2.2520596214548E-5,0.,-1.07686189476652E-5));
#6265=CARTESIAN_POINT('',(-60.6143294098948,0.,-1.12554769607437));
#6266=CARTESIAN_POINT('',(-60.5999983468189,0.,-1.12553749344748));
#6267=CARTESIAN_POINT('',(-29.9997682350604,0.,-1.10375245705915));
#6268=CARTESIAN_POINT('',(-60.6018172301159,0.,31.9924334035014));
#6269=CARTESIAN_POINT('',(-60.5983017715666,0.,-32.0165407397558));
#6270=CARTESIAN_POINT('',(-60.5992391812685,0.,32.1770155599818));
#6271=CARTESIAN_POINT('',(-60.6018172301159,0.,31.9924334035014));
#6272=CARTESIAN_POINT('',(-57.1914306546179,0.,35.5857506570877));
#6273=CARTESIAN_POINT('Origin',(-57.0018371641,0.,31.98840004974));
#6274=CARTESIAN_POINT('',(-57.0068494066764,0.,35.5884240948387));
#6275=CARTESIAN_POINT('',(-57.1914306546179,0.,35.5857506570877));
#6276=CARTESIAN_POINT('',(57.0051647326205,0.,35.6121758310665));
#6277=CARTESIAN_POINT('',(-57.0068494066764,0.,35.5884240948387));
#6278=CARTESIAN_POINT('',(57.1897863507231,0.,35.6097207301061));
#6279=CARTESIAN_POINT('',(57.0051647326205,0.,35.6121758310665));
#6280=CARTESIAN_POINT('',(60.5993432117924,0.,32.2008904266969));
#6281=CARTESIAN_POINT('Origin',(57.001864978913,0.,32.01220236626));
#6282=CARTESIAN_POINT('',(60.6018629999999,0.,32.0162693386851));
#6283=CARTESIAN_POINT('',(60.5993432117924,0.,32.2008904266969));
#6284=CARTESIAN_POINT('',(60.601863,0.,-16.4999996311963));
#6285=CARTESIAN_POINT('',(60.6018629999999,0.,32.0162693386851));
#6286=CARTESIAN_POINT('',(61.501863,0.,-16.4999996311963));
#6287=CARTESIAN_POINT('',(30.0119912602981,0.,-16.4999996311963));
#6288=CARTESIAN_POINT('',(61.501863,0.,32.0224108466974));
#6289=CARTESIAN_POINT('',(61.501863,0.,32.0224108466974));
#6290=CARTESIAN_POINT('',(61.4990346293453,0.,32.2296413059925));
#6291=CARTESIAN_POINT('',(61.4990346293453,0.,32.2296413059925));
#6292=CARTESIAN_POINT('',(57.2182803485531,0.,36.5094213897305));
#6293=CARTESIAN_POINT('Origin',(57.001864978913,0.,32.01220236626));
#6294=CARTESIAN_POINT('',(57.0110661049256,0.,36.5121769277496));
#6295=CARTESIAN_POINT('',(57.0110661049256,0.,36.5121769277496));
#6296=CARTESIAN_POINT('',(-57.0134485947514,0.,36.4884225873273));
#6297=CARTESIAN_POINT('',(-57.0134485947514,0.,36.4884225873273));
#6298=CARTESIAN_POINT('',(-57.2222411026413,0.,36.4853984785463));
#6299=CARTESIAN_POINT('',(-57.2222411026413,0.,36.4853984785463));
#6300=CARTESIAN_POINT('',(-61.4989457434389,0.,32.2043647055585));
#6301=CARTESIAN_POINT('Origin',(-57.0023653166378,0.,31.9890382090017));
#6302=CARTESIAN_POINT('',(-61.5018179540984,0.,31.9987212638588));
#6303=CARTESIAN_POINT('',(-60.6026720451084,0.,-17.5000002607703));
#6304=CARTESIAN_POINT('',(-31.2499892053632,0.,-17.5000002607703));
#6305=CARTESIAN_POINT('',(-60.6147146972829,0.,-0.584355910767661));
#6306=CARTESIAN_POINT('Origin',(-60.0003295654933,-0.0499999999999998,-1.12511057488594));
#6307=CARTESIAN_POINT('',(-60.6143294098948,1.,-1.12554769607437));
#6308=CARTESIAN_POINT('',(-60.6143294098948,-0.0499999999999998,-1.12554769607437));
#6309=CARTESIAN_POINT('',(-60.5999983468189,1.,-1.12553749344748));
#6310=CARTESIAN_POINT('',(-60.6252465081438,1.,-1.12555546821797));
#6311=CARTESIAN_POINT('',(-60.5999983468189,-0.0249999999999999,-1.12553749344748));
#6312=CARTESIAN_POINT('Origin',(-60.6018172301159,0.,31.9924334035014));
#6313=CARTESIAN_POINT('',(-60.5988003583079,1.00000000000001,-22.9383435760467));
#6314=CARTESIAN_POINT('',(-60.6003553576406,1.00000000000001,5.37486526587468));
#6315=CARTESIAN_POINT('',(-60.5986879270499,1.00000000000001,-24.9854760872321));
#6316=CARTESIAN_POINT('',(-60.6003553576406,1.00000000000001,5.37486526587468));
#6317=CARTESIAN_POINT('',(-60.5986879270499,0.,-24.9854760872321));
#6318=CARTESIAN_POINT('',(-60.5986879270499,-0.0249999999999964,-24.9854760872321));
#6319=CARTESIAN_POINT('',(-60.5983017715666,0.,-32.0165407397558));
#6320=CARTESIAN_POINT('',(-60.5983017715666,0.,-32.0165407397558));
#6321=CARTESIAN_POINT('',(-60.5983017715666,19.,-32.0165407397558));
#6322=CARTESIAN_POINT('',(-60.5983017715666,0.,-32.0165407397558));
#6323=CARTESIAN_POINT('',(-60.6018172301159,19.,31.9924334035014));
#6324=CARTESIAN_POINT('',(-60.5983017715666,19.,-32.0165407397558));
#6325=CARTESIAN_POINT('',(-60.6018172301159,0.,31.9924334035014));
#6326=CARTESIAN_POINT('',(-60.6005543688935,9.90421151750809,8.99843410824377));
#6327=CARTESIAN_POINT('Origin',(-60.6009525485979,9.90421151750809,16.248434092444));
#6328=CARTESIAN_POINT('',(-60.6003253284417,2.595,4.82809784234226));
#6329=CARTESIAN_POINT('',(-60.6003253284417,13.095,4.82809784234226));
#6330=CARTESIAN_POINT('',(-60.6003253284417,1.2975,4.82809784234226));
#6331=CARTESIAN_POINT('',(-60.6002758992371,13.995,3.92809784505698));
#6332=CARTESIAN_POINT('Origin',(-60.6002758992384,13.095,3.92809784505698));
#6333=CARTESIAN_POINT('',(-60.598694164687,13.995,-24.8719020680721));
#6334=CARTESIAN_POINT('',(-60.6010465646765,13.995,17.9602656242793));
#6335=CARTESIAN_POINT('',(-60.5986447354824,13.095,-25.7719020653574));
#6336=CARTESIAN_POINT('Origin',(-60.5986941646898,13.095,-24.8719020680721));
#6337=CARTESIAN_POINT('',(-60.5986447354824,2.59500000000001,-25.7719020653574));
#6338=CARTESIAN_POINT('',(-60.5986447354824,6.54750000000002,-25.7719020653574));
#6339=CARTESIAN_POINT('',(-60.598694164687,1.69500000000001,-24.8719020680721));
#6340=CARTESIAN_POINT('Origin',(-60.5986941646898,2.59500000000001,-24.8719020680721));
#6341=CARTESIAN_POINT('',(-60.6002758992371,1.695,3.92809784505698));
#6342=CARTESIAN_POINT('',(-60.6002556974015,1.695,3.56026566771473));
#6343=CARTESIAN_POINT('Origin',(-60.6002758992384,2.595,3.92809784505698));
#6344=CARTESIAN_POINT('Origin',(2.23311892888489E-5,1.,-4.65198122423516E-5));
#6345=CARTESIAN_POINT('',(-61.4955351692174,1.,-32.2223199402174));
#6346=CARTESIAN_POINT('',(-57.2093322559706,1.,-36.509462510003));
#6347=CARTESIAN_POINT('Origin',(-56.9962992659016,1.,-32.0102731963123));
#6348=CARTESIAN_POINT('',(-61.4983018077086,1.,-32.0227770285794));
#6349=CARTESIAN_POINT('',(-61.4955351692174,1.,-32.2223199402174));
#6350=CARTESIAN_POINT('',(-61.4986883056969,1.,-24.9854760872321));
#6351=CARTESIAN_POINT('',(-61.4983018077086,1.,-32.0227770285794));
#6352=CARTESIAN_POINT('',(-62.4986883072056,1.,-24.9854760872321));
#6353=CARTESIAN_POINT('',(-29.9916602344384,1.,-24.9854760872321));
#6354=CARTESIAN_POINT('',(-62.4983014269887,1.,-32.029736594661));
#6355=CARTESIAN_POINT('',(-62.4983014269887,1.,-32.029736594661));
#6356=CARTESIAN_POINT('',(-62.495167339159,1.,-32.2557816719446));
#6357=CARTESIAN_POINT('',(-62.4952202374455,1.,-32.2519663997864));
#6358=CARTESIAN_POINT('',(-61.4973850964788,1.,-35.1783599693772));
#6359=CARTESIAN_POINT('Origin',(-56.9962992659016,1.,-32.0102731963123));
#6360=CARTESIAN_POINT('',(-58.7504950467319,1.,-37.2274893714778));
#6361=CARTESIAN_POINT('Origin',(-56.9962992659016,1.,-32.0102731963123));
#6362=CARTESIAN_POINT('',(-57.2423597681269,1.,-37.5090662082888));
#6363=CARTESIAN_POINT('Origin',(-56.9962992659016,1.,-32.0102731963123));
#6364=CARTESIAN_POINT('',(-57.0158105908336,1.,-37.5122356746736));
#6365=CARTESIAN_POINT('',(-57.0158107288952,1.,-37.5122713524789));
#6366=CARTESIAN_POINT('',(-19.701041,1.,-37.5122713524789));
#6367=CARTESIAN_POINT('',(14.7152629690082,1.,-37.5122713524789));
#6368=CARTESIAN_POINT('',(-19.701041,1.,-36.5122713524789));
#6369=CARTESIAN_POINT('',(-19.701041,1.,-18.7561232599061));
#6370=CARTESIAN_POINT('',(-57.0088073478271,1.,-36.5122713524789));
#6371=CARTESIAN_POINT('',(14.7152629690082,1.,-36.5122713524789));
#6372=CARTESIAN_POINT('',(-57.0088073478271,1.,-36.5122713524789));
#6373=CARTESIAN_POINT('Origin',(-62.5000009313226,-0.049999999999995,-17.5000002607703));
#6374=CARTESIAN_POINT('',(-62.5000009313226,-0.049999999999995,-17.5000002607703));
#6375=CARTESIAN_POINT('',(-62.5000009313226,1.00000000000001,-17.5000002607703));
#6376=CARTESIAN_POINT('',(-62.5000009313226,-0.049999999999995,-17.5000002607703));
#6377=CARTESIAN_POINT('',(-60.6026720451084,-0.049999999999995,-17.5000002607703));
#6378=CARTESIAN_POINT('',(-62.5000009313226,-0.049999999999995,-17.5000002607703));
#6379=CARTESIAN_POINT('',(-60.6026720451084,-0.049999999999995,-17.5000002607703));
#6380=CARTESIAN_POINT('',(-62.5000009313226,1.00000000000001,-17.5000002607703));
#6381=CARTESIAN_POINT('Origin',(-62.5000009313226,-0.0499999999999928,-24.9854760872321));
#6382=CARTESIAN_POINT('',(-62.5000009313226,-0.0499999999999928,-24.9854760872321));
#6383=CARTESIAN_POINT('',(-62.5000009313226,1.00000000000001,-24.9854760872321));
#6384=CARTESIAN_POINT('',(-62.5000009313226,-0.0499999999999928,-24.9854760872321));
#6385=CARTESIAN_POINT('',(-62.5000009313226,-0.0499999999999928,-24.9854760872321));
#6386=CARTESIAN_POINT('',(-62.5000009313226,1.00000000000001,-24.9854760872321));
#6387=CARTESIAN_POINT('Origin',(-60.6143294098948,-0.0499999999999998,-1.12554769607437));
#6388=CARTESIAN_POINT('',(-60.5973429556647,1.00000000000001,-24.9854760872321));
#6389=CARTESIAN_POINT('',(-60.5973429556647,-0.0499999999999928,-24.9854760872321));
#6390=CARTESIAN_POINT('',(-60.5973429556647,-0.0499999999999939,-24.9854760872321));
#6391=CARTESIAN_POINT('',(-60.6013397797581,1.00000000000001,-19.3713593699842));
#6392=CARTESIAN_POINT('',(-60.6026717339113,1.00000000000001,-17.5004373819587));
#6393=CARTESIAN_POINT('',(-60.6013397797581,-0.0499999999999945,-19.3713593699842));
#6394=CARTESIAN_POINT('Origin',(2.2520596214548E-5,0.,-1.07686189476652E-5));
#6395=CARTESIAN_POINT('',(-60.5957424392539,0.,-32.2011317599195));
#6396=CARTESIAN_POINT('',(-57.1870942906178,0.,-35.6096143612708));
#6397=CARTESIAN_POINT('Origin',(-56.99833849664,0.,-32.012201246918));
#6398=CARTESIAN_POINT('',(-60.5957424392539,0.,-32.2011317599195));
#6399=CARTESIAN_POINT('',(-61.4986883056969,0.,-24.9854760872321));
#6400=CARTESIAN_POINT('',(-29.991660139735,0.,-24.9854760872321));
#6401=CARTESIAN_POINT('',(-61.4983018077086,0.,-32.0227770285794));
#6402=CARTESIAN_POINT('',(-61.4983018077086,0.,-32.0227770285794));
#6403=CARTESIAN_POINT('',(-61.4955351692174,0.,-32.2223199402174));
#6404=CARTESIAN_POINT('',(-61.4955351692174,0.,-32.2223199402174));
#6405=CARTESIAN_POINT('',(-57.2093322559706,0.,-36.509462510003));
#6406=CARTESIAN_POINT('Origin',(-56.9962992659016,0.,-32.0102731963123));
#6407=CARTESIAN_POINT('',(-57.0088073478271,0.,-36.5122713524789));
#6408=CARTESIAN_POINT('',(-57.0088073478271,0.,-36.5122713524789));
#6409=CARTESIAN_POINT('',(-19.701041,0.,-36.5122713524789));
#6410=CARTESIAN_POINT('',(14.7152629690082,0.,-36.5122713524789));
#6411=CARTESIAN_POINT('',(-19.701041,0.,-35.6122000000001));
#6412=CARTESIAN_POINT('',(-19.701041,0.,-18.7561053843095));
#6413=CARTESIAN_POINT('',(-57.002504028821,0.,-35.6122));
#6414=CARTESIAN_POINT('',(57.0060684674579,0.,-35.6122000000003));
#6415=CARTESIAN_POINT('',(-57.002504028821,0.,-35.6122));
#6416=CARTESIAN_POINT('Origin',(-61.2416718656944,-0.0499999999999939,-21.2427381740012));
#6417=CARTESIAN_POINT('',(-53.5000007972121,-0.0499999999999928,-24.9854760872321));
#6418=CARTESIAN_POINT('Origin',(-60.0003295654933,1.,-1.12511057488593));
#6419=CARTESIAN_POINT('Origin',(62.001863,3.64011680259938,15.7629831974006));
#6420=CARTESIAN_POINT('',(61.501863,5.905,15.7798348007135));
#6421=CARTESIAN_POINT('',(61.501863,3.62326519928615,13.4981));
#6422=CARTESIAN_POINT('Origin',(61.501863,3.64011680259938,15.7629831974006));
#6423=CARTESIAN_POINT('',(62.501863,3.61954503583471,12.4981021195818));
#6424=CARTESIAN_POINT('Ctrl Pts',(61.501863,3.62326519928615,13.4981));
#6425=CARTESIAN_POINT('Ctrl Pts',(61.5851963333333,3.62286023642302,13.4147673731395));
#6426=CARTESIAN_POINT('Ctrl Pts',(61.6685296666667,3.62247901078691,13.3314346002955));
#6427=CARTESIAN_POINT('Ctrl Pts',(61.8351963333333,3.62176403409835,13.1647687829255));
#6428=CARTESIAN_POINT('Ctrl Pts',(61.9185296666667,3.6214302830459,13.0814357383994));
#6429=CARTESIAN_POINT('Ctrl Pts',(62.0851963333333,3.62081025564657,12.91476939795));
#6430=CARTESIAN_POINT('Ctrl Pts',(62.1685296666667,3.62052397929969,12.8314361020266));
#6431=CARTESIAN_POINT('Ctrl Pts',(62.3351963333333,3.61999890142573,12.6647692790674));
#6432=CARTESIAN_POINT('Ctrl Pts',(62.4185296666667,3.61976009989865,12.5814357520315));
#6433=CARTESIAN_POINT('Ctrl Pts',(62.501863,3.61954503583471,12.4981021195818));
#6434=CARTESIAN_POINT('',(62.501863,6.90500000000001,15.7832157755371));
#6435=CARTESIAN_POINT('Origin',(62.501863,3.64011680259938,15.7629831974006));
#6436=CARTESIAN_POINT('Ctrl Pts',(62.501863,6.90500000000001,15.7832157755372));
#6437=CARTESIAN_POINT('Ctrl Pts',(62.1721186751929,6.57525567519288,15.7821940676595));
#6438=CARTESIAN_POINT('Ctrl Pts',(61.831785305529,6.23492230552904,15.7810621582388));
#6439=CARTESIAN_POINT('Ctrl Pts',(61.501863,5.905,15.7798348007134));
#6440=CARTESIAN_POINT('Origin',(62.001863,3.00988319740061,15.7629831974006));
#6441=CARTESIAN_POINT('',(61.501863,3.02673480071381,13.4981));
#6442=CARTESIAN_POINT('',(61.501863,1.,14.7187852242133));
#6443=CARTESIAN_POINT('Origin',(61.501863,3.00988319740061,15.7629831974006));
#6444=CARTESIAN_POINT('',(62.501863,1.,13.1900002626159));
#6445=CARTESIAN_POINT('Ctrl Pts',(61.501863,1.,14.7187852242133));
#6446=CARTESIAN_POINT('Ctrl Pts',(61.7905402875766,1.,14.0926219370106));
#6447=CARTESIAN_POINT('Ctrl Pts',(62.501863,1.,13.1900002626159));
#6448=CARTESIAN_POINT('',(62.501863,3.0301157755378,12.4981));
#6449=CARTESIAN_POINT('Origin',(62.501863,3.00988319740061,15.7629831974006));
#6450=CARTESIAN_POINT('Ctrl Pts',(62.501863,3.03011577553771,12.4981));
#6451=CARTESIAN_POINT('Ctrl Pts',(62.1721186738506,3.02909406765582,12.8278443261494));
#6452=CARTESIAN_POINT('Ctrl Pts',(61.8317853051184,3.02796215823773,13.1681776948816));
#6453=CARTESIAN_POINT('Ctrl Pts',(61.501863,3.02673480071381,13.4981));
#6454=CARTESIAN_POINT('Origin',(62.001863,1.81163259964304,12.9981));
#6455=CARTESIAN_POINT('',(61.501863,1.81163259964304,13.4981));
#6456=CARTESIAN_POINT('',(62.501863,1.81163259964304,12.4981));
#6457=CARTESIAN_POINT('Origin',(62.001863,3.025,22.1581));
#6458=CARTESIAN_POINT('',(61.501863,3.02499999999999,24.4381));
#6459=CARTESIAN_POINT('Origin',(61.501863,3.025,22.1581));
#6460=CARTESIAN_POINT('',(62.501863,3.02499999999999,25.4381));
#6461=CARTESIAN_POINT('',(61.501863,3.02499999999999,24.4381));
#6462=CARTESIAN_POINT('Origin',(62.501863,3.025,22.1581));
#6463=CARTESIAN_POINT('Origin',(62.001863,1.51250000000004,24.9381));
#6464=CARTESIAN_POINT('',(61.501863,3.625,24.4381));
#6465=CARTESIAN_POINT('',(62.501863,3.62499999999998,25.4381));
#6466=CARTESIAN_POINT('',(61.501863,3.625,24.4381));
#6467=CARTESIAN_POINT('',(62.501863,1.51250000000004,25.4381));
#6468=CARTESIAN_POINT('',(61.501863,1.51250000000005,24.4381));
#6469=CARTESIAN_POINT('Origin',(62.001863,3.625,22.1581));
#6470=CARTESIAN_POINT('',(61.501863,5.905,22.1581));
#6471=CARTESIAN_POINT('',(62.501863,6.905,22.1581));
#6472=CARTESIAN_POINT('',(61.501863,5.905,22.1581));
#6473=CARTESIAN_POINT('Origin',(62.501863,3.625,22.1581));
#6474=CARTESIAN_POINT('Origin',(61.501863,3.625,22.1581));
#6475=CARTESIAN_POINT('Origin',(62.001863,6.405,27.0936673722483));
#6476=CARTESIAN_POINT('',(62.501863,6.905,27.0936673722483));
#6477=CARTESIAN_POINT('',(61.501863,5.905,27.0936673722483));
#6478=CARTESIAN_POINT('Origin',(2.23311892888489E-5,1.,-4.65198122423516E-5));
#6479=CARTESIAN_POINT('',(61.501863,1.,-16.4999996311963));
#6480=CARTESIAN_POINT('',(61.501863,1.,32.0224108466974));
#6481=CARTESIAN_POINT('',(62.501863,1.,-16.4999996311963));
#6482=CARTESIAN_POINT('',(30.0119911655947,1.,-16.4999996311963));
#6483=CARTESIAN_POINT('',(62.501863,1.,32.0292347444965));
#6484=CARTESIAN_POINT('Origin',(62.501863,3.00988319740061,15.7629831974006));
#6485=CARTESIAN_POINT('',(61.101863,3.02673480071381,13.4981));
#6486=CARTESIAN_POINT('',(62.501863,3.02673480071381,13.4981));
#6487=CARTESIAN_POINT('',(61.101863,0.744999999999997,15.7798348007136));
#6488=CARTESIAN_POINT('Origin',(61.101863,3.00988319740061,15.7629831974006));
#6489=CARTESIAN_POINT('',(61.501863,0.744999999999997,15.7798348007136));
#6490=CARTESIAN_POINT('',(62.501863,0.744999999999997,15.7798348007136));
#6491=CARTESIAN_POINT('Origin',(61.501863,3.00988319740061,15.7629831974006));
#6492=CARTESIAN_POINT('Origin',(62.501863,3.62326519928615,13.4981));
#6493=CARTESIAN_POINT('',(61.101863,3.62326519928615,13.4981));
#6494=CARTESIAN_POINT('',(62.501863,3.62326519928615,13.4981));
#6495=CARTESIAN_POINT('',(61.101863,3.62326519928615,13.4981));
#6496=CARTESIAN_POINT('Origin',(62.501863,3.64011680259938,15.7629831974006));
#6497=CARTESIAN_POINT('',(61.101863,5.905,15.7798348007135));
#6498=CARTESIAN_POINT('',(62.501863,5.905,15.7798348007135));
#6499=CARTESIAN_POINT('Origin',(61.101863,3.64011680259938,15.7629831974006));
#6500=CARTESIAN_POINT('Origin',(62.501863,5.905,22.1581));
#6501=CARTESIAN_POINT('',(61.101863,5.905,22.1581));
#6502=CARTESIAN_POINT('',(62.501863,5.905,22.1581));
#6503=CARTESIAN_POINT('',(61.101863,5.905,22.1581));
#6504=CARTESIAN_POINT('Origin',(62.501863,3.625,22.1581));
#6505=CARTESIAN_POINT('',(61.101863,3.625,24.4381));
#6506=CARTESIAN_POINT('',(62.501863,3.625,24.4381));
#6507=CARTESIAN_POINT('Origin',(61.101863,3.625,22.1581));
#6508=CARTESIAN_POINT('Origin',(62.501863,3.02499999999999,24.4381));
#6509=CARTESIAN_POINT('',(61.101863,3.02499999999999,24.4381));
#6510=CARTESIAN_POINT('',(62.501863,3.02499999999999,24.4381));
#6511=CARTESIAN_POINT('',(61.101863,3.02499999999999,24.4381));
#6512=CARTESIAN_POINT('Origin',(62.501863,3.025,22.1581));
#6513=CARTESIAN_POINT('',(61.501863,0.744999999999996,22.1581));
#6514=CARTESIAN_POINT('Origin',(61.501863,3.025,22.1581));
#6515=CARTESIAN_POINT('',(61.101863,0.744999999999996,22.1581));
#6516=CARTESIAN_POINT('',(62.501863,0.744999999999996,22.1581));
#6517=CARTESIAN_POINT('Origin',(61.101863,3.025,22.1581));
#6518=CARTESIAN_POINT('Origin',(55.7687936926899,1.6,30.9131));
#6519=CARTESIAN_POINT('',(53.6687936926899,1.6,30.9131));
#6520=CARTESIAN_POINT('Origin',(55.7687936926899,1.6,30.9131));
#6521=CARTESIAN_POINT('',(53.6687936926899,2.1,30.9131));
#6522=CARTESIAN_POINT('',(53.6687936926899,1.6,30.9131));
#6523=CARTESIAN_POINT('Origin',(55.7687936926899,2.1,30.9131));
#6524=CARTESIAN_POINT('Origin',(55.7687936926899,2.1,30.9131));
#6525=CARTESIAN_POINT('',(53.84896,2.1,30.9131));
#6526=CARTESIAN_POINT('Origin',(55.74896,2.1,30.9131));
#6527=CARTESIAN_POINT('Origin',(55.7687936926899,1.6,30.9131));
#6528=CARTESIAN_POINT('',(53.84896,1.6,30.9131));
#6529=CARTESIAN_POINT('Origin',(55.74896,1.6,30.9131));
#6530=CARTESIAN_POINT('Origin',(55.97396,1.6,-30.9119));
#6531=CARTESIAN_POINT('',(53.87396,1.6,-30.9119));
#6532=CARTESIAN_POINT('Origin',(55.97396,1.6,-30.9119));
#6533=CARTESIAN_POINT('',(53.87396,2.1,-30.9119));
#6534=CARTESIAN_POINT('',(53.87396,1.6,-30.9119));
#6535=CARTESIAN_POINT('Origin',(55.97396,2.1,-30.9119));
#6536=CARTESIAN_POINT('Origin',(55.97396,2.1,-30.9119));
#6537=CARTESIAN_POINT('',(54.07396,2.1,-30.9119));
#6538=CARTESIAN_POINT('Origin',(55.97396,2.1,-30.9119));
#6539=CARTESIAN_POINT('Origin',(55.97396,1.6,-30.9119));
#6540=CARTESIAN_POINT('',(54.07396,1.6,-30.9119));
#6541=CARTESIAN_POINT('Origin',(55.97396,1.6,-30.9119));
#6542=CARTESIAN_POINT('Origin',(-56.05104,1.6,-30.9119));
#6543=CARTESIAN_POINT('',(-58.15104,1.6,-30.9119));
#6544=CARTESIAN_POINT('Origin',(-56.05104,1.6,-30.9119));
#6545=CARTESIAN_POINT('',(-58.15104,2.1,-30.9119));
#6546=CARTESIAN_POINT('',(-58.15104,1.6,-30.9119));
#6547=CARTESIAN_POINT('Origin',(-56.05104,2.1,-30.9119));
#6548=CARTESIAN_POINT('Origin',(-56.05104,2.1,-30.9119));
#6549=CARTESIAN_POINT('',(-57.95104,2.1,-30.9119));
#6550=CARTESIAN_POINT('Origin',(-56.05104,2.1,-30.9119));
#6551=CARTESIAN_POINT('Origin',(-56.05104,1.6,-30.9119));
#6552=CARTESIAN_POINT('',(-57.95104,1.6,-30.9119));
#6553=CARTESIAN_POINT('Origin',(-56.05104,1.6,-30.9119));
#6554=CARTESIAN_POINT('Origin',(-56.05104,1.6,30.9131));
#6555=CARTESIAN_POINT('',(-58.15104,1.6,30.9131));
#6556=CARTESIAN_POINT('Origin',(-56.05104,1.6,30.9131));
#6557=CARTESIAN_POINT('',(-58.15104,2.1,30.9131));
#6558=CARTESIAN_POINT('',(-58.15104,1.6,30.9131));
#6559=CARTESIAN_POINT('Origin',(-56.05104,2.1,30.9131));
#6560=CARTESIAN_POINT('Origin',(-56.05104,2.1,30.9131));
#6561=CARTESIAN_POINT('',(-57.95104,2.1,30.9131));
#6562=CARTESIAN_POINT('Origin',(-56.05104,2.1,30.9131));
#6563=CARTESIAN_POINT('Origin',(-56.05104,1.6,30.9131));
#6564=CARTESIAN_POINT('',(-57.95104,1.6,30.9131));
#6565=CARTESIAN_POINT('Origin',(-56.05104,1.6,30.9131));
#6566=CARTESIAN_POINT('Origin',(55.74896,0.,30.9131));
#6567=CARTESIAN_POINT('',(53.84896,1.56,30.9131));
#6568=CARTESIAN_POINT('Origin',(55.74896,1.56,30.9131));
#6569=CARTESIAN_POINT('',(53.84896,0.,30.9131));
#6570=CARTESIAN_POINT('Origin',(55.97396,0.,-30.9119));
#6571=CARTESIAN_POINT('',(54.07396,1.56,-30.9119));
#6572=CARTESIAN_POINT('Origin',(55.97396,1.56,-30.9119));
#6573=CARTESIAN_POINT('',(54.07396,0.,-30.9119));
#6574=CARTESIAN_POINT('Origin',(-56.05104,0.,-30.9119));
#6575=CARTESIAN_POINT('',(-57.95104,1.56,-30.9119));
#6576=CARTESIAN_POINT('Origin',(-56.05104,1.56,-30.9119));
#6577=CARTESIAN_POINT('',(-57.95104,0.,-30.9119));
#6578=CARTESIAN_POINT('Origin',(-56.05104,0.,30.9131));
#6579=CARTESIAN_POINT('',(-57.95104,1.56,30.9131));
#6580=CARTESIAN_POINT('Origin',(-56.05104,1.56,30.9131));
#6581=CARTESIAN_POINT('',(-57.95104,0.,30.9131));
#6582=CARTESIAN_POINT('Origin',(14.7152629690082,0.,-37.5122713524789));
#6583=CARTESIAN_POINT('',(27.0046877903365,0.,-37.5122356762395));
#6584=CARTESIAN_POINT('',(14.7152629690082,0.,-37.5122356762395));
#6585=CARTESIAN_POINT('',(57.0193857811707,0.,-37.5122));
#6586=CARTESIAN_POINT('',(27.0046877903365,-1.,-37.5122713524789));
#6587=CARTESIAN_POINT('',(27.0046877903365,0.,-37.5122713524789));
#6588=CARTESIAN_POINT('',(14.7152629690082,-1.,-37.5122713524789));
#6589=CARTESIAN_POINT('',(27.0982128787766,-1.,-37.5122713524789));
#6590=CARTESIAN_POINT('',(14.7152629690082,0.,-37.5122713524789));
#6591=CARTESIAN_POINT('Origin',(27.0046877903365,0.,-36.5122713524789));
#6592=CARTESIAN_POINT('',(14.7152629690082,0.,-36.5122713524789));
#6593=CARTESIAN_POINT('',(27.0046877903365,0.,-36.5122713524789));
#6594=CARTESIAN_POINT('',(13.5023551554664,0.,-36.5122713524789));
#6595=CARTESIAN_POINT('',(14.7152629690082,-1.,-36.5122713524789));
#6596=CARTESIAN_POINT('',(14.7152629690082,0.,-36.5122713524789));
#6597=CARTESIAN_POINT('',(27.0046877903365,-1.,-36.5122713524789));
#6598=CARTESIAN_POINT('',(27.0046877903365,-1.,-36.5122713524789));
#6599=CARTESIAN_POINT('',(27.0046877903365,0.,-36.5122713524789));
#6600=CARTESIAN_POINT('Origin',(20.8599753796724,-1.,-37.0122713524789));
#6601=CARTESIAN_POINT('',(14.7152629690082,-1.,-36.5122713524789));
#6602=CARTESIAN_POINT('',(27.0046877903365,-1.,-36.5122713524789));
#6603=CARTESIAN_POINT('Origin',(2.2520596214548E-5,0.,-1.07686189476652E-5));
#6604=CARTESIAN_POINT('',(57.0127823112109,0.,-36.5122713524789));
#6605=CARTESIAN_POINT('',(57.0127823112109,0.,-36.5122713524789));
#6606=CARTESIAN_POINT('',(57.215544754506,0.,-36.5094288432943));
#6607=CARTESIAN_POINT('',(57.215544754506,0.,-36.5094288432943));
#6608=CARTESIAN_POINT('',(61.4990341857682,0.,-32.2244992208403));
#6609=CARTESIAN_POINT('Origin',(57.00033755166,0.,-32.0108042996216));
#6610=CARTESIAN_POINT('',(61.501863,0.,-32.0227136687474));
#6611=CARTESIAN_POINT('',(61.501863,0.,-32.0227136687474));
#6612=CARTESIAN_POINT('',(61.501863,6.8295102609673E-15,-23.483357804025));
#6613=CARTESIAN_POINT('',(61.501863,0.,32.0224108466974));
#6614=CARTESIAN_POINT('',(60.601863,6.8295102609673E-15,-23.483357804025));
#6615=CARTESIAN_POINT('',(30.0119912602981,0.,-23.483357804025));
#6616=CARTESIAN_POINT('',(60.6018630000001,0.,-32.0164054674816));
#6617=CARTESIAN_POINT('',(60.6018629999999,0.,32.0162693386851));
#6618=CARTESIAN_POINT('',(60.5992751194344,0.,-32.2010046902987));
#6619=CARTESIAN_POINT('',(60.6018630000001,0.,-32.0164054674816));
#6620=CARTESIAN_POINT('',(57.1906676902852,0.,-35.6096121194351));
#6621=CARTESIAN_POINT('Origin',(57.001864651423,0.,-32.012201651423));
#6622=CARTESIAN_POINT('',(57.0060684674579,0.,-35.6122000000003));
#6623=CARTESIAN_POINT('',(57.1906676902852,0.,-35.6096121194351));
#6624=CARTESIAN_POINT('',(-15.101041,0.,-35.6122000000001));
#6625=CARTESIAN_POINT('',(57.0060684674579,0.,-35.6122000000003));
#6626=CARTESIAN_POINT('',(-15.101041,0.,-36.5122713524789));
#6627=CARTESIAN_POINT('',(-15.101041,0.,-18.7561053843095));
#6628=CARTESIAN_POINT('',(14.7152629690082,0.,-36.5122713524789));
#6629=CARTESIAN_POINT('Origin',(62.501863,1.50000002235174,-12.0000001788139));
#6630=CARTESIAN_POINT('',(62.501863,2.00000002980232,-12.0000001788139));
#6631=CARTESIAN_POINT('',(62.501863,1.50000002235174,-12.0000001788139));
#6632=CARTESIAN_POINT('',(62.501863,0.750000011175871,-12.0000001788139));
#6633=CARTESIAN_POINT('',(61.001863,2.00000002980232,-12.0000001788139));
#6634=CARTESIAN_POINT('',(62.501863,2.00000002980232,-12.0000001788139));
#6635=CARTESIAN_POINT('',(61.001863,1.50000002235174,-12.0000001788139));
#6636=CARTESIAN_POINT('',(61.001863,2.00000002980232,-12.0000001788139));
#6637=CARTESIAN_POINT('',(62.501863,1.50000002235174,-12.0000001788139));
#6638=CARTESIAN_POINT('Origin',(62.501863,1.50000002235174,-7.50000011175871));
#6639=CARTESIAN_POINT('',(62.501863,1.50000002235174,-7.50000011175871));
#6640=CARTESIAN_POINT('',(62.501863,1.50000002235174,12.2646173163689));
#6641=CARTESIAN_POINT('',(61.001863,1.50000002235174,-7.50000011175871));
#6642=CARTESIAN_POINT('',(61.001863,1.50000002235174,-12.0000001788139));
#6643=CARTESIAN_POINT('',(62.501863,1.50000002235174,-7.50000011175871));
#6644=CARTESIAN_POINT('Origin',(61.001863,1.75000002607703,-9.75000014528632));
#6645=CARTESIAN_POINT('',(61.001863,2.00000002980232,-7.50000011175871));
#6646=CARTESIAN_POINT('',(61.001863,2.00000002980232,-7.50000011175871));
#6647=CARTESIAN_POINT('',(61.001863,1.50000002235174,-7.50000011175871));
#6648=CARTESIAN_POINT('Origin',(62.501863,2.00000002980232,-7.50000011175871));
#6649=CARTESIAN_POINT('',(62.501863,2.00000002980232,-7.50000011175871));
#6650=CARTESIAN_POINT('',(62.501863,1.00000001490116,-7.50000011175871));
#6651=CARTESIAN_POINT('',(62.501863,2.00000002980232,-7.50000011175871));
#6652=CARTESIAN_POINT('Origin',(62.501863,2.00000002980232,-12.0000001788139));
#6653=CARTESIAN_POINT('',(62.501863,2.00000002980232,10.0146172828413));
#6654=CARTESIAN_POINT('Origin',(-15.101041,0.,-37.5122));
#6655=CARTESIAN_POINT('',(-15.101041,1.,-36.5122713524789));
#6656=CARTESIAN_POINT('',(-15.101041,0.,-36.5122713524789));
#6657=CARTESIAN_POINT('',(-15.101041,2.60000004470349,-35.6122000000001));
#6658=CARTESIAN_POINT('',(-15.101041,0.,-35.6122000000001));
#6659=CARTESIAN_POINT('',(-15.101041,2.60000004470349,-37.5122));
#6660=CARTESIAN_POINT('',(-15.101041,2.60000004470349,-37.5122));
#6661=CARTESIAN_POINT('',(-15.101041,1.,-37.5122713524789));
#6662=CARTESIAN_POINT('',(-15.101041,0.,-37.5122));
#6663=CARTESIAN_POINT('',(-15.101041,1.,-18.7561232599061));
#6664=CARTESIAN_POINT('Origin',(-19.701041,3.29500000000002,-37.5122));
#6665=CARTESIAN_POINT('',(-19.701041,1.64750000000001,-36.5122713524789));
#6666=CARTESIAN_POINT('',(-19.701041,2.60000004470349,-37.5122));
#6667=CARTESIAN_POINT('',(-19.701041,1.64750000000001,-37.5122));
#6668=CARTESIAN_POINT('',(-19.701041,2.60000004470349,-35.6122000000001));
#6669=CARTESIAN_POINT('',(-19.701041,2.60000004470349,-37.5122));
#6670=CARTESIAN_POINT('',(-19.701041,1.64750000000001,-35.6122000000001));
#6671=CARTESIAN_POINT('Origin',(-57.0088073478271,0.,-36.5122713524789));
#6672=CARTESIAN_POINT('',(14.7152629690082,1.,-36.5122713524789));
#6673=CARTESIAN_POINT('',(14.7152629690082,1.,-36.5122713524789));
#6674=CARTESIAN_POINT('',(14.7152629690082,0.,-36.5122713524789));
#6675=CARTESIAN_POINT('Origin',(2.23311892888489E-5,1.,-4.65198122423516E-5));
#6676=CARTESIAN_POINT('',(14.7152629690082,1.,-37.5122713524789));
#6677=CARTESIAN_POINT('',(14.7152629690082,1.,-37.5122713524789));
#6678=CARTESIAN_POINT('',(14.7152629690082,1.,-36.5122713524789));
#6679=CARTESIAN_POINT('Origin',(-20.000000320375,2.60000004470349,-37.5122));
#6680=CARTESIAN_POINT('',(-14.9846641534574,2.60000004470349,-35.6122000000001));
#6681=CARTESIAN_POINT('',(-38.501252174598,2.60000004470349,-35.6122000000001));
#6682=CARTESIAN_POINT('',(-14.9846641534574,2.60000004470349,-37.5122));
#6683=CARTESIAN_POINT('',(-14.9846641534574,2.60000004470349,-37.5122));
#6684=CARTESIAN_POINT('',(18.5096927303979,2.60000004470349,-37.5122));
#6685=CARTESIAN_POINT('Origin',(-20.000000320375,2.60000004470349,-37.5122));
#6686=CARTESIAN_POINT('',(-20.000000320375,2.60000004470349,-37.5122));
#6687=CARTESIAN_POINT('',(18.5096927303979,2.60000004470349,-37.5122));
#6688=CARTESIAN_POINT('',(-20.000000320375,2.60000004470349,-35.6122000000001));
#6689=CARTESIAN_POINT('',(-20.000000320375,2.60000004470349,-37.5122));
#6690=CARTESIAN_POINT('',(-38.501252174598,2.60000004470349,-35.6122000000001));
#6691=CARTESIAN_POINT('Origin',(62.501863,9.05565334501296,-12.8022509632017));
#6692=CARTESIAN_POINT('',(62.501863,9.0557459529718,-11.8731922521162));
#6693=CARTESIAN_POINT('',(62.501863,9.05565334501296,-12.8022509632017));
#6694=CARTESIAN_POINT('',(62.501863,9.05788768644851,9.61304033715681));
#6695=CARTESIAN_POINT('',(62.901863,9.0557459529718,-11.8731922521162));
#6696=CARTESIAN_POINT('',(62.501863,9.0557459529718,-11.8731922521162));
#6697=CARTESIAN_POINT('',(62.901863,9.05565334501296,-12.8022509632017));
#6698=CARTESIAN_POINT('',(62.901863,9.0557459529718,-11.8731922521162));
#6699=CARTESIAN_POINT('',(62.501863,9.05565334501296,-12.8022509632017));
#6700=CARTESIAN_POINT('Origin',(62.501863,6.05565324070763,-12.8019519251723));
#6701=CARTESIAN_POINT('',(62.501863,6.05565324070763,-12.8019519251723));
#6702=CARTESIAN_POINT('',(62.501863,3.02559227891801,-12.8016498906964));
#6703=CARTESIAN_POINT('',(62.901863,6.05565324070763,-12.8019519251723));
#6704=CARTESIAN_POINT('',(62.901863,9.05565334501296,-12.8022509632017));
#6705=CARTESIAN_POINT('',(62.501863,6.05565324070763,-12.8019519251723));
#6706=CARTESIAN_POINT('Origin',(62.501863,6.05574584866647,-11.8728932140867));
#6707=CARTESIAN_POINT('',(62.501863,6.05574584866647,-11.8728932140867));
#6708=CARTESIAN_POINT('',(62.501863,6.0579338861226,10.077868730729));
#6709=CARTESIAN_POINT('',(62.901863,6.05574584866647,-11.8728932140867));
#6710=CARTESIAN_POINT('',(62.901863,6.05565324070763,-12.8019519251723));
#6711=CARTESIAN_POINT('',(62.501863,6.05574584866647,-11.8728932140867));
#6712=CARTESIAN_POINT('Origin',(62.501863,9.0557459529718,-11.8731922521162));
#6713=CARTESIAN_POINT('',(62.501863,4.52568493902953,-11.8727406986255));
#6714=CARTESIAN_POINT('',(62.901863,6.05574584866647,-11.8728932140867));
#6715=CARTESIAN_POINT('Origin',(62.901863,7.55404917624538,-21.1543467299746));
#6716=CARTESIAN_POINT('Ctrl Pts',(62.501863,6.89516039498446,-28.4220895418562));
#6717=CARTESIAN_POINT('Ctrl Pts',(62.901863,6.89516039498446,-28.4220895418562));
#6718=CARTESIAN_POINT('Ctrl Pts',(62.501863,6.98073599707072,-28.3734243319902));
#6719=CARTESIAN_POINT('Ctrl Pts',(62.901863,6.98073599707072,-28.3734243319902));
#6720=CARTESIAN_POINT('Ctrl Pts',(62.501863,7.18173872711425,-28.2591179198502));
#6721=CARTESIAN_POINT('Ctrl Pts',(62.901863,7.18173872711425,-28.2591179198502));
#6722=CARTESIAN_POINT('Ctrl Pts',(62.501863,7.41437890417217,-28.2560905358192));
#6723=CARTESIAN_POINT('Ctrl Pts',(62.901863,7.41437890417217,-28.2560905358192));
#6724=CARTESIAN_POINT('Ctrl Pts',(62.501863,7.54797404230511,-28.2543520408055));
#6725=CARTESIAN_POINT('Ctrl Pts',(62.901863,7.54797404230511,-28.2543520408055));
#6726=CARTESIAN_POINT('',(62.501863,7.54797404230511,-28.2543520408055));
#6727=CARTESIAN_POINT('',(62.501863,6.89516039498446,-28.4220895418562));
#6728=CARTESIAN_POINT('Ctrl Pts',(62.501863,7.54797404230511,-28.2543520408055));
#6729=CARTESIAN_POINT('Ctrl Pts',(62.501863,7.41437890417217,-28.2560905358192));
#6730=CARTESIAN_POINT('Ctrl Pts',(62.501863,7.18173872711425,-28.2591179198502));
#6731=CARTESIAN_POINT('Ctrl Pts',(62.501863,6.98073599707072,-28.3734243319902));
#6732=CARTESIAN_POINT('Ctrl Pts',(62.501863,6.89516039498446,-28.4220895418562));
#6733=CARTESIAN_POINT('',(62.901863,7.54797404230511,-28.2543520408055));
#6734=CARTESIAN_POINT('',(62.501863,7.54797404230511,-28.2543520408055));
#6735=CARTESIAN_POINT('',(62.901863,6.89516039498446,-28.4220895418562));
#6736=CARTESIAN_POINT('Ctrl Pts',(62.901863,6.89516039498446,-28.4220895418562));
#6737=CARTESIAN_POINT('Ctrl Pts',(62.901863,6.98073599707072,-28.3734243319902));
#6738=CARTESIAN_POINT('Ctrl Pts',(62.901863,7.18173872711425,-28.2591179198502));
#6739=CARTESIAN_POINT('Ctrl Pts',(62.901863,7.41437890417217,-28.2560905358192));
#6740=CARTESIAN_POINT('Ctrl Pts',(62.901863,7.54797404230511,-28.2543520408055));
#6741=CARTESIAN_POINT('',(62.501863,6.89516039498446,-28.4220895418562));
#6742=CARTESIAN_POINT('Ctrl Pts',(62.501863,6.69661523752833,-28.8825072895331));
#6743=CARTESIAN_POINT('Ctrl Pts',(62.901863,6.69661523752833,-28.8825072895331));
#6744=CARTESIAN_POINT('Ctrl Pts',(62.501863,6.7038353861314,-28.7916069327932));
#6745=CARTESIAN_POINT('Ctrl Pts',(62.901863,6.7038353861314,-28.7916069327932));
#6746=CARTESIAN_POINT('Ctrl Pts',(62.501863,6.71784715608887,-28.6152012993757));
#6747=CARTESIAN_POINT('Ctrl Pts',(62.901863,6.71784715608887,-28.6152012993757));
#6748=CARTESIAN_POINT('Ctrl Pts',(62.501863,6.83727346868245,-28.4851341635957));
#6749=CARTESIAN_POINT('Ctrl Pts',(62.901863,6.83727346868245,-28.4851341635957));
#6750=CARTESIAN_POINT('Ctrl Pts',(62.501863,6.89516039498446,-28.4220895418562));
#6751=CARTESIAN_POINT('Ctrl Pts',(62.901863,6.89516039498446,-28.4220895418562));
#6752=CARTESIAN_POINT('',(62.501863,6.69661523752833,-28.8825072895331));
#6753=CARTESIAN_POINT('Ctrl Pts',(62.501863,6.89516039498446,-28.4220895418562));
#6754=CARTESIAN_POINT('Ctrl Pts',(62.501863,6.83727346868245,-28.4851341635957));
#6755=CARTESIAN_POINT('Ctrl Pts',(62.501863,6.71784715608887,-28.6152012993757));
#6756=CARTESIAN_POINT('Ctrl Pts',(62.501863,6.7038353861314,-28.7916069327932));
#6757=CARTESIAN_POINT('Ctrl Pts',(62.501863,6.69661523752833,-28.8825072895331));
#6758=CARTESIAN_POINT('',(62.901863,6.69661523752833,-28.8825072895331));
#6759=CARTESIAN_POINT('Ctrl Pts',(62.901863,6.69661523752833,-28.8825072895331));
#6760=CARTESIAN_POINT('Ctrl Pts',(62.901863,6.7038353861314,-28.7916069327932));
#6761=CARTESIAN_POINT('Ctrl Pts',(62.901863,6.71784715608887,-28.6152012993757));
#6762=CARTESIAN_POINT('Ctrl Pts',(62.901863,6.83727346868245,-28.4851341635957));
#6763=CARTESIAN_POINT('Ctrl Pts',(62.901863,6.89516039498446,-28.4220895418562));
#6764=CARTESIAN_POINT('',(62.501863,6.69661523752833,-28.8825072895331));
#6765=CARTESIAN_POINT('Ctrl Pts',(62.501863,6.89097564606423,-29.3450086411033));
#6766=CARTESIAN_POINT('Ctrl Pts',(62.901863,6.89097564606423,-29.3450086411033));
#6767=CARTESIAN_POINT('Ctrl Pts',(62.501863,6.83431346760515,-29.2826711239604));
#6768=CARTESIAN_POINT('Ctrl Pts',(62.901863,6.83431346760515,-29.2826711239604));
#6769=CARTESIAN_POINT('Ctrl Pts',(62.501863,6.71545957597659,-29.1519127114112));
#6770=CARTESIAN_POINT('Ctrl Pts',(62.901863,6.71545957597659,-29.1519127114112));
#6771=CARTESIAN_POINT('Ctrl Pts',(62.501863,6.70308853298861,-28.9750518433897));
#6772=CARTESIAN_POINT('Ctrl Pts',(62.901863,6.70308853298861,-28.9750518433897));
#6773=CARTESIAN_POINT('Ctrl Pts',(62.501863,6.69661523752833,-28.8825072895331));
#6774=CARTESIAN_POINT('Ctrl Pts',(62.901863,6.69661523752833,-28.8825072895331));
#6775=CARTESIAN_POINT('',(62.501863,6.89097564606423,-29.3450086411033));
#6776=CARTESIAN_POINT('Ctrl Pts',(62.501863,6.69661523752833,-28.8825072895331));
#6777=CARTESIAN_POINT('Ctrl Pts',(62.501863,6.70308853298861,-28.9750518433897));
#6778=CARTESIAN_POINT('Ctrl Pts',(62.501863,6.71545957597659,-29.1519127114112));
#6779=CARTESIAN_POINT('Ctrl Pts',(62.501863,6.83431346760515,-29.2826711239604));
#6780=CARTESIAN_POINT('Ctrl Pts',(62.501863,6.89097564606423,-29.3450086411033));
#6781=CARTESIAN_POINT('',(62.901863,6.89097564606423,-29.3450086411033));
#6782=CARTESIAN_POINT('Ctrl Pts',(62.901863,6.89097564606423,-29.3450086411033));
#6783=CARTESIAN_POINT('Ctrl Pts',(62.901863,6.83431346760515,-29.2826711239604));
#6784=CARTESIAN_POINT('Ctrl Pts',(62.901863,6.71545957597659,-29.1519127114112));
#6785=CARTESIAN_POINT('Ctrl Pts',(62.901863,6.70308853298861,-28.9750518433897));
#6786=CARTESIAN_POINT('Ctrl Pts',(62.901863,6.69661523752833,-28.8825072895331));
#6787=CARTESIAN_POINT('',(62.501863,6.89097564606423,-29.3450086411033));
#6788=CARTESIAN_POINT('Ctrl Pts',(62.501863,7.5887765303451,-29.508789507681));
#6789=CARTESIAN_POINT('Ctrl Pts',(62.901863,7.5887765303451,-29.508789507681));
#6790=CARTESIAN_POINT('Ctrl Pts',(62.501863,7.44318277420812,-29.5084353168765));
#6791=CARTESIAN_POINT('Ctrl Pts',(62.901863,7.44318277420812,-29.5084353168765));
#6792=CARTESIAN_POINT('Ctrl Pts',(62.501863,7.19620644383479,-29.5078344892898));
#6793=CARTESIAN_POINT('Ctrl Pts',(62.901863,7.19620644383479,-29.5078344892898));
#6794=CARTESIAN_POINT('Ctrl Pts',(62.501863,6.97980668670856,-29.3923956991716));
#6795=CARTESIAN_POINT('Ctrl Pts',(62.901863,6.97980668670856,-29.3923956991716));
#6796=CARTESIAN_POINT('Ctrl Pts',(62.501863,6.89097564606423,-29.3450086411033));
#6797=CARTESIAN_POINT('Ctrl Pts',(62.901863,6.89097564606423,-29.3450086411033));
#6798=CARTESIAN_POINT('',(62.501863,7.5887765303451,-29.508789507681));
#6799=CARTESIAN_POINT('Ctrl Pts',(62.501863,6.89097564606423,-29.3450086411033));
#6800=CARTESIAN_POINT('Ctrl Pts',(62.501863,6.97980668670856,-29.3923956991716));
#6801=CARTESIAN_POINT('Ctrl Pts',(62.501863,7.19620644383479,-29.5078344892898));
#6802=CARTESIAN_POINT('Ctrl Pts',(62.501863,7.44318277420812,-29.5084353168765));
#6803=CARTESIAN_POINT('Ctrl Pts',(62.501863,7.5887765303451,-29.508789507681));
#6804=CARTESIAN_POINT('',(62.901863,7.5887765303451,-29.508789507681));
#6805=CARTESIAN_POINT('Ctrl Pts',(62.901863,7.5887765303451,-29.508789507681));
#6806=CARTESIAN_POINT('Ctrl Pts',(62.901863,7.44318277420812,-29.5084353168765));
#6807=CARTESIAN_POINT('Ctrl Pts',(62.901863,7.19620644383479,-29.5078344892898));
#6808=CARTESIAN_POINT('Ctrl Pts',(62.901863,6.97980668670856,-29.3923956991716));
#6809=CARTESIAN_POINT('Ctrl Pts',(62.901863,6.89097564606423,-29.3450086411033));
#6810=CARTESIAN_POINT('',(62.501863,7.5887765303451,-29.508789507681));
#6811=CARTESIAN_POINT('Ctrl Pts',(62.501863,8.20680188793262,-29.336954891933));
#6812=CARTESIAN_POINT('Ctrl Pts',(62.901863,8.20680188793262,-29.336954891933));
#6813=CARTESIAN_POINT('Ctrl Pts',(62.501863,8.1250050182114,-29.3868627841737));
#6814=CARTESIAN_POINT('Ctrl Pts',(62.901863,8.1250050182114,-29.3868627841737));
#6815=CARTESIAN_POINT('Ctrl Pts',(62.501863,7.93653293577821,-29.5018579473445));
#6816=CARTESIAN_POINT('Ctrl Pts',(62.901863,7.93653293577821,-29.5018579473445));
#6817=CARTESIAN_POINT('Ctrl Pts',(62.501863,7.71446627621684,-29.5062842308735));
#6818=CARTESIAN_POINT('Ctrl Pts',(62.901863,7.71446627621684,-29.5062842308735));
#6819=CARTESIAN_POINT('Ctrl Pts',(62.501863,7.5887765303451,-29.508789507681));
#6820=CARTESIAN_POINT('Ctrl Pts',(62.901863,7.5887765303451,-29.508789507681));
#6821=CARTESIAN_POINT('',(62.501863,8.20680188793262,-29.336954891933));
#6822=CARTESIAN_POINT('Ctrl Pts',(62.501863,7.5887765303451,-29.508789507681));
#6823=CARTESIAN_POINT('Ctrl Pts',(62.501863,7.71446627621684,-29.5062842308735));
#6824=CARTESIAN_POINT('Ctrl Pts',(62.501863,7.93653293577821,-29.5018579473445));
#6825=CARTESIAN_POINT('Ctrl Pts',(62.501863,8.1250050182114,-29.3868627841737));
#6826=CARTESIAN_POINT('Ctrl Pts',(62.501863,8.20680188793262,-29.336954891933));
#6827=CARTESIAN_POINT('',(62.901863,8.20680188793262,-29.336954891933));
#6828=CARTESIAN_POINT('Ctrl Pts',(62.901863,8.20680188793262,-29.336954891933));
#6829=CARTESIAN_POINT('Ctrl Pts',(62.901863,8.1250050182114,-29.3868627841737));
#6830=CARTESIAN_POINT('Ctrl Pts',(62.901863,7.93653293577821,-29.5018579473445));
#6831=CARTESIAN_POINT('Ctrl Pts',(62.901863,7.71446627621684,-29.5062842308735));
#6832=CARTESIAN_POINT('Ctrl Pts',(62.901863,7.5887765303451,-29.508789507681));
#6833=CARTESIAN_POINT('',(62.501863,8.20680188793262,-29.336954891933));
#6834=CARTESIAN_POINT('Ctrl Pts',(62.501863,8.40330087283934,-28.8744913088761));
#6835=CARTESIAN_POINT('Ctrl Pts',(62.901863,8.40330087283934,-28.8744913088761));
#6836=CARTESIAN_POINT('Ctrl Pts',(62.501863,8.39628721568319,-28.9658683735142));
#6837=CARTESIAN_POINT('Ctrl Pts',(62.901863,8.39628721568319,-28.9658683735142));
#6838=CARTESIAN_POINT('Ctrl Pts',(62.501863,8.38272438875088,-29.142570953306));
#6839=CARTESIAN_POINT('Ctrl Pts',(62.901863,8.38272438875088,-29.142570953306));
#6840=CARTESIAN_POINT('Ctrl Pts',(62.501863,8.26408840910731,-29.2736566807072));
#6841=CARTESIAN_POINT('Ctrl Pts',(62.901863,8.26408840910731,-29.2736566807072));
#6842=CARTESIAN_POINT('Ctrl Pts',(62.501863,8.20680188793262,-29.336954891933));
#6843=CARTESIAN_POINT('Ctrl Pts',(62.901863,8.20680188793262,-29.336954891933));
#6844=CARTESIAN_POINT('',(62.501863,8.40330087283934,-28.8744913088761));
#6845=CARTESIAN_POINT('Ctrl Pts',(62.501863,8.20680188793262,-29.336954891933));
#6846=CARTESIAN_POINT('Ctrl Pts',(62.501863,8.26408840910731,-29.2736566807072));
#6847=CARTESIAN_POINT('Ctrl Pts',(62.501863,8.38272438875088,-29.142570953306));
#6848=CARTESIAN_POINT('Ctrl Pts',(62.501863,8.39628721568319,-28.9658683735142));
#6849=CARTESIAN_POINT('Ctrl Pts',(62.501863,8.40330087283934,-28.8744913088761));
#6850=CARTESIAN_POINT('',(62.901863,8.40330087283934,-28.8744913088761));
#6851=CARTESIAN_POINT('Ctrl Pts',(62.901863,8.40330087283934,-28.8744913088761));
#6852=CARTESIAN_POINT('Ctrl Pts',(62.901863,8.39628721568319,-28.9658683735142));
#6853=CARTESIAN_POINT('Ctrl Pts',(62.901863,8.38272438875088,-29.142570953306));
#6854=CARTESIAN_POINT('Ctrl Pts',(62.901863,8.26408840910731,-29.2736566807072));
#6855=CARTESIAN_POINT('Ctrl Pts',(62.901863,8.20680188793262,-29.336954891933));
#6856=CARTESIAN_POINT('',(62.501863,8.40330087283934,-28.8744913088761));
#6857=CARTESIAN_POINT('Ctrl Pts',(62.501863,8.20484648759067,-28.4242669140129));
#6858=CARTESIAN_POINT('Ctrl Pts',(62.901863,8.20484648759067,-28.4242669140129));
#6859=CARTESIAN_POINT('Ctrl Pts',(62.501863,8.26272926842225,-28.4864081617644));
#6860=CARTESIAN_POINT('Ctrl Pts',(62.901863,8.26272926842225,-28.4864081617644));
#6861=CARTESIAN_POINT('Ctrl Pts',(62.501863,8.38089341558595,-28.6132657079769));
#6862=CARTESIAN_POINT('Ctrl Pts',(62.901863,8.38089341558595,-28.6132657079769));
#6863=CARTESIAN_POINT('Ctrl Pts',(62.501863,8.39573132338528,-28.786245682328));
#6864=CARTESIAN_POINT('Ctrl Pts',(62.901863,8.39573132338528,-28.786245682328));
#6865=CARTESIAN_POINT('Ctrl Pts',(62.501863,8.40330087283934,-28.8744913088761));
#6866=CARTESIAN_POINT('Ctrl Pts',(62.901863,8.40330087283934,-28.8744913088761));
#6867=CARTESIAN_POINT('',(62.501863,8.20484648759067,-28.4242669140129));
#6868=CARTESIAN_POINT('Ctrl Pts',(62.501863,8.40330087283934,-28.8744913088761));
#6869=CARTESIAN_POINT('Ctrl Pts',(62.501863,8.39573132338528,-28.786245682328));
#6870=CARTESIAN_POINT('Ctrl Pts',(62.501863,8.38089341558595,-28.6132657079769));
#6871=CARTESIAN_POINT('Ctrl Pts',(62.501863,8.26272926842225,-28.4864081617644));
#6872=CARTESIAN_POINT('Ctrl Pts',(62.501863,8.20484648759067,-28.4242669140129));
#6873=CARTESIAN_POINT('',(62.901863,8.20484648759067,-28.4242669140129));
#6874=CARTESIAN_POINT('Ctrl Pts',(62.901863,8.20484648759067,-28.4242669140129));
#6875=CARTESIAN_POINT('Ctrl Pts',(62.901863,8.26272926842225,-28.4864081617644));
#6876=CARTESIAN_POINT('Ctrl Pts',(62.901863,8.38089341558595,-28.6132657079769));
#6877=CARTESIAN_POINT('Ctrl Pts',(62.901863,8.39573132338528,-28.786245682328));
#6878=CARTESIAN_POINT('Ctrl Pts',(62.901863,8.40330087283934,-28.8744913088761));
#6879=CARTESIAN_POINT('',(62.501863,8.20484648759067,-28.4242669140129));
#6880=CARTESIAN_POINT('Ctrl Pts',(62.501863,7.54797404230511,-28.2543520408055));
#6881=CARTESIAN_POINT('Ctrl Pts',(62.901863,7.54797404230511,-28.2543520408055));
#6882=CARTESIAN_POINT('Ctrl Pts',(62.501863,7.68267421337437,-28.2560853888021));
#6883=CARTESIAN_POINT('Ctrl Pts',(62.901863,7.68267421337437,-28.2560853888021));
#6884=CARTESIAN_POINT('Ctrl Pts',(62.501863,7.91699523824905,-28.2591006773188));
#6885=CARTESIAN_POINT('Ctrl Pts',(62.901863,7.91699523824905,-28.2591006773188));
#6886=CARTESIAN_POINT('Ctrl Pts',(62.501863,8.11897529544876,-28.3749948622884));
#6887=CARTESIAN_POINT('Ctrl Pts',(62.901863,8.11897529544876,-28.3749948622884));
#6888=CARTESIAN_POINT('Ctrl Pts',(62.501863,8.20484648759067,-28.4242669140129));
#6889=CARTESIAN_POINT('Ctrl Pts',(62.901863,8.20484648759067,-28.4242669140129));
#6890=CARTESIAN_POINT('Ctrl Pts',(62.501863,8.20484648759067,-28.4242669140129));
#6891=CARTESIAN_POINT('Ctrl Pts',(62.501863,8.11897529544876,-28.3749948622884));
#6892=CARTESIAN_POINT('Ctrl Pts',(62.501863,7.91699523824905,-28.2591006773188));
#6893=CARTESIAN_POINT('Ctrl Pts',(62.501863,7.68267421337437,-28.2560853888021));
#6894=CARTESIAN_POINT('Ctrl Pts',(62.501863,7.54797404230511,-28.2543520408055));
#6895=CARTESIAN_POINT('Ctrl Pts',(62.901863,7.54797404230511,-28.2543520408055));
#6896=CARTESIAN_POINT('Ctrl Pts',(62.901863,7.68267421337437,-28.2560853888021));
#6897=CARTESIAN_POINT('Ctrl Pts',(62.901863,7.91699523824905,-28.2591006773188));
#6898=CARTESIAN_POINT('Ctrl Pts',(62.901863,8.11897529544876,-28.3749948622884));
#6899=CARTESIAN_POINT('Ctrl Pts',(62.901863,8.20484648759067,-28.4242669140129));
#6900=CARTESIAN_POINT('Ctrl Pts',(62.501863,8.69604716331652,-27.7367309961418));
#6901=CARTESIAN_POINT('Ctrl Pts',(62.901863,8.69604716331652,-27.7367309961418));
#6902=CARTESIAN_POINT('Ctrl Pts',(62.501863,8.53883063688935,-27.6174839224048));
#6903=CARTESIAN_POINT('Ctrl Pts',(62.901863,8.53883063688935,-27.6174839224048));
#6904=CARTESIAN_POINT('Ctrl Pts',(62.501863,8.20197549319629,-27.3619828559996));
#6905=CARTESIAN_POINT('Ctrl Pts',(62.901863,8.20197549319629,-27.3619828559996));
#6906=CARTESIAN_POINT('Ctrl Pts',(62.501863,7.77816773790726,-27.3393884652177));
#6907=CARTESIAN_POINT('Ctrl Pts',(62.901863,7.77816773790726,-27.3393884652177));
#6908=CARTESIAN_POINT('Ctrl Pts',(62.501863,7.55215890125415,-27.3273392945459));
#6909=CARTESIAN_POINT('Ctrl Pts',(62.901863,7.55215890125415,-27.3273392945459));
#6910=CARTESIAN_POINT('',(62.501863,7.55215890125415,-27.3273392945459));
#6911=CARTESIAN_POINT('',(62.501863,8.69604716331652,-27.7367309961418));
#6912=CARTESIAN_POINT('Ctrl Pts',(62.501863,7.55215890125415,-27.3273392945459));
#6913=CARTESIAN_POINT('Ctrl Pts',(62.501863,7.77816773790726,-27.3393884652177));
#6914=CARTESIAN_POINT('Ctrl Pts',(62.501863,8.20197549319629,-27.3619828559996));
#6915=CARTESIAN_POINT('Ctrl Pts',(62.501863,8.53883063688935,-27.6174839224048));
#6916=CARTESIAN_POINT('Ctrl Pts',(62.501863,8.69604716331652,-27.7367309961418));
#6917=CARTESIAN_POINT('',(62.901863,7.55215890125415,-27.3273392945459));
#6918=CARTESIAN_POINT('',(62.501863,7.55215890125415,-27.3273392945459));
#6919=CARTESIAN_POINT('',(62.901863,8.69604716331652,-27.7367309961418));
#6920=CARTESIAN_POINT('Ctrl Pts',(62.901863,8.69604716331652,-27.7367309961418));
#6921=CARTESIAN_POINT('Ctrl Pts',(62.901863,8.53883063688935,-27.6174839224048));
#6922=CARTESIAN_POINT('Ctrl Pts',(62.901863,8.20197549319629,-27.3619828559996));
#6923=CARTESIAN_POINT('Ctrl Pts',(62.901863,7.77816773790726,-27.3393884652177));
#6924=CARTESIAN_POINT('Ctrl Pts',(62.901863,7.55215890125415,-27.3273392945459));
#6925=CARTESIAN_POINT('',(62.501863,8.69604716331652,-27.7367309961418));
#6926=CARTESIAN_POINT('Ctrl Pts',(62.501863,9.10521062464251,-28.8766080982885));
#6927=CARTESIAN_POINT('Ctrl Pts',(62.901863,9.10521062464251,-28.8766080982885));
#6928=CARTESIAN_POINT('Ctrl Pts',(62.501863,9.09307794695546,-28.6516470710435));
#6929=CARTESIAN_POINT('Ctrl Pts',(62.901863,9.09307794695546,-28.6516470710435));
#6930=CARTESIAN_POINT('Ctrl Pts',(62.501863,9.07029405171611,-28.2291938739922));
#6931=CARTESIAN_POINT('Ctrl Pts',(62.901863,9.07029405171611,-28.2291938739922));
#6932=CARTESIAN_POINT('Ctrl Pts',(62.501863,8.81526868505792,-27.8936118561258));
#6933=CARTESIAN_POINT('Ctrl Pts',(62.901863,8.81526868505792,-27.8936118561258));
#6934=CARTESIAN_POINT('Ctrl Pts',(62.501863,8.69604716331652,-27.7367309961418));
#6935=CARTESIAN_POINT('Ctrl Pts',(62.901863,8.69604716331652,-27.7367309961418));
#6936=CARTESIAN_POINT('',(62.501863,9.10521062464251,-28.8766080982885));
#6937=CARTESIAN_POINT('Ctrl Pts',(62.501863,8.69604716331652,-27.7367309961418));
#6938=CARTESIAN_POINT('Ctrl Pts',(62.501863,8.81526868505792,-27.8936118561258));
#6939=CARTESIAN_POINT('Ctrl Pts',(62.501863,9.07029405171611,-28.2291938739922));
#6940=CARTESIAN_POINT('Ctrl Pts',(62.501863,9.09307794695546,-28.6516470710435));
#6941=CARTESIAN_POINT('Ctrl Pts',(62.501863,9.10521062464251,-28.8766080982885));
#6942=CARTESIAN_POINT('',(62.901863,9.10521062464251,-28.8766080982885));
#6943=CARTESIAN_POINT('Ctrl Pts',(62.901863,9.10521062464251,-28.8766080982885));
#6944=CARTESIAN_POINT('Ctrl Pts',(62.901863,9.09307794695546,-28.6516470710435));
#6945=CARTESIAN_POINT('Ctrl Pts',(62.901863,9.07029405171611,-28.2291938739922));
#6946=CARTESIAN_POINT('Ctrl Pts',(62.901863,8.81526868505792,-27.8936118561258));
#6947=CARTESIAN_POINT('Ctrl Pts',(62.901863,8.69604716331652,-27.7367309961418));
#6948=CARTESIAN_POINT('',(62.501863,9.10521062464251,-28.8766080982885));
#6949=CARTESIAN_POINT('Ctrl Pts',(62.501863,8.70195777761168,-30.0307284076176));
#6950=CARTESIAN_POINT('Ctrl Pts',(62.901863,8.70195777761168,-30.0307284076176));
#6951=CARTESIAN_POINT('Ctrl Pts',(62.501863,8.81937828824314,-29.8731213567118));
#6952=CARTESIAN_POINT('Ctrl Pts',(62.901863,8.81937828824314,-29.8731213567118));
#6953=CARTESIAN_POINT('Ctrl Pts',(62.501863,9.07333756782642,-29.5322458751625));
#6954=CARTESIAN_POINT('Ctrl Pts',(62.901863,9.07333756782642,-29.5322458751625));
#6955=CARTESIAN_POINT('Ctrl Pts',(62.501863,9.09406611839792,-29.1058537379748));
#6956=CARTESIAN_POINT('Ctrl Pts',(62.901863,9.09406611839792,-29.1058537379748));
#6957=CARTESIAN_POINT('Ctrl Pts',(62.501863,9.10521062464251,-28.8766080982885));
#6958=CARTESIAN_POINT('Ctrl Pts',(62.901863,9.10521062464251,-28.8766080982885));
#6959=CARTESIAN_POINT('',(62.501863,8.70195777761168,-30.0307284076176));
#6960=CARTESIAN_POINT('Ctrl Pts',(62.501863,9.10521062464251,-28.8766080982885));
#6961=CARTESIAN_POINT('Ctrl Pts',(62.501863,9.09406611839792,-29.1058537379748));
#6962=CARTESIAN_POINT('Ctrl Pts',(62.501863,9.07333756782642,-29.5322458751625));
#6963=CARTESIAN_POINT('Ctrl Pts',(62.501863,8.81937828824314,-29.8731213567118));
#6964=CARTESIAN_POINT('Ctrl Pts',(62.501863,8.70195777761168,-30.0307284076176));
#6965=CARTESIAN_POINT('',(62.901863,8.70195777761168,-30.0307284076176));
#6966=CARTESIAN_POINT('Ctrl Pts',(62.901863,8.70195777761168,-30.0307284076176));
#6967=CARTESIAN_POINT('Ctrl Pts',(62.901863,8.81937828824314,-29.8731213567118));
#6968=CARTESIAN_POINT('Ctrl Pts',(62.901863,9.07333756782642,-29.5322458751625));
#6969=CARTESIAN_POINT('Ctrl Pts',(62.901863,9.09406611839792,-29.1058537379748));
#6970=CARTESIAN_POINT('Ctrl Pts',(62.901863,9.10521062464251,-28.8766080982885));
#6971=CARTESIAN_POINT('',(62.501863,8.70195777761168,-30.0307284076176));
#6972=CARTESIAN_POINT('Ctrl Pts',(62.501863,7.57640556964211,-30.4358002458625));
#6973=CARTESIAN_POINT('Ctrl Pts',(62.901863,7.57640556964211,-30.4358002458625));
#6974=CARTESIAN_POINT('Ctrl Pts',(62.501863,7.79915992723368,-30.4239480482579));
#6975=CARTESIAN_POINT('Ctrl Pts',(62.901863,7.79915992723368,-30.4239480482579));
#6976=CARTESIAN_POINT('Ctrl Pts',(62.501863,8.21670899098807,-30.4017313155901));
#6977=CARTESIAN_POINT('Ctrl Pts',(62.901863,8.21670899098807,-30.4017313155901));
#6978=CARTESIAN_POINT('Ctrl Pts',(62.501863,8.54759367782017,-30.1487493723019));
#6979=CARTESIAN_POINT('Ctrl Pts',(62.901863,8.54759367782017,-30.1487493723019));
#6980=CARTESIAN_POINT('Ctrl Pts',(62.501863,8.70195777761168,-30.0307284076176));
#6981=CARTESIAN_POINT('Ctrl Pts',(62.901863,8.70195777761168,-30.0307284076176));
#6982=CARTESIAN_POINT('',(62.501863,7.57640556964211,-30.4358002458625));
#6983=CARTESIAN_POINT('Ctrl Pts',(62.501863,8.70195777761168,-30.0307284076176));
#6984=CARTESIAN_POINT('Ctrl Pts',(62.501863,8.54759367782017,-30.1487493723019));
#6985=CARTESIAN_POINT('Ctrl Pts',(62.501863,8.21670899098807,-30.4017313155901));
#6986=CARTESIAN_POINT('Ctrl Pts',(62.501863,7.79915992723368,-30.4239480482579));
#6987=CARTESIAN_POINT('Ctrl Pts',(62.501863,7.57640556964211,-30.4358002458625));
#6988=CARTESIAN_POINT('',(62.901863,7.57640556964211,-30.4358002458625));
#6989=CARTESIAN_POINT('Ctrl Pts',(62.901863,7.57640556964211,-30.4358002458625));
#6990=CARTESIAN_POINT('Ctrl Pts',(62.901863,7.79915992723368,-30.4239480482579));
#6991=CARTESIAN_POINT('Ctrl Pts',(62.901863,8.21670899098807,-30.4017313155901));
#6992=CARTESIAN_POINT('Ctrl Pts',(62.901863,8.54759367782017,-30.1487493723019));
#6993=CARTESIAN_POINT('Ctrl Pts',(62.901863,8.70195777761168,-30.0307284076176));
#6994=CARTESIAN_POINT('',(62.501863,7.57640556964211,-30.4358002458625));
#6995=CARTESIAN_POINT('Ctrl Pts',(62.501863,6.71284917316866,-30.2576786685812));
#6996=CARTESIAN_POINT('Ctrl Pts',(62.901863,6.71284917316866,-30.2576786685812));
#6997=CARTESIAN_POINT('Ctrl Pts',(62.501863,6.83949718789274,-30.3095244429947));
#6998=CARTESIAN_POINT('Ctrl Pts',(62.901863,6.83949718789274,-30.3095244429947));
#6999=CARTESIAN_POINT('Ctrl Pts',(62.501863,7.11570869603307,-30.4225968790108));
#7000=CARTESIAN_POINT('Ctrl Pts',(62.901863,7.11570869603307,-30.4225968790108));
#7001=CARTESIAN_POINT('Ctrl Pts',(62.501863,7.4145749464937,-30.4311622524059));
#7002=CARTESIAN_POINT('Ctrl Pts',(62.901863,7.4145749464937,-30.4311622524059));
#7003=CARTESIAN_POINT('Ctrl Pts',(62.501863,7.57640556964211,-30.4358002458625));
#7004=CARTESIAN_POINT('Ctrl Pts',(62.901863,7.57640556964211,-30.4358002458625));
#7005=CARTESIAN_POINT('',(62.501863,6.71284917316866,-30.2576786685812));
#7006=CARTESIAN_POINT('Ctrl Pts',(62.501863,7.57640556964211,-30.4358002458625));
#7007=CARTESIAN_POINT('Ctrl Pts',(62.501863,7.4145749464937,-30.4311622524059));
#7008=CARTESIAN_POINT('Ctrl Pts',(62.501863,7.11570869603307,-30.4225968790108));
#7009=CARTESIAN_POINT('Ctrl Pts',(62.501863,6.83949718789274,-30.3095244429947));
#7010=CARTESIAN_POINT('Ctrl Pts',(62.501863,6.71284917316866,-30.2576786685812));
#7011=CARTESIAN_POINT('',(62.901863,6.71284917316866,-30.2576786685812));
#7012=CARTESIAN_POINT('Ctrl Pts',(62.901863,6.71284917316866,-30.2576786685812));
#7013=CARTESIAN_POINT('Ctrl Pts',(62.901863,6.83949718789274,-30.3095244429947));
#7014=CARTESIAN_POINT('Ctrl Pts',(62.901863,7.11570869603307,-30.4225968790108));
#7015=CARTESIAN_POINT('Ctrl Pts',(62.901863,7.4145749464937,-30.4311622524059));
#7016=CARTESIAN_POINT('Ctrl Pts',(62.901863,7.57640556964211,-30.4358002458625));
#7017=CARTESIAN_POINT('',(62.501863,6.71284917316866,-30.2576786685812));
#7018=CARTESIAN_POINT('Ctrl Pts',(62.501863,6.18902570969185,-29.7460302488123));
#7019=CARTESIAN_POINT('Ctrl Pts',(62.901863,6.18902570969185,-29.7460302488123));
#7020=CARTESIAN_POINT('Ctrl Pts',(62.501863,6.25768028801242,-29.8511343012614));
#7021=CARTESIAN_POINT('Ctrl Pts',(62.901863,6.25768028801242,-29.8511343012614));
#7022=CARTESIAN_POINT('Ctrl Pts',(62.501863,6.39443146262657,-30.0604881853099));
#7023=CARTESIAN_POINT('Ctrl Pts',(62.901863,6.39443146262657,-30.0604881853099));
#7024=CARTESIAN_POINT('Ctrl Pts',(62.501863,6.60699904752938,-30.1921275489729));
#7025=CARTESIAN_POINT('Ctrl Pts',(62.901863,6.60699904752938,-30.1921275489729));
#7026=CARTESIAN_POINT('Ctrl Pts',(62.501863,6.71284917316866,-30.2576786685812));
#7027=CARTESIAN_POINT('Ctrl Pts',(62.901863,6.71284917316866,-30.2576786685812));
#7028=CARTESIAN_POINT('',(62.501863,6.18902570969185,-29.7460302488123));
#7029=CARTESIAN_POINT('Ctrl Pts',(62.501863,6.71284917316866,-30.2576786685812));
#7030=CARTESIAN_POINT('Ctrl Pts',(62.501863,6.60699904752938,-30.1921275489729));
#7031=CARTESIAN_POINT('Ctrl Pts',(62.501863,6.39443146262657,-30.0604881853099));
#7032=CARTESIAN_POINT('Ctrl Pts',(62.501863,6.25768028801242,-29.8511343012614));
#7033=CARTESIAN_POINT('Ctrl Pts',(62.501863,6.18902570969185,-29.7460302488123));
#7034=CARTESIAN_POINT('',(62.901863,6.18902570969185,-29.7460302488123));
#7035=CARTESIAN_POINT('Ctrl Pts',(62.901863,6.18902570969185,-29.7460302488123));
#7036=CARTESIAN_POINT('Ctrl Pts',(62.901863,6.25768028801242,-29.8511343012614));
#7037=CARTESIAN_POINT('Ctrl Pts',(62.901863,6.39443146262657,-30.0604881853099));
#7038=CARTESIAN_POINT('Ctrl Pts',(62.901863,6.60699904752938,-30.1921275489729));
#7039=CARTESIAN_POINT('Ctrl Pts',(62.901863,6.71284917316866,-30.2576786685812));
#7040=CARTESIAN_POINT('',(62.501863,6.18902570969185,-29.7460302488123));
#7041=CARTESIAN_POINT('Ctrl Pts',(62.501863,6.00288772784825,-28.9131333393519));
#7042=CARTESIAN_POINT('Ctrl Pts',(62.901863,6.00288772784825,-28.9131333393519));
#7043=CARTESIAN_POINT('Ctrl Pts',(62.501863,6.0082205481127,-29.0681296841461));
#7044=CARTESIAN_POINT('Ctrl Pts',(62.901863,6.0082205481127,-29.0681296841461));
#7045=CARTESIAN_POINT('Ctrl Pts',(62.501863,6.01819010365276,-29.3578909345358));
#7046=CARTESIAN_POINT('Ctrl Pts',(62.901863,6.01819010365276,-29.3578909345358));
#7047=CARTESIAN_POINT('Ctrl Pts',(62.501863,6.13479431783147,-29.6228162670378));
#7048=CARTESIAN_POINT('Ctrl Pts',(62.901863,6.13479431783147,-29.6228162670378));
#7049=CARTESIAN_POINT('Ctrl Pts',(62.501863,6.18902570969185,-29.7460302488123));
#7050=CARTESIAN_POINT('Ctrl Pts',(62.901863,6.18902570969185,-29.7460302488123));
#7051=CARTESIAN_POINT('',(62.501863,6.00288772784825,-28.9131333393519));
#7052=CARTESIAN_POINT('Ctrl Pts',(62.501863,6.18902570969185,-29.7460302488123));
#7053=CARTESIAN_POINT('Ctrl Pts',(62.501863,6.13479431783147,-29.6228162670378));
#7054=CARTESIAN_POINT('Ctrl Pts',(62.501863,6.01819010365276,-29.3578909345358));
#7055=CARTESIAN_POINT('Ctrl Pts',(62.501863,6.0082205481127,-29.0681296841461));
#7056=CARTESIAN_POINT('Ctrl Pts',(62.501863,6.00288772784825,-28.9131333393519));
#7057=CARTESIAN_POINT('',(62.901863,6.00288772784825,-28.9131333393519));
#7058=CARTESIAN_POINT('Ctrl Pts',(62.901863,6.00288772784825,-28.9131333393519));
#7059=CARTESIAN_POINT('Ctrl Pts',(62.901863,6.0082205481127,-29.0681296841461));
#7060=CARTESIAN_POINT('Ctrl Pts',(62.901863,6.01819010365276,-29.3578909345358));
#7061=CARTESIAN_POINT('Ctrl Pts',(62.901863,6.13479431783147,-29.6228162670378));
#7062=CARTESIAN_POINT('Ctrl Pts',(62.901863,6.18902570969185,-29.7460302488123));
#7063=CARTESIAN_POINT('',(62.501863,6.00288772784825,-28.9131333393519));
#7064=CARTESIAN_POINT('Ctrl Pts',(62.501863,6.16463575170218,-28.0720850049847));
#7065=CARTESIAN_POINT('Ctrl Pts',(62.901863,6.16463575170218,-28.0720850049847));
#7066=CARTESIAN_POINT('Ctrl Pts',(62.501863,6.11755274956695,-28.1964202264573));
#7067=CARTESIAN_POINT('Ctrl Pts',(62.901863,6.11755274956695,-28.1964202264573));
#7068=CARTESIAN_POINT('Ctrl Pts',(62.501863,6.01509930811501,-28.4669758570641));
#7069=CARTESIAN_POINT('Ctrl Pts',(62.901863,6.01509930811501,-28.4669758570641));
#7070=CARTESIAN_POINT('Ctrl Pts',(62.501863,6.00717200067711,-28.7566048363244));
#7071=CARTESIAN_POINT('Ctrl Pts',(62.901863,6.00717200067711,-28.7566048363244));
#7072=CARTESIAN_POINT('Ctrl Pts',(62.501863,6.00288772784825,-28.9131333393519));
#7073=CARTESIAN_POINT('Ctrl Pts',(62.901863,6.00288772784825,-28.9131333393519));
#7074=CARTESIAN_POINT('',(62.501863,6.16463575170218,-28.0720850049847));
#7075=CARTESIAN_POINT('Ctrl Pts',(62.501863,6.00288772784825,-28.9131333393519));
#7076=CARTESIAN_POINT('Ctrl Pts',(62.501863,6.00717200067711,-28.7566048363244));
#7077=CARTESIAN_POINT('Ctrl Pts',(62.501863,6.01509930811501,-28.4669758570641));
#7078=CARTESIAN_POINT('Ctrl Pts',(62.501863,6.11755274956695,-28.1964202264573));
#7079=CARTESIAN_POINT('Ctrl Pts',(62.501863,6.16463575170218,-28.0720850049847));
#7080=CARTESIAN_POINT('',(62.901863,6.16463575170218,-28.0720850049847));
#7081=CARTESIAN_POINT('Ctrl Pts',(62.901863,6.16463575170218,-28.0720850049847));
#7082=CARTESIAN_POINT('Ctrl Pts',(62.901863,6.11755274956695,-28.1964202264573));
#7083=CARTESIAN_POINT('Ctrl Pts',(62.901863,6.01509930811501,-28.4669758570641));
#7084=CARTESIAN_POINT('Ctrl Pts',(62.901863,6.00717200067711,-28.7566048363244));
#7085=CARTESIAN_POINT('Ctrl Pts',(62.901863,6.00288772784825,-28.9131333393519));
#7086=CARTESIAN_POINT('',(62.501863,6.16463575170218,-28.0720850049847));
#7087=CARTESIAN_POINT('Ctrl Pts',(62.501863,6.67628559932639,-27.5339370553234));
#7088=CARTESIAN_POINT('Ctrl Pts',(62.901863,6.67628559932639,-27.5339370553234));
#7089=CARTESIAN_POINT('Ctrl Pts',(62.501863,6.56822277322865,-27.6065260233575));
#7090=CARTESIAN_POINT('Ctrl Pts',(62.901863,6.56822277322865,-27.6065260233575));
#7091=CARTESIAN_POINT('Ctrl Pts',(62.501863,6.3575406217324,-27.7480474004357));
#7092=CARTESIAN_POINT('Ctrl Pts',(62.901863,6.3575406217324,-27.7480474004357));
#7093=CARTESIAN_POINT('Ctrl Pts',(62.501863,6.22782015742152,-27.9659491491562));
#7094=CARTESIAN_POINT('Ctrl Pts',(62.901863,6.22782015742152,-27.9659491491562));
#7095=CARTESIAN_POINT('Ctrl Pts',(62.501863,6.16463575170218,-28.0720850049847));
#7096=CARTESIAN_POINT('Ctrl Pts',(62.901863,6.16463575170218,-28.0720850049847));
#7097=CARTESIAN_POINT('',(62.501863,6.67628559932639,-27.5339370553234));
#7098=CARTESIAN_POINT('Ctrl Pts',(62.501863,6.16463575170218,-28.0720850049847));
#7099=CARTESIAN_POINT('Ctrl Pts',(62.501863,6.22782015742152,-27.9659491491562));
#7100=CARTESIAN_POINT('Ctrl Pts',(62.501863,6.3575406217324,-27.7480474004357));
#7101=CARTESIAN_POINT('Ctrl Pts',(62.501863,6.56822277322865,-27.6065260233575));
#7102=CARTESIAN_POINT('Ctrl Pts',(62.501863,6.67628559932639,-27.5339370553234));
#7103=CARTESIAN_POINT('',(62.901863,6.67628559932639,-27.5339370553234));
#7104=CARTESIAN_POINT('Ctrl Pts',(62.901863,6.67628559932639,-27.5339370553234));
#7105=CARTESIAN_POINT('Ctrl Pts',(62.901863,6.56822277322865,-27.6065260233575));
#7106=CARTESIAN_POINT('Ctrl Pts',(62.901863,6.3575406217324,-27.7480474004357));
#7107=CARTESIAN_POINT('Ctrl Pts',(62.901863,6.22782015742152,-27.9659491491562));
#7108=CARTESIAN_POINT('Ctrl Pts',(62.901863,6.16463575170218,-28.0720850049847));
#7109=CARTESIAN_POINT('',(62.501863,6.67628559932639,-27.5339370553234));
#7110=CARTESIAN_POINT('Ctrl Pts',(62.501863,7.55215890125415,-27.3273392945459));
#7111=CARTESIAN_POINT('Ctrl Pts',(62.901863,7.55215890125415,-27.3273392945459));
#7112=CARTESIAN_POINT('Ctrl Pts',(62.501863,7.38876806190354,-27.3333548741338));
#7113=CARTESIAN_POINT('Ctrl Pts',(62.901863,7.38876806190354,-27.3333548741338));
#7114=CARTESIAN_POINT('Ctrl Pts',(62.501863,7.08266950797803,-27.3446245402928));
#7115=CARTESIAN_POINT('Ctrl Pts',(62.901863,7.08266950797803,-27.3446245402928));
#7116=CARTESIAN_POINT('Ctrl Pts',(62.501863,6.805504201904,-27.4737410236354));
#7117=CARTESIAN_POINT('Ctrl Pts',(62.901863,6.805504201904,-27.4737410236354));
#7118=CARTESIAN_POINT('Ctrl Pts',(62.501863,6.67628559932639,-27.5339370553234));
#7119=CARTESIAN_POINT('Ctrl Pts',(62.901863,6.67628559932639,-27.5339370553234));
#7120=CARTESIAN_POINT('Ctrl Pts',(62.501863,6.67628559932639,-27.5339370553234));
#7121=CARTESIAN_POINT('Ctrl Pts',(62.501863,6.805504201904,-27.4737410236354));
#7122=CARTESIAN_POINT('Ctrl Pts',(62.501863,7.08266950797803,-27.3446245402928));
#7123=CARTESIAN_POINT('Ctrl Pts',(62.501863,7.38876806190354,-27.3333548741338));
#7124=CARTESIAN_POINT('Ctrl Pts',(62.501863,7.55215890125415,-27.3273392945459));
#7125=CARTESIAN_POINT('Ctrl Pts',(62.901863,7.55215890125415,-27.3273392945459));
#7126=CARTESIAN_POINT('Ctrl Pts',(62.901863,7.38876806190354,-27.3333548741338));
#7127=CARTESIAN_POINT('Ctrl Pts',(62.901863,7.08266950797803,-27.3446245402928));
#7128=CARTESIAN_POINT('Ctrl Pts',(62.901863,6.805504201904,-27.4737410236354));
#7129=CARTESIAN_POINT('Ctrl Pts',(62.901863,6.67628559932639,-27.5339370553234));
#7130=CARTESIAN_POINT('Origin',(62.901863,7.55404917624538,-21.1543467299746));
#7131=CARTESIAN_POINT('Origin',(62.501863,0.,32.0292347444965));
#7132=CARTESIAN_POINT('',(62.501863,5.46500000000101,-16.4999996311963));
#7133=CARTESIAN_POINT('',(62.501863,2.73250000000051,-16.4999996311963));
#7134=CARTESIAN_POINT('',(62.501863,5.46500000000101,-23.483357804025));
#7135=CARTESIAN_POINT('',(62.501863,5.46500000000101,4.27293847023575));
#7136=CARTESIAN_POINT('',(62.501863,1.,-23.483357804025));
#7137=CARTESIAN_POINT('',(62.501863,3.33066907387547E-15,-23.483357804025));
#7138=CARTESIAN_POINT('',(62.501863,1.,-32.0297227811707));
#7139=CARTESIAN_POINT('',(62.501863,1.,32.0292347444965));
#7140=CARTESIAN_POINT('',(62.501863,21.,-32.0297227811707));
#7141=CARTESIAN_POINT('',(62.501863,0.,-32.0297227811707));
#7142=CARTESIAN_POINT('',(62.501863,21.,32.0292347444965));
#7143=CARTESIAN_POINT('',(62.501863,21.,16.0146119879388));
#7144=CARTESIAN_POINT('',(62.501863,0.,32.0292347444965));
#7145=CARTESIAN_POINT('Origin',(55.74896,0.,30.9131));
#7146=CARTESIAN_POINT('',(53.84896,7.,30.9131));
#7147=CARTESIAN_POINT('',(53.84896,0.,30.9131));
#7148=CARTESIAN_POINT('Origin',(55.74896,7.,30.9131));
#7149=CARTESIAN_POINT('Origin',(55.74896,7.,30.9131));
#7150=CARTESIAN_POINT('',(54.17396,7.,30.9131));
#7151=CARTESIAN_POINT('Origin',(55.74896,7.,30.9131));
#7152=CARTESIAN_POINT('Origin',(-56.05104,0.,-30.9119));
#7153=CARTESIAN_POINT('',(-57.95104,7.,-30.9119));
#7154=CARTESIAN_POINT('',(-57.95104,0.,-30.9119));
#7155=CARTESIAN_POINT('Origin',(-56.05104,7.,-30.9119));
#7156=CARTESIAN_POINT('Origin',(-56.05104,7.,-30.9119));
#7157=CARTESIAN_POINT('',(-57.62604,7.,-30.9119));
#7158=CARTESIAN_POINT('Origin',(-56.05104,7.,-30.9119));
#7159=CARTESIAN_POINT('Origin',(55.97396,0.,-30.9119));
#7160=CARTESIAN_POINT('',(54.07396,7.,-30.9119));
#7161=CARTESIAN_POINT('',(54.07396,0.,-30.9119));
#7162=CARTESIAN_POINT('Origin',(55.97396,7.,-30.9119));
#7163=CARTESIAN_POINT('Origin',(55.97396,7.,-30.9119));
#7164=CARTESIAN_POINT('',(54.39896,7.,-30.9119));
#7165=CARTESIAN_POINT('Origin',(55.97396,7.,-30.9119));
#7166=CARTESIAN_POINT('Origin',(-56.05104,0.,30.9131));
#7167=CARTESIAN_POINT('',(-57.95104,7.,30.9131));
#7168=CARTESIAN_POINT('',(-57.95104,0.,30.9131));
#7169=CARTESIAN_POINT('Origin',(-56.05104,7.,30.9131));
#7170=CARTESIAN_POINT('Origin',(-56.05104,7.,30.9131));
#7171=CARTESIAN_POINT('',(-57.62604,7.,30.9131));
#7172=CARTESIAN_POINT('Origin',(-56.05104,7.,30.9131));
#7173=CARTESIAN_POINT('Origin',(-21.900000320375,6.80323738195156,-37.5122));
#7174=CARTESIAN_POINT('',(-21.900000320375,4.50000004470348,-35.6122000000001));
#7175=CARTESIAN_POINT('',(-21.900000320375,6.80323738195156,-35.6122000000001));
#7176=CARTESIAN_POINT('',(-21.900000320375,3.40161869097578,-35.6122000000001));
#7177=CARTESIAN_POINT('',(-21.900000320375,4.50000004470348,-37.5122));
#7178=CARTESIAN_POINT('',(-21.900000320375,4.50000004470348,-37.5122));
#7179=CARTESIAN_POINT('',(-21.900000320375,6.80323738195156,-37.5122));
#7180=CARTESIAN_POINT('',(-21.900000320375,3.40161869097578,-37.5122));
#7181=CARTESIAN_POINT('',(-21.900000320375,6.80323738195156,-37.5122));
#7182=CARTESIAN_POINT('Origin',(-20.000000320375,6.80323738195156,-37.5122));
#7183=CARTESIAN_POINT('',(-20.000000320375,8.70323738195157,-35.6122000000001));
#7184=CARTESIAN_POINT('Origin',(-20.000000320375,6.80323738195156,-35.6122));
#7185=CARTESIAN_POINT('',(-20.000000320375,8.70323738195157,-37.5122));
#7186=CARTESIAN_POINT('Origin',(-20.000000320375,6.80323738195156,-37.5122));
#7187=CARTESIAN_POINT('',(-20.000000320375,8.70323738195157,-37.5122));
#7188=CARTESIAN_POINT('Origin',(-14.9846641534574,8.70323738195157,-37.5122));
#7189=CARTESIAN_POINT('',(-14.9846641534574,8.70323738195157,-35.6122000000001));
#7190=CARTESIAN_POINT('',(-35.9935840911392,8.70323738195157,-35.6122000000001));
#7191=CARTESIAN_POINT('',(-14.9846641534574,8.70323738195157,-37.5122));
#7192=CARTESIAN_POINT('',(21.0173608138566,8.70323738195157,-37.5122));
#7193=CARTESIAN_POINT('',(-14.9846641534574,8.70323738195157,-37.5122));
#7194=CARTESIAN_POINT('Origin',(-14.9846641534574,6.80323738195157,-37.5122));
#7195=CARTESIAN_POINT('',(-13.0846641534574,6.80323738195157,-35.6122000000001));
#7196=CARTESIAN_POINT('Origin',(-14.9846641534574,6.80323738195157,-35.6122));
#7197=CARTESIAN_POINT('',(-13.0846641534574,6.80323738195157,-37.5122));
#7198=CARTESIAN_POINT('Origin',(-14.9846641534574,6.80323738195157,-37.5122));
#7199=CARTESIAN_POINT('',(-13.0846641534574,6.80323738195157,-37.5122));
#7200=CARTESIAN_POINT('Origin',(-13.0846641534574,4.50000004470348,-37.5122));
#7201=CARTESIAN_POINT('',(-13.0846641534574,4.50000004470348,-35.6122000000001));
#7202=CARTESIAN_POINT('',(-13.0846641534574,2.25000002235174,-35.6122000000001));
#7203=CARTESIAN_POINT('',(-13.0846641534574,4.50000004470348,-37.5122));
#7204=CARTESIAN_POINT('',(-13.0846641534574,2.25000002235174,-37.5122));
#7205=CARTESIAN_POINT('',(-13.0846641534574,4.50000004470348,-37.5122));
#7206=CARTESIAN_POINT('Origin',(-14.9846641534574,4.50000004470348,-37.5122));
#7207=CARTESIAN_POINT('Origin',(-14.9846641534574,4.50000004470348,-35.6122));
#7208=CARTESIAN_POINT('Origin',(-14.9846641534574,4.50000004470348,-37.5122));
#7209=CARTESIAN_POINT('Origin',(-20.000000320375,4.50000004470348,-37.5122));
#7210=CARTESIAN_POINT('Origin',(-20.000000320375,4.50000004470348,-35.6122));
#7211=CARTESIAN_POINT('Origin',(-20.000000320375,4.50000004470348,-37.5122));
#7212=CARTESIAN_POINT('Origin',(62.501863,0.744999999999997,15.7798348007136));
#7213=CARTESIAN_POINT('',(61.501863,0.745000000000001,-8.12143943401689));
#7214=CARTESIAN_POINT('',(61.101863,0.744999999999997,15.7798348007136));
#7215=CARTESIAN_POINT('Origin',(61.101863,3.325,18.9680686548291));
#7216=CARTESIAN_POINT('',(61.101863,3.025,23.2381));
#7217=CARTESIAN_POINT('',(61.101863,1.945,22.1581));
#7218=CARTESIAN_POINT('Origin',(61.101863,3.025,22.1581));
#7219=CARTESIAN_POINT('',(61.101863,3.625,23.2381));
#7220=CARTESIAN_POINT('',(61.101863,3.47499999999998,23.2381));
#7221=CARTESIAN_POINT('',(61.101863,4.705,22.1581));
#7222=CARTESIAN_POINT('Origin',(61.101863,3.625,22.1581));
#7223=CARTESIAN_POINT('',(61.101863,4.705,15.7745382704679));
#7224=CARTESIAN_POINT('',(61.101863,4.705,17.3713034626485));
#7225=CARTESIAN_POINT('',(61.101863,3.62856172953167,14.6981));
#7226=CARTESIAN_POINT('Origin',(61.101863,3.64011680259938,15.7629831974006));
#7227=CARTESIAN_POINT('',(61.101863,3.02143827046808,14.6981));
#7228=CARTESIAN_POINT('',(61.101863,3.17321913523404,14.6981));
#7229=CARTESIAN_POINT('',(61.101863,1.945,15.7745382704681));
#7230=CARTESIAN_POINT('Origin',(61.101863,3.00988319740061,15.7629831974006));
#7231=CARTESIAN_POINT('',(61.101863,1.945,20.5630843274145));
#7232=CARTESIAN_POINT('Origin',(62.501863,4.705,15.7745382704679));
#7233=CARTESIAN_POINT('',(60.6018629999999,4.705,22.1581));
#7234=CARTESIAN_POINT('',(62.501863,4.705,22.1581));
#7235=CARTESIAN_POINT('',(60.601863,4.705,15.7745382704679));
#7236=CARTESIAN_POINT('',(60.601863,4.70500000000003,-8.12093359850685));
#7237=CARTESIAN_POINT('',(62.501863,4.705,15.7745382704679));
#7238=CARTESIAN_POINT('Origin',(62.501863,3.625,22.1581));
#7239=CARTESIAN_POINT('',(60.6018629999999,3.625,23.2381));
#7240=CARTESIAN_POINT('',(62.501863,3.625,23.2381));
#7241=CARTESIAN_POINT('Origin',(60.6018630000001,3.625,22.1581));
#7242=CARTESIAN_POINT('Origin',(62.501863,3.625,23.2381));
#7243=CARTESIAN_POINT('',(60.6018629999999,3.025,23.2381));
#7244=CARTESIAN_POINT('',(62.501863,3.025,23.2381));
#7245=CARTESIAN_POINT('',(60.6018629999999,1.81249999999979,23.2381));
#7246=CARTESIAN_POINT('Origin',(62.501863,3.025,22.1581));
#7247=CARTESIAN_POINT('',(60.6018629999999,1.945,22.1581));
#7248=CARTESIAN_POINT('',(62.501863,1.945,22.1581));
#7249=CARTESIAN_POINT('Origin',(60.6018630000001,3.025,22.1581));
#7250=CARTESIAN_POINT('Origin',(61.501863,0.,-32.0227136687474));
#7251=CARTESIAN_POINT('',(61.501863,0.,32.0224108466974));
#7252=CARTESIAN_POINT('',(61.501863,2.73250000000051,-16.4999996311963));
#7253=CARTESIAN_POINT('Origin',(60.02396,5.46500000000101,-23.483357804025));
#7254=CARTESIAN_POINT('',(60.601863,5.46500000000101,-23.483357804025));
#7255=CARTESIAN_POINT('',(60.601863,5.46500000000101,-16.4999996311963));
#7256=CARTESIAN_POINT('',(60.601863,5.46500000000101,-27.7498816357533));
#7257=CARTESIAN_POINT('',(60.02396,5.46500000000101,-23.483357804025));
#7258=CARTESIAN_POINT('',(60.02396,5.46500000000101,-16.4999996311963));
#7259=CARTESIAN_POINT('Origin',(60.02396,5.46500000000101,-16.4999996311963));
#7260=CARTESIAN_POINT('',(60.601863,2.73250000000051,-16.4999996311963));
#7261=CARTESIAN_POINT('Origin',(60.02396,6.66133814775094E-15,-23.483357804025));
#7262=CARTESIAN_POINT('',(61.501863,1.,-23.483357804025));
#7263=CARTESIAN_POINT('',(61.501863,3.33066907387547E-15,-23.483357804025));
#7264=CARTESIAN_POINT('',(30.0119911655947,1.,-23.483357804025));
#7265=CARTESIAN_POINT('',(60.601863,3.33066907387547E-15,-23.483357804025));
#7266=CARTESIAN_POINT('Origin',(60.6018630000001,0.,-32.0164054674817));
#7267=CARTESIAN_POINT('',(60.6018629999999,19.,32.0162693386851));
#7268=CARTESIAN_POINT('',(60.6018629999999,0.,32.0162693386851));
#7269=CARTESIAN_POINT('',(60.6018630000001,19.,-32.0164054674816));
#7270=CARTESIAN_POINT('',(60.6018629999999,19.,32.0162693386851));
#7271=CARTESIAN_POINT('',(60.6018630000001,0.,-32.0164054674816));
#7272=CARTESIAN_POINT('',(60.601863,1.945,15.7745382704681));
#7273=CARTESIAN_POINT('',(60.601863,1.945,-4.92915273374082));
#7274=CARTESIAN_POINT('',(60.601863,3.02143827046808,14.6981));
#7275=CARTESIAN_POINT('Origin',(60.6018630000001,3.00988319740061,15.7629831974006));
#7276=CARTESIAN_POINT('',(60.601863,3.62856172953167,14.6981));
#7277=CARTESIAN_POINT('',(60.601863,1.51071913523404,14.6981));
#7278=CARTESIAN_POINT('Origin',(60.6018630000001,3.64011680259938,15.7629831974006));
#7279=CARTESIAN_POINT('Origin',(-57.0018371641,21.,31.98840004974));
#7280=CARTESIAN_POINT('',(-57.2206854173249,22.,36.4854213332246));
#7281=CARTESIAN_POINT('',(-61.4989234009271,22.,32.2059094991748));
#7282=CARTESIAN_POINT('Origin',(-57.0018371641,22.,31.98840004974));
#7283=CARTESIAN_POINT('',(-62.4985979301591,21.,32.2361955629068));
#7284=CARTESIAN_POINT('Ctrl Pts',(-61.4989234009271,22.,32.2059094991748));
#7285=CARTESIAN_POINT('Ctrl Pts',(-61.5028541423177,22.,32.2060319717973));
#7286=CARTESIAN_POINT('Ctrl Pts',(-61.5067848509357,21.9999768082566,32.2061543991161));
#7287=CARTESIAN_POINT('Ctrl Pts',(-61.6413507266014,21.9983888367643,32.2103441281042));
#7288=CARTESIAN_POINT('Ctrl Pts',(-61.7704286887601,21.9712446053268,32.2143129167394));
#7289=CARTESIAN_POINT('Ctrl Pts',(-62.0103894751096,21.8690130424425,32.2216208667205));
#7290=CARTESIAN_POINT('Ctrl Pts',(-62.1190446433471,21.7950799660154,32.2248934203325));
#7291=CARTESIAN_POINT('Ctrl Pts',(-62.3019009483592,21.6097181803929,32.2303682563));
#7292=CARTESIAN_POINT('Ctrl Pts',(-62.3743580837954,21.5000663933053,32.23251917204));
#7293=CARTESIAN_POINT('Ctrl Pts',(-62.4731778298588,21.2591545143615,32.2354465470939));
#7294=CARTESIAN_POINT('Ctrl Pts',(-62.4985979301591,21.1302000695014,32.236195562907));
#7295=CARTESIAN_POINT('Ctrl Pts',(-62.4985979301591,21.,32.2361955629069));
#7296=CARTESIAN_POINT('',(-57.2513840090571,21.,37.4850815857037));
#7297=CARTESIAN_POINT('Origin',(-57.0018371641,21.,31.98840004974));
#7298=CARTESIAN_POINT('Ctrl Pts',(-57.2206854173249,22.,36.4854213332246));
#7299=CARTESIAN_POINT('Ctrl Pts',(-57.2208098585401,22.,36.4893636794391));
#7300=CARTESIAN_POINT('Ctrl Pts',(-57.2209342544496,21.9999766704319,36.4933059925955));
#7301=CARTESIAN_POINT('Ctrl Pts',(-57.2251787683725,21.9983839930642,36.6278693859448));
#7302=CARTESIAN_POINT('Ctrl Pts',(-57.2292000525035,21.9712401348239,36.7569327923966));
#7303=CARTESIAN_POINT('Ctrl Pts',(-57.2366064421268,21.8690135848759,36.9968791055708));
#7304=CARTESIAN_POINT('Ctrl Pts',(-57.2399239592773,21.7950806003562,37.1055328184752));
#7305=CARTESIAN_POINT('Ctrl Pts',(-57.2454746770831,21.609718889437,37.288386849303));
#7306=CARTESIAN_POINT('Ctrl Pts',(-57.2476557802928,21.5000670239195,37.3608431336373));
#7307=CARTESIAN_POINT('Ctrl Pts',(-57.2506243665156,21.2591548982595,37.4596617661954));
#7308=CARTESIAN_POINT('Ctrl Pts',(-57.2513840090571,21.1302002570042,37.4850815857037));
#7309=CARTESIAN_POINT('Ctrl Pts',(-57.2513840090572,21.,37.4850815857037));
#7310=CARTESIAN_POINT('Origin',(-28.8886086586847,21.,36.8957774469451));
#7311=CARTESIAN_POINT('',(-57.0208061941332,21.,37.4884212284997));
#7312=CARTESIAN_POINT('',(-28.9030909390217,21.,37.895672573224));
#7313=CARTESIAN_POINT('',(-57.0134601529471,22.,36.4884227423652));
#7314=CARTESIAN_POINT('Ctrl Pts',(-57.0208061941332,21.,37.4884212284997));
#7315=CARTESIAN_POINT('Ctrl Pts',(-57.0210076311755,21.0443394005591,37.488418310926));
#7316=CARTESIAN_POINT('Ctrl Pts',(-57.0211662974937,21.0886785699561,37.4854623888812));
#7317=CARTESIAN_POINT('Ctrl Pts',(-57.0212825704755,21.1326262813935,37.4795795182094));
#7318=CARTESIAN_POINT('Ctrl Pts',(-57.021398838912,21.1765722748847,37.473696877503));
#7319=CARTESIAN_POINT('Ctrl Pts',(-57.0214727182191,21.2201263828879,37.4648875786353));
#7320=CARTESIAN_POINT('Ctrl Pts',(-57.0215053337456,21.2629043355623,37.4532293186807));
#7321=CARTESIAN_POINT('Ctrl Pts',(-57.02153794811,21.3056807640041,37.4415714741247));
#7322=CARTESIAN_POINT('Ctrl Pts',(-57.0215293033982,21.3476806465901,37.4270649932957));
#7323=CARTESIAN_POINT('Ctrl Pts',(-57.0214812528584,21.3885334524597,37.4098378293576));
#7324=CARTESIAN_POINT('Ctrl Pts',(-57.0214332038645,21.4293849439815,37.3926112196651));
#7325=CARTESIAN_POINT('Ctrl Pts',(-57.0213457541818,21.4690890069085,37.3726642817036));
#7326=CARTESIAN_POINT('Ctrl Pts',(-57.02122145207,21.5072953870114,37.350172954082));
#7327=CARTESIAN_POINT('Ctrl Pts',(-57.0210971142168,21.5455127528442,37.3276751593821));
#7328=CARTESIAN_POINT('Ctrl Pts',(-57.0209359061056,21.5822311745813,37.3026317440753));
#7329=CARTESIAN_POINT('Ctrl Pts',(-57.020741029011,21.617126550382,37.2752637326732));
#7330=CARTESIAN_POINT('Ctrl Pts',(-57.0205461716168,21.6520183985816,37.247898487925));
#7331=CARTESIAN_POINT('Ctrl Pts',(-57.0203176561904,21.6850872059672,37.2182094031773));
#7332=CARTESIAN_POINT('Ctrl Pts',(-57.0200592771617,21.7160411435396,37.1864584559574));
#7333=CARTESIAN_POINT('Ctrl Pts',(-57.0198009206742,21.7469923806779,37.154710278703));
#7334=CARTESIAN_POINT('Ctrl Pts',(-57.0195127105971,21.7758287947734,37.120900930283));
#7335=CARTESIAN_POINT('Ctrl Pts',(-57.0191989672529,21.8022959515668,37.0853286972377));
#7336=CARTESIAN_POINT('Ctrl Pts',(-57.0188852469372,21.8287611656951,37.0497590751618));
#7337=CARTESIAN_POINT('Ctrl Pts',(-57.0185460024782,21.8528571949293,37.0124271983914));
#7338=CARTESIAN_POINT('Ctrl Pts',(-57.0181860036644,21.8743714622913,36.9736623858078));
#7339=CARTESIAN_POINT('Ctrl Pts',(-57.0178259179576,21.8958909225601,36.9348882165468));
#7340=CARTESIAN_POINT('Ctrl Pts',(-57.0174450737181,21.9148271482105,36.8946808230159));
#7341=CARTESIAN_POINT('Ctrl Pts',(-57.0170486106334,21.9310130019976,36.8533950629035));
#7342=CARTESIAN_POINT('Ctrl Pts',(-57.0166522201152,21.9471958932145,36.8121168595113));
#7343=CARTESIAN_POINT('Ctrl Pts',(-57.0162402227119,21.96062925201,36.7697611152911));
#7344=CARTESIAN_POINT('Ctrl Pts',(-57.0158180307769,21.9711945545047,36.7267015135044));
#7345=CARTESIAN_POINT('Ctrl Pts',(-57.0153957781482,21.9817613758498,36.6836357215406));
#7346=CARTESIAN_POINT('Ctrl Pts',(-57.0149633345574,21.9894592048015,36.6398663184626));
#7347=CARTESIAN_POINT('Ctrl Pts',(-57.0145262946159,21.9942201031611,36.595779571123));
#7348=CARTESIAN_POINT('Ctrl Pts',(-57.0141729145902,21.9980696515104,36.5601320834783));
#7349=CARTESIAN_POINT('Ctrl Pts',(-57.0138165343477,22.,36.524277452901));
#7350=CARTESIAN_POINT('Ctrl Pts',(-57.0134601529471,22.,36.4884227423652));
#7351=CARTESIAN_POINT('',(-28.8886086586847,22.,36.8957774469451));
#7352=CARTESIAN_POINT('Origin',(-28.5140896662925,21.,36.4943599143707));
#7353=CARTESIAN_POINT('',(57.0175993863984,21.,37.5121784627621));
#7354=CARTESIAN_POINT('',(-28.5142979928964,21.,37.4943598926707));
#7355=CARTESIAN_POINT('',(57.011055139766,22.,36.5121770777214));
#7356=CARTESIAN_POINT('Ctrl Pts',(57.0175993863984,20.9999999999998,37.5121784627621));
#7357=CARTESIAN_POINT('Ctrl Pts',(57.0174087792239,21.044339400559,37.5121784230536));
#7358=CARTESIAN_POINT('Ctrl Pts',(57.0172187873033,21.0886785699559,37.509225069213));
#7359=CARTESIAN_POINT('Ctrl Pts',(57.017029405208,21.1326262813934,37.5033444598167));
#7360=CARTESIAN_POINT('Ctrl Pts',(57.0168400305157,21.1765722748846,37.4974640802975));
#7361=CARTESIAN_POINT('Ctrl Pts',(57.0166512655882,21.2201263828877,37.4886567357186));
#7362=CARTESIAN_POINT('Ctrl Pts',(57.0164630942372,21.2629043355621,37.4770001313023));
#7363=CARTESIAN_POINT('Ctrl Pts',(57.0162749295911,21.3056807640039,37.4653439422255));
#7364=CARTESIAN_POINT('Ctrl Pts',(57.016087358454,21.34768064659,37.4508388181593));
#7365=CARTESIAN_POINT('Ctrl Pts',(57.0159003541669,21.3885334524596,37.4336127256848));
#7366=CARTESIAN_POINT('Ctrl Pts',(57.0157133558963,21.4293849439814,37.4163871874214));
#7367=CARTESIAN_POINT('Ctrl Pts',(57.0155269244019,21.4690890069084,37.3964410356272));
#7368=CARTESIAN_POINT('Ctrl Pts',(57.0153410230271,21.5072953870113,37.3739502273605));
#7369=CARTESIAN_POINT('Ctrl Pts',(57.0151550681989,21.5455127528442,37.3514529521649));
#7370=CARTESIAN_POINT('Ctrl Pts',(57.0149696437468,21.5822311745812,37.3264097894209));
#7371=CARTESIAN_POINT('Ctrl Pts',(57.0147847036208,21.6171265503819,37.2990417868175));
#7372=CARTESIAN_POINT('Ctrl Pts',(57.0145997821904,21.6520183985815,37.2716765508671));
#7373=CARTESIAN_POINT('Ctrl Pts',(57.0144153449285,21.6850872059672,37.2419872312323));
#7374=CARTESIAN_POINT('Ctrl Pts',(57.0142313372525,21.7160411435395,37.2102358329121));
#7375=CARTESIAN_POINT('Ctrl Pts',(57.0140473456294,21.7469923806778,37.1784872045968));
#7376=CARTESIAN_POINT('Ctrl Pts',(57.0138637834482,21.7758287947733,37.1446771889753));
#7377=CARTESIAN_POINT('Ctrl Pts',(57.0136805885612,21.8022959515667,37.1091041038671));
#7378=CARTESIAN_POINT('Ctrl Pts',(57.0134974071205,21.8287611656951,37.0735336297908));
#7379=CARTESIAN_POINT('Ctrl Pts',(57.0133145928429,21.8528571949292,37.0362007162247));
#7380=CARTESIAN_POINT('Ctrl Pts',(57.0131320771153,21.8743714622913,36.9974347165834));
#7381=CARTESIAN_POINT('Ctrl Pts',(57.0129495173338,21.89589092256,36.9586593599782));
#7382=CARTESIAN_POINT('Ctrl Pts',(57.0127672561623,21.9148271482105,36.9184506288108));
#7383=CARTESIAN_POINT('Ctrl Pts',(57.0125852196668,21.9310130019976,36.8771634179812));
#7384=CARTESIAN_POINT('Ctrl Pts',(57.0124032164903,21.9471958932145,36.8358837641373));
#7385=CARTESIAN_POINT('Ctrl Pts',(57.0122214378178,21.96062925201,36.7935264564713));
#7386=CARTESIAN_POINT('Ctrl Pts',(57.0120398057929,21.9711945545047,36.75046521743));
#7387=CARTESIAN_POINT('Ctrl Pts',(57.0118581476569,21.9817613758498,36.7073977879764));
#7388=CARTESIAN_POINT('Ctrl Pts',(57.0116766361172,21.9894592048015,36.6636266736257));
#7389=CARTESIAN_POINT('Ctrl Pts',(57.0114951906956,21.9942201031611,36.6195381817358));
#7390=CARTESIAN_POINT('Ctrl Pts',(57.0113484782749,21.9980696515104,36.5838892834894));
#7391=CARTESIAN_POINT('Ctrl Pts',(57.0112018090121,22.,36.5480332205888));
#7392=CARTESIAN_POINT('Ctrl Pts',(57.011055139766,22.,36.5121770777213));
#7393=CARTESIAN_POINT('',(-28.5140896662925,22.,36.4943599143707));
#7394=CARTESIAN_POINT('Origin',(-61.7127947586936,21.,-16.5525419041839));
#7395=CARTESIAN_POINT('',(-62.4983010481987,21.,-32.0297639153209));
#7396=CARTESIAN_POINT('',(-61.4983014334825,22.,-32.0228040200669));
#7397=CARTESIAN_POINT('Ctrl Pts',(-62.4983010481987,21.,-32.0297639153209));
#7398=CARTESIAN_POINT('Ctrl Pts',(-62.4982983463256,21.0443394005591,-32.0299587870501));
#7399=CARTESIAN_POINT('Ctrl Pts',(-62.4953426140805,21.0886785699561,-32.030112715368));
#7400=CARTESIAN_POINT('Ctrl Pts',(-62.4894599075359,21.1326262813935,-32.030226061539));
#7401=CARTESIAN_POINT('Ctrl Pts',(-62.4835774309503,21.1765722748847,-32.0303394032792));
#7402=CARTESIAN_POINT('Ctrl Pts',(-62.4747682705335,21.2201263828878,-32.0304121668998));
#7403=CARTESIAN_POINT('Ctrl Pts',(-62.4631101240415,21.2629043355623,-32.0304454296708));
#7404=CARTESIAN_POINT('Ctrl Pts',(-62.451452392944,21.3056807640041,-32.0304786912566));
#7405=CARTESIAN_POINT('Ctrl Pts',(-62.436946000588,21.3476806465901,-32.0304724564964));
#7406=CARTESIAN_POINT('Ctrl Pts',(-62.4197189012596,21.3885334524597,-32.0304284994609));
#7407=CARTESIAN_POINT('Ctrl Pts',(-62.4024923561747,21.4293849439816,-32.0303845438397));
#7408=CARTESIAN_POINT('Ctrl Pts',(-62.3825454589608,21.4690890069085,-32.0303028708631));
#7409=CARTESIAN_POINT('Ctrl Pts',(-62.3600541497697,21.5072953870114,-32.0301859199202));
#7410=CARTESIAN_POINT('Ctrl Pts',(-62.3375563735057,21.5455127528443,-32.0300689353496));
#7411=CARTESIAN_POINT('Ctrl Pts',(-62.3125129543069,21.5822311745813,-32.0299166557457));
#7412=CARTESIAN_POINT('Ctrl Pts',(-62.2851449186238,21.617126550382,-32.0297321456135));
#7413=CARTESIAN_POINT('Ctrl Pts',(-62.257779649597,21.6520183985816,-32.0295476541336));
#7414=CARTESIAN_POINT('Ctrl Pts',(-62.2280905201882,21.6850872059672,-32.0293309426087));
#7415=CARTESIAN_POINT('Ctrl Pts',(-62.1963395102225,21.7160411435396,-32.0290856433577));
#7416=CARTESIAN_POINT('Ctrl Pts',(-62.1645912702277,21.7469923806779,-32.0288403655068));
#7417=CARTESIAN_POINT('Ctrl Pts',(-62.1307818409887,21.7758287947734,-32.0285665095146));
#7418=CARTESIAN_POINT('Ctrl Pts',(-62.0952095116621,21.8022959515668,-32.0282682111245));
#7419=CARTESIAN_POINT('Ctrl Pts',(-62.0596397933119,21.8287611656951,-32.0279699346293));
#7420=CARTESIAN_POINT('Ctrl Pts',(-62.0223078048104,21.8528571949293,-32.0276472244702));
#7421=CARTESIAN_POINT('Ctrl Pts',(-61.9835428679273,21.8743714622913,-32.027304646654));
#7422=CARTESIAN_POINT('Ctrl Pts',(-61.9447685743369,21.8958909225601,-32.0269619861497));
#7423=CARTESIAN_POINT('Ctrl Pts',(-61.9045610439057,21.9148271482105,-32.0265994539888));
#7424=CARTESIAN_POINT('Ctrl Pts',(-61.8632751374345,21.9310130019977,-32.0262219702737));
#7425=CARTESIAN_POINT('Ctrl Pts',(-61.8219967877104,21.9471958932145,-32.0258445556511));
#7426=CARTESIAN_POINT('Ctrl Pts',(-61.7796408877071,21.96062925201,-32.0254522009234));
#7427=CARTESIAN_POINT('Ctrl Pts',(-61.7365811239637,21.9711945545047,-32.0250500872095));
#7428=CARTESIAN_POINT('Ctrl Pts',(-61.69351517002,21.9817613758498,-32.0246479156885));
#7429=CARTESIAN_POINT('Ctrl Pts',(-61.6497455987906,21.9894592048015,-32.0242359885983));
#7430=CARTESIAN_POINT('Ctrl Pts',(-61.6056586805161,21.9942201031611,-32.0238196615294));
#7431=CARTESIAN_POINT('Ctrl Pts',(-61.5700110546577,21.9980696515104,-32.0234830294362));
#7432=CARTESIAN_POINT('Ctrl Pts',(-61.5341562840497,22.,-32.0231435253059));
#7433=CARTESIAN_POINT('Ctrl Pts',(-61.4983014334825,22.,-32.0228040200669));
#7434=CARTESIAN_POINT('',(-61.4954284868797,22.,-32.2300143700711));
#7435=CARTESIAN_POINT('',(-61.7127947586936,22.,-16.5525419041839));
#7436=CARTESIAN_POINT('',(-62.4951049858952,21.,-32.2602788813499));
#7437=CARTESIAN_POINT('Ctrl Pts',(-61.4954284868797,22.,-32.2300143700711));
#7438=CARTESIAN_POINT('Ctrl Pts',(-61.4993502890227,22.,-32.2301364960253));
#7439=CARTESIAN_POINT('Ctrl Pts',(-61.5032720586285,21.9999769137137,-32.2302585766648));
#7440=CARTESIAN_POINT('Ctrl Pts',(-61.6378385999752,21.9983925523746,-32.2344459802772));
#7441=CARTESIAN_POINT('Ctrl Pts',(-61.7669265559783,21.9712480334425,-32.2384125748783));
#7442=CARTESIAN_POINT('Ctrl Pts',(-62.006896280507,21.8690126206063,-32.2457157965448));
#7443=CARTESIAN_POINT('Ctrl Pts',(-62.1155515935703,21.7950794727016,-32.2489859105472));
#7444=CARTESIAN_POINT('Ctrl Pts',(-62.2984080158554,21.6097176289802,-32.2544564767202));
#7445=CARTESIAN_POINT('Ctrl Pts',(-62.3708651643198,21.500065902885,-32.2566056084794));
#7446=CARTESIAN_POINT('Ctrl Pts',(-62.4696848932113,21.2591542158082,-32.2595305192839));
#7447=CARTESIAN_POINT('Ctrl Pts',(-62.4951049858952,21.1301999236826,-32.2602788813497));
#7448=CARTESIAN_POINT('Ctrl Pts',(-62.4951049858952,21.,-32.2602788813498));
#7449=CARTESIAN_POINT('',(-62.7126986551028,21.,-16.5664054515514));
#7450=CARTESIAN_POINT('Origin',(-56.99833849664,21.,-32.012201246918));
#7451=CARTESIAN_POINT('',(-57.2160239162302,22.,-36.509297420565));
#7452=CARTESIAN_POINT('Origin',(-56.99833849664,22.,-32.012201246918));
#7453=CARTESIAN_POINT('',(-57.2463497229964,21.,-37.5089707328711));
#7454=CARTESIAN_POINT('Ctrl Pts',(-57.2160239162302,22.,-36.509297420565));
#7455=CARTESIAN_POINT('Ctrl Pts',(-57.2161465473117,22.,-36.5132282325359));
#7456=CARTESIAN_POINT('Ctrl Pts',(-57.2162691330934,21.9999768073656,-36.5171590117335));
#7457=CARTESIAN_POINT('Ctrl Pts',(-57.2204642061058,21.9983888054117,-36.6517247155324));
#7458=CARTESIAN_POINT('Ctrl Pts',(-57.2244381209904,21.971244576481,-36.7808024358843));
#7459=CARTESIAN_POINT('Ctrl Pts',(-57.231755606815,21.8690130463072,-37.0207628570773));
#7460=CARTESIAN_POINT('Ctrl Pts',(-57.2350324810932,21.795079970531,-37.1294178944458));
#7461=CARTESIAN_POINT('Ctrl Pts',(-57.2405145899513,21.6097181854359,-37.3122739816562));
#7462=CARTESIAN_POINT('Ctrl Pts',(-57.2426683884976,21.500066397789,-37.3847310318236));
#7463=CARTESIAN_POINT('Ctrl Pts',(-57.2455996955358,21.2591545170899,-37.483550662154));
#7464=CARTESIAN_POINT('Ctrl Pts',(-57.2463497229965,21.1302000708341,-37.5089707328711));
#7465=CARTESIAN_POINT('Ctrl Pts',(-57.2463497229964,21.,-37.5089707328711));
#7466=CARTESIAN_POINT('Origin',(-56.99833849664,21.,-32.012201246918));
#7467=CARTESIAN_POINT('Origin',(61.7130964649174,21.,16.5456529186891));
#7468=CARTESIAN_POINT('',(62.4987167949615,21.,32.2597524505454));
#7469=CARTESIAN_POINT('',(62.7130033380915,21.,16.5593000787983));
#7470=CARTESIAN_POINT('',(61.5018630043363,22.,32.0224105289835));
#7471=CARTESIAN_POINT('Ctrl Pts',(62.501863,21.,32.0292347444965));
#7472=CARTESIAN_POINT('Ctrl Pts',(62.5018603713999,21.0443394005592,32.0294273380672));
#7473=CARTESIAN_POINT('Ctrl Pts',(62.4989047036365,21.0886785699561,32.0295796272863));
#7474=CARTESIAN_POINT('Ctrl Pts',(62.4930220528598,21.1326262813936,32.0296919677792));
#7475=CARTESIAN_POINT('Ctrl Pts',(62.48713963204,21.1765722748848,32.0298043038806));
#7476=CARTESIAN_POINT('Ctrl Pts',(62.478330518676,21.2201263828879,32.0298766952204));
#7477=CARTESIAN_POINT('Ctrl Pts',(62.4666724107553,21.2629043355623,32.0299102022541));
#7478=CARTESIAN_POINT('Ctrl Pts',(62.4550147182278,21.3056807640041,32.029943708094));
#7479=CARTESIAN_POINT('Ctrl Pts',(62.4405083559611,21.3476806465901,32.029938334061));
#7480=CARTESIAN_POINT('Ctrl Pts',(62.4232812786224,21.3885334524598,32.0298958265357));
#7481=CARTESIAN_POINT('Ctrl Pts',(62.4060547555264,21.4293849439816,32.0298533203781));
#7482=CARTESIAN_POINT('Ctrl Pts',(62.3861078722027,21.4690890069086,32.0297736855711));
#7483=CARTESIAN_POINT('Ctrl Pts',(62.3636165693271,21.5072953870115,32.0296593234291));
#7484=CARTESIAN_POINT('Ctrl Pts',(62.3411187993803,21.5455127528443,32.0295449284038));
#7485=CARTESIAN_POINT('Ctrl Pts',(62.3160753789204,21.5822311745813,32.0293957892428));
#7486=CARTESIAN_POINT('Ctrl Pts',(62.2887073350555,21.6171265503821,32.0292149226193));
#7487=CARTESIAN_POINT('Ctrl Pts',(62.2613420578478,21.6520183985817,32.0290340742797));
#7488=CARTESIAN_POINT('Ctrl Pts',(62.2316529133398,21.6850872059673,32.0288215087973));
#7489=CARTESIAN_POINT('Ctrl Pts',(62.1999018821366,21.7160411435396,32.0285808017963));
#7490=CARTESIAN_POINT('Ctrl Pts',(62.1681536209062,21.746992380678,32.0283401157947));
#7491=CARTESIAN_POINT('Ctrl Pts',(62.1343441642953,21.7758287947734,32.0280712977099));
#7492=CARTESIAN_POINT('Ctrl Pts',(62.0987718023485,21.8022959515668,32.0277784187329));
#7493=CARTESIAN_POINT('Ctrl Pts',(62.0632020513806,21.8287611656952,32.027485561253));
#7494=CARTESIAN_POINT('Ctrl Pts',(62.025870025015,21.8528571949293,32.0271686514787));
#7495=CARTESIAN_POINT('Ctrl Pts',(61.9871050460018,21.8743714622913,32.0268321841489));
#7496=CARTESIAN_POINT('Ctrl Pts',(61.9483307102712,21.8958909225601,32.0264956356058));
#7497=CARTESIAN_POINT('Ctrl Pts',(61.9081231334328,21.9148271482105,32.0261395255701));
#7498=CARTESIAN_POINT('Ctrl Pts',(61.8668371773443,21.9310130019977,32.0257686973495));
#7499=CARTESIAN_POINT('Ctrl Pts',(61.8255587780118,21.9471958932145,32.0253979370033));
#7500=CARTESIAN_POINT('Ctrl Pts',(61.7832028251922,21.96062925201,32.0250124697425));
#7501=CARTESIAN_POINT('Ctrl Pts',(61.740143006537,21.9711945545047,32.0246173958173));
#7502=CARTESIAN_POINT('Ctrl Pts',(61.6970769976737,21.9817613758499,32.0242222650969));
#7503=CARTESIAN_POINT('Ctrl Pts',(61.65330736943,21.9894592048015,32.0238175310759));
#7504=CARTESIAN_POINT('Ctrl Pts',(61.6092203931964,21.9942201031611,32.0234084657527));
#7505=CARTESIAN_POINT('Ctrl Pts',(61.5735727204737,21.9980696515104,32.0230777053329));
#7506=CARTESIAN_POINT('Ctrl Pts',(61.5377179023847,22.,32.0227441177039));
#7507=CARTESIAN_POINT('Ctrl Pts',(61.5018630043363,22.,32.0224105289835));
#7508=CARTESIAN_POINT('',(61.4990346293453,22.,32.2296413059923));
#7509=CARTESIAN_POINT('',(61.7130964649174,22.,16.5456529186891));
#7510=CARTESIAN_POINT('Ctrl Pts',(61.4990346293453,22.,32.2296413059923));
#7511=CARTESIAN_POINT('Ctrl Pts',(61.5029494810554,22.,32.229762627178));
#7512=CARTESIAN_POINT('Ctrl Pts',(61.5068643004007,21.9999769957381,32.2298839030536));
#7513=CARTESIAN_POINT('Ctrl Pts',(61.6414319341506,21.9983954480666,32.2340511113944));
#7514=CARTESIAN_POINT('Ctrl Pts',(61.7705282226745,21.9712507044973,32.2379983601015));
#7515=CARTESIAN_POINT('Ctrl Pts',(62.0105059115357,21.8690122889985,32.2452651127166));
#7516=CARTESIAN_POINT('Ctrl Pts',(62.1191617833938,21.7950790848948,32.2485184814605));
#7517=CARTESIAN_POINT('Ctrl Pts',(62.3020190421461,21.6097171954896,32.2539607387809));
#7518=CARTESIAN_POINT('Ctrl Pts',(62.3744764932082,21.5000655173394,32.2560985812199));
#7519=CARTESIAN_POINT('Ctrl Pts',(62.4732966064737,21.2591539810966,32.2590080708726));
#7520=CARTESIAN_POINT('Ctrl Pts',(62.4987167949615,21.1301998090455,32.2597524505451));
#7521=CARTESIAN_POINT('Ctrl Pts',(62.4987167949615,21.,32.259752450545));
#7522=CARTESIAN_POINT('Origin',(61.501863,21.,16.0146119879388));
#7523=CARTESIAN_POINT('',(61.501863,22.,-32.0227140130268));
#7524=CARTESIAN_POINT('Ctrl Pts',(62.501863,21.,-32.0297227811707));
#7525=CARTESIAN_POINT('Ctrl Pts',(62.501863,21.0443394005592,-32.0295249422957));
#7526=CARTESIAN_POINT('Ctrl Pts',(62.4989096858039,21.0886785699561,-32.0293271034207));
#7527=CARTESIAN_POINT('Ctrl Pts',(62.4930291159885,21.1326262813935,-32.0291292645457));
#7528=CARTESIAN_POINT('Ctrl Pts',(62.4871487760486,21.1765722748847,-32.0289314334043));
#7529=CARTESIAN_POINT('Ctrl Pts',(62.4783414709856,21.2201263828879,-32.028733602263));
#7530=CARTESIAN_POINT('Ctrl Pts',(62.4666849060234,21.2629043355623,-32.0285357711216));
#7531=CARTESIAN_POINT('Ctrl Pts',(62.4550287563993,21.3056807640041,-32.0283379470293));
#7532=CARTESIAN_POINT('Ctrl Pts',(62.4405236717238,21.3476806465901,-32.0281401229369));
#7533=CARTESIAN_POINT('Ctrl Pts',(62.4232976185811,21.3885334524598,-32.0279422988445));
#7534=CARTESIAN_POINT('Ctrl Pts',(62.4060721196482,21.4293849439816,-32.0277444811167));
#7535=CARTESIAN_POINT('Ctrl Pts',(62.3861260071255,21.4690890069086,-32.0275466633888));
#7536=CARTESIAN_POINT('Ctrl Pts',(62.3636352380751,21.5072953870114,-32.027348845661));
#7537=CARTESIAN_POINT('Ctrl Pts',(62.341138002107,21.5455127528443,-32.0271509710534));
#7538=CARTESIAN_POINT('Ctrl Pts',(62.3160948785353,21.5822311745813,-32.0269530964457));
#7539=CARTESIAN_POINT('Ctrl Pts',(62.2887269150536,21.6171265503821,-32.0267552218381));
#7540=CARTESIAN_POINT('Ctrl Pts',(62.2613617182211,21.6520183985817,-32.0265573672337));
#7541=CARTESIAN_POINT('Ctrl Pts',(62.2316724376537,21.6850872059673,-32.0263595126294));
#7542=CARTESIAN_POINT('Ctrl Pts',(62.1999210783563,21.7160411435396,-32.026161658025));
#7543=CARTESIAN_POINT('Ctrl Pts',(62.1681724890603,21.7469923806779,-32.0259638206816));
#7544=CARTESIAN_POINT('Ctrl Pts',(62.1343625124133,21.7758287947734,-32.0257659833382));
#7545=CARTESIAN_POINT('Ctrl Pts',(62.0987894662414,21.8022959515668,-32.0255681459947));
#7546=CARTESIAN_POINT('Ctrl Pts',(62.0632190310986,21.8287611656951,-32.0253703231724));
#7547=CARTESIAN_POINT('Ctrl Pts',(62.0258861564277,21.8528571949293,-32.02517250035));
#7548=CARTESIAN_POINT('Ctrl Pts',(61.9871201956504,21.8743714622913,-32.0249746775277));
#7549=CARTESIAN_POINT('Ctrl Pts',(61.9483448779187,21.8958909225601,-32.0247768069568));
#7550=CARTESIAN_POINT('Ctrl Pts',(61.9081361855937,21.9148271482105,-32.0245789363858));
#7551=CARTESIAN_POINT('Ctrl Pts',(61.8668490135831,21.9310130019977,-32.0243810658149));
#7552=CARTESIAN_POINT('Ctrl Pts',(61.8255693985511,21.9471958932145,-32.0241832314611));
#7553=CARTESIAN_POINT('Ctrl Pts',(61.7832121296735,21.96062925201,-32.0239853971074));
#7554=CARTESIAN_POINT('Ctrl Pts',(61.7401509294055,21.9711945545047,-32.0237875627536));
#7555=CARTESIAN_POINT('Ctrl Pts',(61.6970835387307,21.9817613758499,-32.0235896999595));
#7556=CARTESIAN_POINT('Ctrl Pts',(61.6533124631435,21.9894592048015,-32.0233918371654));
#7557=CARTESIAN_POINT('Ctrl Pts',(61.6092240100102,21.9942201031611,-32.0231939743713));
#7558=CARTESIAN_POINT('Ctrl Pts',(61.5735751431016,21.9980696515104,-32.0230339872564));
#7559=CARTESIAN_POINT('Ctrl Pts',(61.5377191115343,22.,-32.0228740001416));
#7560=CARTESIAN_POINT('Ctrl Pts',(61.501863,22.,-32.0227140130268));
#7561=CARTESIAN_POINT('',(61.501863,22.,16.0146119879388));
#7562=CARTESIAN_POINT('Origin',(28.8794571922497,21.,-36.9065929689437));
#7563=CARTESIAN_POINT('',(57.0193857811707,21.,-37.5122));
#7564=CARTESIAN_POINT('',(57.0123763244119,22.,-36.5122000048266));
#7565=CARTESIAN_POINT('Ctrl Pts',(57.0193857811707,21.0000000000001,-37.5122));
#7566=CARTESIAN_POINT('Ctrl Pts',(57.0195836006079,21.0443394005592,-37.5121972267864));
#7567=CARTESIAN_POINT('Ctrl Pts',(57.0197400218563,21.0886785699561,-37.5092414295412));
#7568=CARTESIAN_POINT('Ctrl Pts',(57.0198554101927,21.1326262813936,-37.5033586642811));
#7569=CARTESIAN_POINT('Ctrl Pts',(57.0199707940186,21.1765722748848,-37.4974761289823));
#7570=CARTESIAN_POINT('Ctrl Pts',(57.0200451490046,21.2201263828879,-37.4886669161361));
#7571=CARTESIAN_POINT('Ctrl Pts',(57.0200795643866,21.2629043355624,-37.4770087233318));
#7572=CARTESIAN_POINT('Ctrl Pts',(57.0201139785423,21.3056807640042,-37.4653509459237));
#7573=CARTESIAN_POINT('Ctrl Pts',(57.0201084576476,21.3476806465902,-37.4508445133735));
#7574=CARTESIAN_POINT('Ctrl Pts',(57.0200647954786,21.3885334524598,-37.4336173796926));
#7575=CARTESIAN_POINT('Ctrl Pts',(57.0200211347144,21.4293849439816,-37.4163908002562));
#7576=CARTESIAN_POINT('Ctrl Pts',(57.0199393376504,21.4690890069086,-37.3964438745316));
#7577=CARTESIAN_POINT('Ctrl Pts',(57.0198218707713,21.5072953870115,-37.373952542293));
#7578=CARTESIAN_POINT('Ctrl Pts',(57.0197043701161,21.5455127528443,-37.3514547429749));
#7579=CARTESIAN_POINT('Ctrl Pts',(57.0195511823891,21.5822311745814,-37.3264113061878));
#7580=CARTESIAN_POINT('Ctrl Pts',(57.0193654061342,21.6171265503821,-37.2990432579074));
#7581=CARTESIAN_POINT('Ctrl Pts',(57.0191796486596,21.6520183985817,-37.2716779762847));
#7582=CARTESIAN_POINT('Ctrl Pts',(57.0189613132569,21.6850872059673,-37.2419888392696));
#7583=CARTESIAN_POINT('Ctrl Pts',(57.0187140725908,21.7160411435397,-37.2102378261246));
#7584=CARTESIAN_POINT('Ctrl Pts',(57.0184668534941,21.746992380678,-37.1784895829509));
#7585=CARTESIAN_POINT('Ctrl Pts',(57.0181907388254,21.7758287947734,-37.1446801549585));
#7586=CARTESIAN_POINT('Ctrl Pts',(57.0178899102656,21.8022959515669,-37.1091078306636));
#7587=CARTESIAN_POINT('Ctrl Pts',(57.0175891037864,21.8287611656952,-37.0735381173448));
#7588=CARTESIAN_POINT('Ctrl Pts',(57.0172635922471,21.8528571949293,-37.0362061376585));
#7589=CARTESIAN_POINT('Ctrl Pts',(57.0169179923714,21.8743714622914,-36.9974412126672));
#7590=CARTESIAN_POINT('Ctrl Pts',(57.016572309078,21.8958909225601,-36.9586669309715));
#7591=CARTESIAN_POINT('Ctrl Pts',(57.0162065334043,21.9148271482105,-36.9184594155122));
#7592=CARTESIAN_POINT('Ctrl Pts',(57.0158256401025,21.9310130019977,-36.8771735263285));
#7593=CARTESIAN_POINT('Ctrl Pts',(57.0154448165173,21.9471958932145,-36.8358951938886));
#7594=CARTESIAN_POINT('Ctrl Pts',(57.0150488868802,21.96062925201,-36.7935393134832));
#7595=CARTESIAN_POINT('Ctrl Pts',(57.0146430898593,21.9711945545047,-36.7504795708489));
#7596=CARTESIAN_POINT('Ctrl Pts',(57.0142372345017,21.9817613758499,-36.7074136380173));
#7597=CARTESIAN_POINT('Ctrl Pts',(57.0138215152153,21.9894592048015,-36.6636440894108));
#7598=CARTESIAN_POINT('Ctrl Pts',(57.0134013470776,21.9942201031611,-36.6195571944406));
#7599=CARTESIAN_POINT('Ctrl Pts',(57.0130616091881,21.9980696515104,-36.5839095874255));
#7600=CARTESIAN_POINT('Ctrl Pts',(57.0127189673605,22.,-36.5480548361056));
#7601=CARTESIAN_POINT('Ctrl Pts',(57.0123763244119,22.,-36.5122000048267));
#7602=CARTESIAN_POINT('',(57.2196083394129,22.,-36.5092948371021));
#7603=CARTESIAN_POINT('',(28.8794571922497,22.,-36.9065929689437));
#7604=CARTESIAN_POINT('',(57.249946315442,21.,-37.5089677917783));
#7605=CARTESIAN_POINT('Ctrl Pts',(57.2196083394129,22.,-36.5092948371022));
#7606=CARTESIAN_POINT('Ctrl Pts',(57.2197310160203,22.,-36.5132255683987));
#7607=CARTESIAN_POINT('Ctrl Pts',(57.2198536473116,21.9999768083005,-36.5171562669324));
#7608=CARTESIAN_POINT('Ctrl Pts',(57.2240503636526,21.9983888383148,-36.6517219246415));
#7609=CARTESIAN_POINT('Ctrl Pts',(57.2280258549301,21.9712446068472,-36.7807996843951));
#7610=CARTESIAN_POINT('Ctrl Pts',(57.2353462657968,21.8690130425897,-37.0207600942383));
#7611=CARTESIAN_POINT('Ctrl Pts',(57.2386244618997,21.7950799661836,-37.1294150923636));
#7612=CARTESIAN_POINT('Ctrl Pts',(57.2441087938111,21.6097181805766,-37.3122711128196));
#7613=CARTESIAN_POINT('Ctrl Pts',(57.2462634724318,21.5000663934672,-37.3847281364696));
#7614=CARTESIAN_POINT('Ctrl Pts',(57.249195979472,21.2591545144589,-37.4835477304025));
#7615=CARTESIAN_POINT('Ctrl Pts',(57.2499463154422,21.1302000695491,-37.5089677917783));
#7616=CARTESIAN_POINT('Ctrl Pts',(57.2499463154419,21.,-37.5089677917783));
#7617=CARTESIAN_POINT('',(28.8934747285374,21.,-37.9064947184553));
#7618=CARTESIAN_POINT('Origin',(57.001864651423,21.,-32.012201651423));
#7619=CARTESIAN_POINT('',(61.4989578371022,22.,-32.2299453394112));
#7620=CARTESIAN_POINT('Origin',(57.001864651423,22.,-32.012201651423));
#7621=CARTESIAN_POINT('',(62.4986307917783,21.,-32.2602833154423));
#7622=CARTESIAN_POINT('Ctrl Pts',(61.4989578371022,22.,-32.2299453394112));
#7623=CARTESIAN_POINT('Ctrl Pts',(61.502888568399,22.,-32.2300680160185));
#7624=CARTESIAN_POINT('Ctrl Pts',(61.5068192669321,21.9999768083005,-32.2301906473121));
#7625=CARTESIAN_POINT('Ctrl Pts',(61.6413849246461,21.9983888383148,-32.2343873636345));
#7626=CARTESIAN_POINT('Ctrl Pts',(61.7704626843959,21.9712446068469,-32.2383628549299));
#7627=CARTESIAN_POINT('Ctrl Pts',(62.0104230942385,21.8690130425896,-32.2456832657962));
#7628=CARTESIAN_POINT('Ctrl Pts',(62.1190780923637,21.7950799661835,-32.2489614618994));
#7629=CARTESIAN_POINT('Ctrl Pts',(62.3019341128197,21.6097181805765,-32.2544457938109));
#7630=CARTESIAN_POINT('Ctrl Pts',(62.3743911364696,21.5000663934671,-32.2566004724318));
#7631=CARTESIAN_POINT('Ctrl Pts',(62.4732107304025,21.2591545144589,-32.2595329794723));
#7632=CARTESIAN_POINT('Ctrl Pts',(62.4986307917783,21.1302000695491,-32.2602833154422));
#7633=CARTESIAN_POINT('Ctrl Pts',(62.4986307917783,21.,-32.2602833154422));
#7634=CARTESIAN_POINT('Origin',(57.001864651423,21.,-32.012201651423));
#7635=CARTESIAN_POINT('Origin',(61.7202874848824,21.,-16.4420138876493));
#7636=CARTESIAN_POINT('',(62.720189234394,21.,-16.456031423937));
#7637=CARTESIAN_POINT('',(61.7202874848824,22.,-16.4420138876493));
#7638=CARTESIAN_POINT('Origin',(28.5097041508835,21.,-36.5122));
#7639=CARTESIAN_POINT('',(-57.0158104527841,21.,-37.5122));
#7640=CARTESIAN_POINT('',(-57.0088074151509,22.,-36.5122));
#7641=CARTESIAN_POINT('Ctrl Pts',(-57.0158104527841,21.,-37.5122));
#7642=CARTESIAN_POINT('Ctrl Pts',(-57.0156127756661,21.0443394005592,-37.5122));
#7643=CARTESIAN_POINT('Ctrl Pts',(-57.0154150985482,21.0886785699561,-37.5092466858039));
#7644=CARTESIAN_POINT('Ctrl Pts',(-57.0152174214303,21.1326262813936,-37.5033661159885));
#7645=CARTESIAN_POINT('Ctrl Pts',(-57.0150197520397,21.1765722748848,-37.4974857760487));
#7646=CARTESIAN_POINT('Ctrl Pts',(-57.014822082649,21.2201263828879,-37.4886784709857));
#7647=CARTESIAN_POINT('Ctrl Pts',(-57.0146244132584,21.2629043355623,-37.4770219060234));
#7648=CARTESIAN_POINT('Ctrl Pts',(-57.0144267509111,21.3056807640041,-37.4653657563993));
#7649=CARTESIAN_POINT('Ctrl Pts',(-57.0142290885637,21.3476806465902,-37.4508606717238));
#7650=CARTESIAN_POINT('Ctrl Pts',(-57.0140314262163,21.3885334524598,-37.4336346185811));
#7651=CARTESIAN_POINT('Ctrl Pts',(-57.0138337702282,21.4293849439816,-37.4164091196482));
#7652=CARTESIAN_POINT('Ctrl Pts',(-57.0136361142402,21.4690890069086,-37.3964630071255));
#7653=CARTESIAN_POINT('Ctrl Pts',(-57.0134384582521,21.5072953870114,-37.3739722380751));
#7654=CARTESIAN_POINT('Ctrl Pts',(-57.0132407454308,21.5455127528443,-37.351475002107));
#7655=CARTESIAN_POINT('Ctrl Pts',(-57.0130430326094,21.5822311745813,-37.3264318785353));
#7656=CARTESIAN_POINT('Ctrl Pts',(-57.012845319788,21.6171265503821,-37.2990639150537));
#7657=CARTESIAN_POINT('Ctrl Pts',(-57.0126476269536,21.6520183985817,-37.2716987182211));
#7658=CARTESIAN_POINT('Ctrl Pts',(-57.0124499341192,21.6850872059673,-37.2420094376537));
#7659=CARTESIAN_POINT('Ctrl Pts',(-57.0122522412848,21.7160411435396,-37.2102580783563));
#7660=CARTESIAN_POINT('Ctrl Pts',(-57.0120545656972,21.7469923806779,-37.1785094890603));
#7661=CARTESIAN_POINT('Ctrl Pts',(-57.0118568901096,21.7758287947734,-37.1446995124134));
#7662=CARTESIAN_POINT('Ctrl Pts',(-57.0116592145219,21.8022959515668,-37.1091264662414));
#7663=CARTESIAN_POINT('Ctrl Pts',(-57.0114615534435,21.8287611656951,-37.0735560310986));
#7664=CARTESIAN_POINT('Ctrl Pts',(-57.0112638923651,21.8528571949293,-37.0362231564277));
#7665=CARTESIAN_POINT('Ctrl Pts',(-57.0110662312867,21.8743714622913,-36.9974571956504));
#7666=CARTESIAN_POINT('Ctrl Pts',(-57.0108685224988,21.8958909225601,-36.9586818779188));
#7667=CARTESIAN_POINT('Ctrl Pts',(-57.0106708137108,21.9148271482105,-36.9184731855937));
#7668=CARTESIAN_POINT('Ctrl Pts',(-57.0104731049229,21.9310130019977,-36.8771860135831));
#7669=CARTESIAN_POINT('Ctrl Pts',(-57.0102754323225,21.9471958932145,-36.8359063985511));
#7670=CARTESIAN_POINT('Ctrl Pts',(-57.0100777597221,21.96062925201,-36.7935491296735));
#7671=CARTESIAN_POINT('Ctrl Pts',(-57.0098800871217,21.9711945545047,-36.7504879294055));
#7672=CARTESIAN_POINT('Ctrl Pts',(-57.0096823861042,21.9817613758499,-36.7074205387307));
#7673=CARTESIAN_POINT('Ctrl Pts',(-57.0094846850867,21.9894592048015,-36.6636494631435));
#7674=CARTESIAN_POINT('Ctrl Pts',(-57.0092869840692,21.9942201031611,-36.6195610100102));
#7675=CARTESIAN_POINT('Ctrl Pts',(-57.0091271277631,21.9980696515104,-36.5839121431016));
#7676=CARTESIAN_POINT('Ctrl Pts',(-57.008967271457,22.,-36.5480561115343));
#7677=CARTESIAN_POINT('Ctrl Pts',(-57.0088074151509,22.,-36.5122));
#7678=CARTESIAN_POINT('',(28.5097041508835,22.,-36.5122));
#7679=CARTESIAN_POINT('',(28.5097041508835,21.,-37.5122));
#7680=CARTESIAN_POINT('Origin',(-28.7621537976696,21.,-36.9078635623708));
#7681=CARTESIAN_POINT('',(-28.7621537976696,22.,-36.9078635623708));
#7682=CARTESIAN_POINT('',(-28.776159872936,21.,-37.9077654724878));
#7683=CARTESIAN_POINT('Origin',(57.001864978913,21.,32.01220236626));
#7684=CARTESIAN_POINT('',(57.2480995600546,21.,37.5091132681098));
#7685=CARTESIAN_POINT('Origin',(57.001864978913,21.,32.01220236626));
#7686=CARTESIAN_POINT('',(57.2182803485554,22.,36.5094213897305));
#7687=CARTESIAN_POINT('Origin',(57.001864978913,22.,32.01220236626));
#7688=CARTESIAN_POINT('Ctrl Pts',(57.2182803485554,22.,36.5094213897305));
#7689=CARTESIAN_POINT('Ctrl Pts',(57.2184003421083,22.,36.5133298815798));
#7690=CARTESIAN_POINT('Ctrl Pts',(57.2185202903469,21.999977070878,36.5172383412209));
#7691=CARTESIAN_POINT('Ctrl Pts',(57.2226486189952,21.9983981051052,36.6518076047195));
#7692=CARTESIAN_POINT('Ctrl Pts',(57.226558589313,21.9712531545311,36.7809121340124));
#7693=CARTESIAN_POINT('Ctrl Pts',(57.2337555798335,21.8690119808216,37.0208982219618));
#7694=CARTESIAN_POINT('Ctrl Pts',(57.2369771478609,21.7950787245025,37.1295550934778));
#7695=CARTESIAN_POINT('Ctrl Pts',(57.2423657686419,21.6097167926566,37.3124139330197));
#7696=CARTESIAN_POINT('Ctrl Pts',(57.2444822907648,21.5000651590653,37.3848719808392));
#7697=CARTESIAN_POINT('Ctrl Pts',(57.2473626803816,21.259153762991,37.4836928807371));
#7698=CARTESIAN_POINT('Ctrl Pts',(57.2480995600545,21.1301997025186,37.5091132681098));
#7699=CARTESIAN_POINT('Ctrl Pts',(57.2480995600542,21.,37.5091132681098));
#7700=CARTESIAN_POINT('Origin',(28.7499293568109,21.,36.8879939341095));
#7701=CARTESIAN_POINT('',(28.7632261956785,21.,37.8879055272396));
#7702=CARTESIAN_POINT('',(28.7499293568109,22.,36.8879939341095));
#7703=CARTESIAN_POINT('Origin',(-61.4991805139056,21.,-16.0165487147299));
#7704=CARTESIAN_POINT('',(-62.5018179588076,21.,32.0056491816722));
#7705=CARTESIAN_POINT('',(-61.5018175753035,22.,31.9986938535461));
#7706=CARTESIAN_POINT('Ctrl Pts',(-62.5018179588076,21.,32.0056491816722));
#7707=CARTESIAN_POINT('Ctrl Pts',(-62.5018179479397,21.0443394005592,32.0054513009834));
#7708=CARTESIAN_POINT('Ctrl Pts',(-62.4988646228802,21.0886785699561,32.0052535824946));
#7709=CARTESIAN_POINT('Ctrl Pts',(-62.4929840422058,21.1326262813936,32.0050560247746));
#7710=CARTESIAN_POINT('Ctrl Pts',(-62.4871036914073,21.1765722748848,32.0048584747773));
#7711=CARTESIAN_POINT('Ctrl Pts',(-62.4782963754902,21.2201263828879,32.0046610855328));
#7712=CARTESIAN_POINT('Ctrl Pts',(-62.466639799678,21.2629043355623,32.0044638527735));
#7713=CARTESIAN_POINT('Ctrl Pts',(-62.4549836392045,21.3056807640041,32.0042666270419));
#7714=CARTESIAN_POINT('Ctrl Pts',(-62.4404785436838,21.3476806465902,32.0040695577776));
#7715=CARTESIAN_POINT('Ctrl Pts',(-62.4232524797,21.3885334524598,32.0038726379525));
#7716=CARTESIAN_POINT('Ctrl Pts',(-62.4060269699264,21.4293849439816,32.0036757244628));
#7717=CARTESIAN_POINT('Ctrl Pts',(-62.386080846567,21.4690890069086,32.0034789603929));
#7718=CARTESIAN_POINT('Ctrl Pts',(-62.3635900666838,21.5072953870115,32.003282336079));
#7719=CARTESIAN_POINT('Ctrl Pts',(-62.3410928198798,21.5455127528443,32.0030856552283));
#7720=CARTESIAN_POINT('Ctrl Pts',(-62.3160496854761,21.5822311745814,32.0028891142012));
#7721=CARTESIAN_POINT('Ctrl Pts',(-62.2886817111659,21.6171265503821,32.0026927008575));
#7722=CARTESIAN_POINT('Ctrl Pts',(-62.2613165035059,21.6520183985817,32.0024963073693));
#7723=CARTESIAN_POINT('Ctrl Pts',(-62.2316272121145,21.6850872059673,32.0023000415229));
#7724=CARTESIAN_POINT('Ctrl Pts',(-62.1998758419962,21.7160411435396,32.0021038889287));
#7725=CARTESIAN_POINT('Ctrl Pts',(-62.1681272418803,21.746992380678,32.0019077534468));
#7726=CARTESIAN_POINT('Ctrl Pts',(-62.1343172544166,21.7758287947734,32.0017117311791));
#7727=CARTESIAN_POINT('Ctrl Pts',(-62.0987441974305,21.8022959515669,32.0015158057416));
#7728=CARTESIAN_POINT('Ctrl Pts',(-62.0631737514743,21.8287611656952,32.0013198946848));
#7729=CARTESIAN_POINT('Ctrl Pts',(-62.0258408659928,21.8528571949293,32.0011240804236));
#7730=CARTESIAN_POINT('Ctrl Pts',(-61.987074894407,21.8743714622914,32.0009283448693));
#7731=CARTESIAN_POINT('Ctrl Pts',(-61.9482995658642,21.8958909225601,32.0007325620703));
#7732=CARTESIAN_POINT('Ctrl Pts',(-61.9080908627302,21.9148271482105,32.0005368579941));
#7733=CARTESIAN_POINT('Ctrl Pts',(-61.8668036799122,21.9310130019977,32.0003412131495));
#7734=CARTESIAN_POINT('Ctrl Pts',(-61.8255240540748,21.9471958932145,32.0001456041147));
#7735=CARTESIAN_POINT('Ctrl Pts',(-61.7831667743935,21.96062925201,31.999950054266));
#7736=CARTESIAN_POINT('Ctrl Pts',(-61.7401055633228,21.9711945545047,31.9997545430782));
#7737=CARTESIAN_POINT('Ctrl Pts',(-61.6970381618437,21.9817613758499,31.9995590037841));
#7738=CARTESIAN_POINT('Ctrl Pts',(-61.6532670754534,21.9894592048015,31.9993635031372));
#7739=CARTESIAN_POINT('Ctrl Pts',(-61.6091786115174,21.9942201031611,31.9991680199212));
#7740=CARTESIAN_POINT('Ctrl Pts',(-61.573529735874,21.9980696515104,31.9990099568762));
#7741=CARTESIAN_POINT('Ctrl Pts',(-61.5376736955722,22.,31.9988519052089));
#7742=CARTESIAN_POINT('Ctrl Pts',(-61.5018175753035,22.,31.9986938535461));
#7743=CARTESIAN_POINT('',(-61.4991805139056,22.,-16.0165487147299));
#7744=CARTESIAN_POINT('',(-62.4991805123974,21.,-16.0166036360684));
#7745=CARTESIAN_POINT('Origin',(-61.7192874353654,21.,16.4283695328151));
#7746=CARTESIAN_POINT('',(-61.7192874353654,22.,16.4283695328151));
#7747=CARTESIAN_POINT('',(-62.7191899118559,21.,16.4423351158042));
#7748=CARTESIAN_POINT('Origin',(-57.0018371641,0.,31.98840004974));
#7749=CARTESIAN_POINT('',(-62.4985979301591,0.,32.2361955629068));
#7750=CARTESIAN_POINT('',(-57.2513840090571,0.,37.4850815857037));
#7751=CARTESIAN_POINT('Origin',(-62.5018179588076,0.,32.0056491816722));
#7752=CARTESIAN_POINT('',(-62.5018179588076,0.,32.0056491816722));
#7753=CARTESIAN_POINT('Origin',(-62.4983010481987,0.,-32.0297639153209));
#7754=CARTESIAN_POINT('',(-62.4983010481987,0.,-32.0297639153209));
#7755=CARTESIAN_POINT('',(-62.4983014269887,1.,-32.029736594661));
#7756=CARTESIAN_POINT('',(-62.5003253255755,13.095,4.82799349179897));
#7757=CARTESIAN_POINT('',(-62.5003253255755,2.595,4.82799349179897));
#7758=CARTESIAN_POINT('',(-62.5003253255755,1.2975,4.82799349179897));
#7759=CARTESIAN_POINT('',(-62.5002758963708,1.695,3.92799349451368));
#7760=CARTESIAN_POINT('Origin',(-62.5002758963708,2.595,3.92799349451368));
#7761=CARTESIAN_POINT('',(-62.4986941618222,1.69500000000001,-24.8720064186154));
#7762=CARTESIAN_POINT('',(-62.4984976050105,1.69500000000001,-28.4508851669681));
#7763=CARTESIAN_POINT('',(-62.4986447326176,2.59500000000001,-25.7720064159006));
#7764=CARTESIAN_POINT('Origin',(-62.4986941618222,2.59500000000001,-24.8720064186154));
#7765=CARTESIAN_POINT('',(-62.4986447326176,13.095,-25.7720064159006));
#7766=CARTESIAN_POINT('',(-62.4986447326176,6.54750000000001,-25.7720064159006));
#7767=CARTESIAN_POINT('',(-62.4986941618222,13.995,-24.8720064186154));
#7768=CARTESIAN_POINT('Origin',(-62.4986941618222,13.095,-24.8720064186154));
#7769=CARTESIAN_POINT('',(-62.5002758963708,13.995,3.92799349451369));
#7770=CARTESIAN_POINT('',(-62.4992884722848,13.995,-14.0508852104036));
#7771=CARTESIAN_POINT('Origin',(-62.5002758963708,13.095,3.92799349451369));
#7772=CARTESIAN_POINT('',(-62.5005543660259,9.9042115175081,8.99832975770047));
#7773=CARTESIAN_POINT('Origin',(-62.5009525457303,9.90421151750809,16.2483297419007));
#7774=CARTESIAN_POINT('Origin',(-62.4951049858952,0.,-32.2602788813499));
#7775=CARTESIAN_POINT('',(-62.4951049858952,0.,-32.2602788813499));
#7776=CARTESIAN_POINT('Origin',(-56.99833849664,0.,-32.012201246918));
#7777=CARTESIAN_POINT('',(-57.2463497229964,0.,-37.5089707328711));
#7778=CARTESIAN_POINT('Origin',(-57.0158104527841,0.,-37.5122));
#7779=CARTESIAN_POINT('',(-57.0158104527841,0.,-37.5122));
#7780=CARTESIAN_POINT('Origin',(57.0193857811707,0.,-37.5122));
#7781=CARTESIAN_POINT('',(57.019588602425,1.,-37.5122356762395));
#7782=CARTESIAN_POINT('',(57.0193857811707,0.,-37.5122));
#7783=CARTESIAN_POINT('',(27.0046877903365,1.,-37.5122713524789));
#7784=CARTESIAN_POINT('',(57.0197914236792,1.,-37.5122713524789));
#7785=CARTESIAN_POINT('',(27.0046877903365,0.,-37.5122713524789));
#7786=CARTESIAN_POINT('',(14.7152629690082,0.,-37.5122713524789));
#7787=CARTESIAN_POINT('Origin',(57.249946315442,0.,-37.5089677917783));
#7788=CARTESIAN_POINT('',(57.2474846519091,1.,-37.5090460149104));
#7789=CARTESIAN_POINT('',(57.249946315442,0.,-37.5089677917783));
#7790=CARTESIAN_POINT('',(57.2456079440959,1.,-37.5091056501778));
#7791=CARTESIAN_POINT('Origin',(2.2520596214548E-5,22.,-1.07686189476652E-5));
#7792=CARTESIAN_POINT('',(50.4725351769847,22.,34.267176215474));
#7793=CARTESIAN_POINT('',(-50.631315764771,22.,34.2671762154737));
#7794=CARTESIAN_POINT('',(25.2362788487904,22.,34.2671762154739));
#7795=CARTESIAN_POINT('',(-51.5274648230171,22.,33.3710346400371));
#7796=CARTESIAN_POINT('Origin',(-50.588180849023,22.,33.3278918812705));
#7797=CARTESIAN_POINT('',(-51.5274648230172,22.,-33.1771164866662));
#7798=CARTESIAN_POINT('',(-51.5274648230172,22.,16.6855119357091));
#7799=CARTESIAN_POINT('',(-50.6386373744029,22.,-34.0728237845267));
#7800=CARTESIAN_POINT('Origin',(-50.5866112499898,22.,-33.1323433978413));
#7801=CARTESIAN_POINT('',(50.4725337570196,22.,-34.0728237845418));
#7802=CARTESIAN_POINT('',(-25.3193074269059,22.,-34.0728237845305));
#7803=CARTESIAN_POINT('',(51.3725351769832,22.,-33.1728237845412));
#7804=CARTESIAN_POINT('Origin',(50.4725351769829,22.,-33.1728237845412));
#7805=CARTESIAN_POINT('',(51.3725351769849,22.,33.3671762154733));
#7806=CARTESIAN_POINT('',(51.3725351769836,22.,-16.5864172765807));
#7807=CARTESIAN_POINT('Origin',(50.4725351769847,22.,33.3671762154733));
#7808=CARTESIAN_POINT('Origin',(2.23311892888489E-5,1.,-4.65198122423516E-5));
#7809=CARTESIAN_POINT('',(61.501863,1.,-32.0227136687474));
#7810=CARTESIAN_POINT('',(61.501863,1.,32.0224108466974));
#7811=CARTESIAN_POINT('',(61.4990341857682,1.,-32.2244992208403));
#7812=CARTESIAN_POINT('',(61.501863,1.,-32.0227136687474));
#7813=CARTESIAN_POINT('',(57.215544754506,1.,-36.5094288432943));
#7814=CARTESIAN_POINT('Origin',(57.00033755166,1.,-32.0108042996216));
#7815=CARTESIAN_POINT('',(57.0127823112109,1.,-36.5122713524789));
#7816=CARTESIAN_POINT('',(57.215544754506,1.,-36.5094288432943));
#7817=CARTESIAN_POINT('',(27.0046877903365,1.,-36.5122713524789));
#7818=CARTESIAN_POINT('',(57.0127823112109,1.,-36.5122713524789));
#7819=CARTESIAN_POINT('',(27.0046877903365,1.,-36.5122713524789));
#7820=CARTESIAN_POINT('',(62.4986753843204,1.,-32.257102431154));
#7821=CARTESIAN_POINT('Origin',(57.00033755166,1.,-32.0108042996216));
#7822=CARTESIAN_POINT('',(62.501863,1.,-32.0297227811707));
#7823=CARTESIAN_POINT('Origin',(-59.9833428000661,-0.0499999999999928,-24.9854760872321));
#7824=CARTESIAN_POINT('',(-53.5000007972121,1.00000000000001,-24.9854760872321));
#7825=CARTESIAN_POINT('',(-61.4986883056969,-0.0249999999999964,-24.9854760872321));
#7826=CARTESIAN_POINT('',(-53.5000007972121,1.00000000000001,-24.9854760872321));
#7827=CARTESIAN_POINT('Origin',(-61.2416718656944,1.00000000000001,-21.2427381740012));
#7828=CARTESIAN_POINT('Origin',(-61.2416718656944,1.00000000000001,-21.2427381740012));
#7829=CARTESIAN_POINT('Origin',(-61.5018179540984,0.,31.9987212638588));
#7830=CARTESIAN_POINT('',(-61.4983018077086,0.,-32.0227770285794));
#7831=CARTESIAN_POINT('Origin',(-57.0088073478271,0.,-36.5122713524789));
#7832=CARTESIAN_POINT('',(-57.0088073478271,0.,-36.5122713524789));
#7833=CARTESIAN_POINT('Origin',(-57.2093322559706,0.,-36.509462510003));
#7834=CARTESIAN_POINT('',(-57.2093322559706,0.,-36.509462510003));
#7835=CARTESIAN_POINT('Origin',(-56.9962992659016,0.,-32.0102731963123));
#7836=CARTESIAN_POINT('',(-61.4955351692174,0.,-32.2223199402174));
#7837=CARTESIAN_POINT('Origin',(-61.4983018077086,0.,-32.0227770285794));
#7838=CARTESIAN_POINT('Origin',(-61.4989457434389,0.,32.2043647055585));
#7839=CARTESIAN_POINT('',(-61.4989457434389,0.,32.2043647055585));
#7840=CARTESIAN_POINT('Origin',(-57.0023653166378,0.,31.9890382090017));
#7841=CARTESIAN_POINT('',(-57.2222411026413,0.,36.4853984785463));
#7842=CARTESIAN_POINT('Origin',(-57.0134485947514,0.,36.4884225873273));
#7843=CARTESIAN_POINT('',(-57.0134485947514,0.,36.4884225873273));
#7844=CARTESIAN_POINT('Origin',(57.0110661049256,0.,36.5121769277496));
#7845=CARTESIAN_POINT('',(57.0110661049256,0.,36.5121769277496));
#7846=CARTESIAN_POINT('Origin',(57.2182803485531,0.,36.5094213897305));
#7847=CARTESIAN_POINT('',(57.2182803485531,0.,36.5094213897305));
#7848=CARTESIAN_POINT('Origin',(57.001864978913,0.,32.01220236626));
#7849=CARTESIAN_POINT('',(61.4990346293453,0.,32.2296413059925));
#7850=CARTESIAN_POINT('Origin',(61.501863,0.,32.0224108466974));
#7851=CARTESIAN_POINT('Origin',(61.501863,0.,-32.0227136687474));
#7852=CARTESIAN_POINT('',(61.501863,0.,-32.0227136687474));
#7853=CARTESIAN_POINT('Origin',(61.4990341857682,0.,-32.2244992208403));
#7854=CARTESIAN_POINT('',(61.4990341857682,0.,-32.2244992208403));
#7855=CARTESIAN_POINT('Origin',(57.00033755166,0.,-32.0108042996216));
#7856=CARTESIAN_POINT('',(57.215544754506,0.,-36.5094288432943));
#7857=CARTESIAN_POINT('Origin',(57.0127823112109,0.,-36.5122713524789));
#7858=CARTESIAN_POINT('',(57.0127823112109,0.,-36.5122713524789));
#7859=CARTESIAN_POINT('Origin',(27.0046877903365,0.,-36.5122713524789));
#7860=CARTESIAN_POINT('',(27.0046877903365,0.,-36.5122713524789));
#7861=CARTESIAN_POINT('Origin',(27.0046877903365,0.,-37.5122713524789));
#7862=CARTESIAN_POINT('Origin',(14.7152629690082,0.,-36.5122713524789));
#7863=CARTESIAN_POINT('Origin',(-62.5009525457303,9.90421151750809,16.2483297419007));
#7864=CARTESIAN_POINT('',(-62.5005543660259,9.90421151750809,8.99832975770047));
#7865=CARTESIAN_POINT('Origin',(-62.4986447326176,13.095,-25.7720064159006));
#7866=CARTESIAN_POINT('',(-62.4986447326176,13.095,-25.7720064159006));
#7867=CARTESIAN_POINT('',(-62.4986447326176,2.59500000000001,-25.7720064159006));
#7868=CARTESIAN_POINT('Ctrl Pts',(-60.5986447354823,2.59500000000001,-25.7719020653574));
#7869=CARTESIAN_POINT('Ctrl Pts',(-60.5986447354823,1.69500000000001,-25.7719020653574));
#7870=CARTESIAN_POINT('Ctrl Pts',(-60.598694164687,1.69500000000001,-24.8719020680721));
#7871=CARTESIAN_POINT('Ctrl Pts',(-62.4986447326176,2.59500000000001,-25.7720064159006));
#7872=CARTESIAN_POINT('Ctrl Pts',(-62.4986447326176,1.69500000000001,-25.7720064159007));
#7873=CARTESIAN_POINT('Ctrl Pts',(-62.4986941618222,1.69500000000001,-24.8720064186154));
#7874=CARTESIAN_POINT('',(-62.4986941618223,1.69500000000001,-24.8720064186154));
#7875=CARTESIAN_POINT('Origin',(-62.4986941618223,1.69500000000001,-24.8720064186154));
#7876=CARTESIAN_POINT('',(-62.5002758963709,1.695,3.92799349451368));
#7877=CARTESIAN_POINT('Ctrl Pts',(-60.6002758992371,1.695,3.92809784505698));
#7878=CARTESIAN_POINT('Ctrl Pts',(-60.6003253284417,1.695,4.82809784234226));
#7879=CARTESIAN_POINT('Ctrl Pts',(-60.6003253284417,2.595,4.82809784234226));
#7880=CARTESIAN_POINT('Ctrl Pts',(-62.5002758963709,1.695,3.92799349451368));
#7881=CARTESIAN_POINT('Ctrl Pts',(-62.5003253255755,1.695,4.82799349179896));
#7882=CARTESIAN_POINT('Ctrl Pts',(-62.5003253255755,2.595,4.82799349179896));
#7883=CARTESIAN_POINT('',(-62.5003253255755,2.595,4.82799349179897));
#7884=CARTESIAN_POINT('Origin',(-62.5003253255755,2.595,4.82799349179897));
#7885=CARTESIAN_POINT('',(-62.5003253255755,13.095,4.82799349179897));
#7886=CARTESIAN_POINT('Ctrl Pts',(-60.598694164687,13.995,-24.8719020680721));
#7887=CARTESIAN_POINT('Ctrl Pts',(-60.5986447354823,13.995,-25.7719020653574));
#7888=CARTESIAN_POINT('Ctrl Pts',(-60.5986447354823,13.095,-25.7719020653574));
#7889=CARTESIAN_POINT('Ctrl Pts',(-62.4986941618222,13.995,-24.8720064186154));
#7890=CARTESIAN_POINT('Ctrl Pts',(-62.4986447326176,13.995,-25.7720064159006));
#7891=CARTESIAN_POINT('Ctrl Pts',(-62.4986447326176,13.095,-25.7720064159006));
#7892=CARTESIAN_POINT('',(-62.4986941618223,13.995,-24.8720064186154));
#7893=CARTESIAN_POINT('Origin',(-62.5002758963709,13.995,3.92799349451369));
#7894=CARTESIAN_POINT('',(-62.5002758963709,13.995,3.92799349451369));
#7895=CARTESIAN_POINT('Ctrl Pts',(-60.6003253284417,13.095,4.82809784234226));
#7896=CARTESIAN_POINT('Ctrl Pts',(-60.6003253284417,13.995,4.82809784234227));
#7897=CARTESIAN_POINT('Ctrl Pts',(-60.6002758992371,13.995,3.92809784505698));
#7898=CARTESIAN_POINT('Ctrl Pts',(-62.5003253255755,13.095,4.82799349179897));
#7899=CARTESIAN_POINT('Ctrl Pts',(-62.5003253255755,13.995,4.82799349179897));
#7900=CARTESIAN_POINT('Ctrl Pts',(-62.5002758963709,13.995,3.92799349451369));
#7901=CARTESIAN_POINT('Origin',(55.74896,16.5,30.9131));
#7902=CARTESIAN_POINT('',(50.9725351769844,19.,25.9335652918089));
#7903=CARTESIAN_POINT('',(50.972535177005,18.9853657707126,26.3151366598122));
#7904=CARTESIAN_POINT('Ctrl Pts',(50.9725351769844,18.9853657707158,26.3151366598125));
#7905=CARTESIAN_POINT('Ctrl Pts',(50.9725351769844,18.9951900335107,26.1847905856439));
#7906=CARTESIAN_POINT('Ctrl Pts',(50.9725351769844,19.,26.0568729555368));
#7907=CARTESIAN_POINT('Ctrl Pts',(50.9725351769844,19.,25.9335652918088));
#7908=CARTESIAN_POINT('',(60.02396,19.,25.4969782325358));
#7909=CARTESIAN_POINT('Origin',(55.74896,19.,30.9131));
#7910=CARTESIAN_POINT('',(60.02396,16.5,29.8717667200172));
#7911=CARTESIAN_POINT('Ctrl Pts',(60.02396,19.,25.4969782325358));
#7912=CARTESIAN_POINT('Ctrl Pts',(60.02396,19.,25.9397633861207));
#7913=CARTESIAN_POINT('Ctrl Pts',(60.02396,18.9099386795607,26.4634173514255));
#7914=CARTESIAN_POINT('Ctrl Pts',(60.02396,18.623198382512,27.3913270179561));
#7915=CARTESIAN_POINT('Ctrl Pts',(60.02396,18.3493365056467,27.9632405813027));
#7916=CARTESIAN_POINT('Ctrl Pts',(60.02396,17.8235368430625,28.8020775386336));
#7917=CARTESIAN_POINT('Ctrl Pts',(60.02396,17.4945173308746,29.2476755721015));
#7918=CARTESIAN_POINT('Ctrl Pts',(60.02396,17.045978776339,29.6459031791963));
#7919=CARTESIAN_POINT('Ctrl Pts',(60.02396,16.9134482204639,29.7456393966462));
#7920=CARTESIAN_POINT('Ctrl Pts',(60.02396,16.7027290294395,29.8428985843532));
#7921=CARTESIAN_POINT('Ctrl Pts',(60.02396,16.5938597283169,29.8717667200171));
#7922=CARTESIAN_POINT('Ctrl Pts',(60.02396,16.5,29.8717667200171));
#7923=CARTESIAN_POINT('',(54.1475050910745,16.5,35.0113120704862));
#7924=CARTESIAN_POINT('Origin',(55.74896,16.5,30.9131));
#7925=CARTESIAN_POINT('',(50.1972879580988,19.,35.010530602118));
#7926=CARTESIAN_POINT('Ctrl Pts',(54.1475050910745,16.5,35.0113120704862));
#7927=CARTESIAN_POINT('Ctrl Pts',(54.1475050910745,16.6083646671275,35.0113120704862));
#7928=CARTESIAN_POINT('Ctrl Pts',(54.1224630855494,16.7359682544294,35.0113071164458));
#7929=CARTESIAN_POINT('Ctrl Pts',(54.0386055029374,16.9671023288828,35.0112905269658));
#7930=CARTESIAN_POINT('Ctrl Pts',(53.9557432709651,17.1098026317817,35.0112741343952));
#7931=CARTESIAN_POINT('Ctrl Pts',(53.6331286148777,17.5549272165113,35.0112103117899));
#7932=CARTESIAN_POINT('Ctrl Pts',(53.2545764912091,17.873365820197,35.0111354231191));
#7933=CARTESIAN_POINT('Ctrl Pts',(52.5153521594004,18.3755252251594,35.0109891829473));
#7934=CARTESIAN_POINT('Ctrl Pts',(51.9978581438734,18.6323251321309,35.0108868075107));
#7935=CARTESIAN_POINT('Ctrl Pts',(51.1319392022858,18.91135435296,35.0107155034432));
#7936=CARTESIAN_POINT('Ctrl Pts',(50.6256301405691,19.,35.0106153407172));
#7937=CARTESIAN_POINT('Ctrl Pts',(50.1972879580988,19.,35.010530602118));
#7938=CARTESIAN_POINT('',(50.6041827334617,19.,26.3151366598122));
#7939=CARTESIAN_POINT('Origin',(55.74896,19.,30.9131));
#7940=CARTESIAN_POINT('Ctrl Pts',(50.6041827334617,19.,26.3151366598122));
#7941=CARTESIAN_POINT('Ctrl Pts',(50.723764747237,19.,26.3151366598122));
#7942=CARTESIAN_POINT('Ctrl Pts',(50.8470976802056,18.9951870223148,26.3151366598122));
#7943=CARTESIAN_POINT('Ctrl Pts',(50.9725351770052,18.9853657707142,26.3151366598122));
#7944=CARTESIAN_POINT('Origin',(2.2520596214548E-5,19.,-1.07686189476652E-5));
#7945=CARTESIAN_POINT('',(57.1906676902852,19.,-35.6096121194351));
#7946=CARTESIAN_POINT('',(60.5992751194344,19.,-32.2010046902987));
#7947=CARTESIAN_POINT('Origin',(57.001864651423,19.,-32.012201651423));
#7948=CARTESIAN_POINT('',(60.6018630000001,19.,-32.0164054674816));
#7949=CARTESIAN_POINT('',(60.5993432117924,19.,32.2008904266969));
#7950=CARTESIAN_POINT('',(60.5993432117924,19.,32.2008904266969));
#7951=CARTESIAN_POINT('',(57.1897863507231,19.,35.6097207301061));
#7952=CARTESIAN_POINT('Origin',(57.001864978913,19.,32.01220236626));
#7953=CARTESIAN_POINT('',(57.0051647326205,19.,35.6121758310665));
#7954=CARTESIAN_POINT('',(57.0051647326205,19.,35.6121758310665));
#7955=CARTESIAN_POINT('',(-57.0068494066764,19.,35.5884240948387));
#7956=CARTESIAN_POINT('',(-57.0068494066764,19.,35.5884240948387));
#7957=CARTESIAN_POINT('',(-57.1914306546179,19.,35.5857506570877));
#7958=CARTESIAN_POINT('',(-57.1914306546179,19.,35.5857506570877));
#7959=CARTESIAN_POINT('',(-60.5992391812685,19.,32.1770155599818));
#7960=CARTESIAN_POINT('Origin',(-57.0018371641,19.,31.98840004974));
#7961=CARTESIAN_POINT('',(-60.6018172301159,19.,31.9924334035014));
#7962=CARTESIAN_POINT('',(-60.5957424392539,19.,-32.2011317599195));
#7963=CARTESIAN_POINT('',(-60.5957424392539,19.,-32.2011317599195));
#7964=CARTESIAN_POINT('',(-57.1870942906178,19.,-35.6096143612708));
#7965=CARTESIAN_POINT('Origin',(-56.99833849664,19.,-32.012201246918));
#7966=CARTESIAN_POINT('',(-57.002504028821,19.,-35.6122));
#7967=CARTESIAN_POINT('',(-57.002504028821,19.,-35.6122));
#7968=CARTESIAN_POINT('',(57.0060684674579,19.,-35.6122000000003));
#7969=CARTESIAN_POINT('',(57.0060684674579,19.,-35.6122000000003));
#7970=CARTESIAN_POINT('',(57.1906676902852,19.,-35.6096121194351));
#7971=CARTESIAN_POINT('',(57.023367,19.,35.011881));
#7972=CARTESIAN_POINT('',(27.0703017342224,19.,35.005955408508));
#7973=CARTESIAN_POINT('',(57.1917379999996,19.,35.0096589999936));
#7974=CARTESIAN_POINT('',(28.7476461090666,19.,35.3850370185662));
#7975=CARTESIAN_POINT('',(57.4031579404245,19.,34.9903085026272));
#7976=CARTESIAN_POINT('Origin',(57.023959478851,19.,32.01189928735));
#7977=CARTESIAN_POINT('',(60.02396,19.,31.954433279983));
#7978=CARTESIAN_POINT('Origin',(55.74896,19.,30.9131));
#7979=CARTESIAN_POINT('',(60.02396,19.,15.977211255682));
#7980=CARTESIAN_POINT('',(50.9725351769837,19.,-26.1354433191766));
#7981=CARTESIAN_POINT('',(50.9725351769845,19.,33.3671762154733));
#7982=CARTESIAN_POINT('',(48.4725351769839,19.,-26.1354433191766));
#7983=CARTESIAN_POINT('',(48.4725351769839,19.,-26.1354433191766));
#7984=CARTESIAN_POINT('',(48.4725351769835,19.,-31.1728237845415));
#7985=CARTESIAN_POINT('',(48.4725351769843,19.,31.3671762154739));
#7986=CARTESIAN_POINT('',(-48.6274648230172,19.,-31.172823784527));
#7987=CARTESIAN_POINT('',(48.4725351769835,19.,-31.1728237845415));
#7988=CARTESIAN_POINT('',(-48.6274648230171,19.,31.367176215474));
#7989=CARTESIAN_POINT('',(-48.6274648230172,19.,-31.172823784527));
#7990=CARTESIAN_POINT('',(48.4725351769843,19.,31.3671762154739));
#7991=CARTESIAN_POINT('',(-48.6274648230171,19.,31.367176215474));
#7992=CARTESIAN_POINT('',(48.4725351769839,19.,26.3151366598122));
#7993=CARTESIAN_POINT('',(48.4725351769843,19.,31.3671762154739));
#7994=CARTESIAN_POINT('',(48.4725351769839,19.,26.3151366598122));
#7995=CARTESIAN_POINT('',(-50.5012652297954,19.,-35.0119));
#7996=CARTESIAN_POINT('',(-56.97834,19.,-35.0119));
#7997=CARTESIAN_POINT('',(-27.2270727685683,19.,-35.0119));
#7998=CARTESIAN_POINT('',(-57.146608,19.,-35.0095439999994));
#7999=CARTESIAN_POINT('',(-28.7398036838571,19.,-35.4072811276038));
#8000=CARTESIAN_POINT('',(-58.1735955509816,19.,-34.7660870651277));
#8001=CARTESIAN_POINT('Origin',(-56.97833889387,19.,-32.011898309195));
#8002=CARTESIAN_POINT('',(-59.4906687099956,19.,-33.6557940098652));
#8003=CARTESIAN_POINT('Origin',(-56.05104,19.,-30.9119));
#8004=CARTESIAN_POINT('',(-59.9758639999927,19.,-32.1823019999996));
#8005=CARTESIAN_POINT('Origin',(-56.97833889387,19.,-32.011898309195));
#8006=CARTESIAN_POINT('',(-59.978339,19.,-32.014036));
#8007=CARTESIAN_POINT('',(-60.206008614778,19.,-16.5356298234593));
#8008=CARTESIAN_POINT('',(-59.9831602162751,19.,-25.2419413930294));
#8009=CARTESIAN_POINT('',(-59.9897195701348,19.,-16.0283815021363));
#8010=CARTESIAN_POINT('Origin',(-56.05104,19.,-30.9119));
#8011=CARTESIAN_POINT('',(-60.0191196299556,19.,25.268248890331));
#8012=CARTESIAN_POINT('',(-60.023903,19.,31.987183));
#8013=CARTESIAN_POINT('',(-60.011444489604,19.,14.4874057138651));
#8014=CARTESIAN_POINT('',(-60.0218010000005,19.,32.1555900000001));
#8015=CARTESIAN_POINT('',(-60.218823750713,19.,16.3706183597403));
#8016=CARTESIAN_POINT('',(-59.6511767332323,19.,33.4427275421555));
#8017=CARTESIAN_POINT('Origin',(-57.02394014454,19.,31.98930063725));
#8018=CARTESIAN_POINT('',(-58.2057780676679,19.,34.7493877707158));
#8019=CARTESIAN_POINT('Origin',(-56.05104,19.,30.9131));
#8020=CARTESIAN_POINT('',(-57.1929029999998,19.,34.9870119999968));
#8021=CARTESIAN_POINT('Origin',(-57.02394014454,19.,31.98930063725));
#8022=CARTESIAN_POINT('',(-57.024498,19.,34.989319));
#8023=CARTESIAN_POINT('',(-28.8414065272233,19.,35.3754025012488));
#8024=CARTESIAN_POINT('',(-50.4847225725664,19.,34.9906127586617));
#8025=CARTESIAN_POINT('',(-28.5156998113149,19.,34.9949588732649));
#8026=CARTESIAN_POINT('Origin',(-56.05104,19.,30.9131));
#8027=CARTESIAN_POINT('',(60.02396,19.,-25.5745317346468));
#8028=CARTESIAN_POINT('',(60.02396,19.,-32.0119));
#8029=CARTESIAN_POINT('',(60.02396,19.,-14.8997404977773));
#8030=CARTESIAN_POINT('',(60.0237763794163,19.,-32.0249980608247));
#8031=CARTESIAN_POINT('',(60.2424047741486,19.,-16.4297529410563));
#8032=CARTESIAN_POINT('',(56.8850033579144,19.,-35.0119));
#8033=CARTESIAN_POINT('Origin',(55.97396,19.,-30.9119));
#8034=CARTESIAN_POINT('',(50.6749034802033,19.,-35.0119));
#8035=CARTESIAN_POINT('',(28.4425129392553,19.,-35.0119));
#8036=CARTESIAN_POINT('Origin',(55.97396,19.,-30.9119));
#8037=CARTESIAN_POINT('Origin',(55.74896,1.56,30.9131));
#8038=CARTESIAN_POINT('',(60.02396,1.56,29.8717667200172));
#8039=CARTESIAN_POINT('',(60.02396,1.56,29.8717667200172));
#8040=CARTESIAN_POINT('',(54.1475050910745,1.56,35.0113120704862));
#8041=CARTESIAN_POINT('Origin',(55.74896,1.56,30.9131));
#8042=CARTESIAN_POINT('',(54.1475050910745,1.56,35.0113120704862));
#8043=CARTESIAN_POINT('Origin',(55.97396,16.5,-30.9119));
#8044=CARTESIAN_POINT('',(55.0629166420856,16.5,-35.0119));
#8045=CARTESIAN_POINT('Ctrl Pts',(50.6749034802033,19.,-35.0119));
#8046=CARTESIAN_POINT('Ctrl Pts',(51.1132672116133,19.,-35.0119));
#8047=CARTESIAN_POINT('Ctrl Pts',(51.6316033397999,18.9103226111042,-35.0119));
#8048=CARTESIAN_POINT('Ctrl Pts',(52.553926845292,18.6236680623626,-35.0119));
#8049=CARTESIAN_POINT('Ctrl Pts',(53.1238313694507,18.3482313579516,-35.0119));
#8050=CARTESIAN_POINT('Ctrl Pts',(53.966876744933,17.8185797142307,-35.0119));
#8051=CARTESIAN_POINT('Ctrl Pts',(54.418837566165,17.4849412359121,-35.0119));
#8052=CARTESIAN_POINT('Ctrl Pts',(54.8289285612635,17.0365455986029,-35.0119));
#8053=CARTESIAN_POINT('Ctrl Pts',(54.9325046450417,16.9050273227565,-35.0119));
#8054=CARTESIAN_POINT('Ctrl Pts',(55.0330417408314,16.6970833874411,-35.0119));
#8055=CARTESIAN_POINT('Ctrl Pts',(55.0629166420856,16.5914669696895,-35.0119));
#8056=CARTESIAN_POINT('Ctrl Pts',(55.0629166420856,16.5,-35.0119));
#8057=CARTESIAN_POINT('',(60.02396,16.5,-29.7994702269357));
#8058=CARTESIAN_POINT('Origin',(55.97396,16.5,-30.9119));
#8059=CARTESIAN_POINT('Ctrl Pts',(60.02396,16.5,-29.7994702269357));
#8060=CARTESIAN_POINT('Ctrl Pts',(60.02396,16.5975702706439,-29.7994702269357));
#8061=CARTESIAN_POINT('Ctrl Pts',(60.02396,16.7112804051515,-29.7715642344299));
#8062=CARTESIAN_POINT('Ctrl Pts',(60.02396,16.9274789905005,-29.6778273533736));
#8063=CARTESIAN_POINT('Ctrl Pts',(60.02396,17.0630473605533,-29.5825689062991));
#8064=CARTESIAN_POINT('Ctrl Pts',(60.02396,17.5113374371343,-29.2059797212149));
#8065=CARTESIAN_POINT('Ctrl Pts',(60.02396,17.8385962012981,-28.780368127551));
#8066=CARTESIAN_POINT('Ctrl Pts',(60.02396,18.3580341952017,-27.9747733535647));
#8067=CARTESIAN_POINT('Ctrl Pts',(60.02396,18.626957300682,-27.4235051195353));
#8068=CARTESIAN_POINT('Ctrl Pts',(60.02396,18.9107456062102,-26.5218661300809));
#8069=CARTESIAN_POINT('Ctrl Pts',(60.02396,19.,-26.0086397485376));
#8070=CARTESIAN_POINT('Ctrl Pts',(60.02396,19.,-25.5745317346468));
#8071=CARTESIAN_POINT('Origin',(55.97396,1.56,-30.9119));
#8072=CARTESIAN_POINT('',(55.0629166420856,1.56,-35.0119));
#8073=CARTESIAN_POINT('',(55.0629166420856,1.56,-35.0119));
#8074=CARTESIAN_POINT('',(60.02396,1.56,-29.7994702269357));
#8075=CARTESIAN_POINT('Origin',(55.97396,1.56,-30.9119));
#8076=CARTESIAN_POINT('',(60.02396,1.56,-29.7994702269357));
#8077=CARTESIAN_POINT('Origin',(-56.05104,16.5,30.9131));
#8078=CARTESIAN_POINT('',(-54.395685454942,16.5,34.9898390559313));
#8079=CARTESIAN_POINT('Ctrl Pts',(-50.4847225725664,19.,34.9906127586617));
#8080=CARTESIAN_POINT('Ctrl Pts',(-50.9113197876095,19.,34.9905283652681));
#8081=CARTESIAN_POINT('Ctrl Pts',(-51.4155362396152,18.9115441656884,34.9904286165215));
#8082=CARTESIAN_POINT('Ctrl Pts',(-52.2749928912757,18.633291959552,34.9902585908838));
#8083=CARTESIAN_POINT('Ctrl Pts',(-52.7870408473634,18.3780543937819,34.9901572928368));
#8084=CARTESIAN_POINT('Ctrl Pts',(-53.5170688424274,17.8778816565611,34.9900128719691));
#8085=CARTESIAN_POINT('Ctrl Pts',(-53.8897135557459,17.5600311734734,34.9899391519567));
#8086=CARTESIAN_POINT('Ctrl Pts',(-54.2063823332862,17.1154592500597,34.9898765056199));
#8087=CARTESIAN_POINT('Ctrl Pts',(-54.288020612398,16.9718415018156,34.989860355183));
#8088=CARTESIAN_POINT('Ctrl Pts',(-54.3709180971452,16.7388470198779,34.9898439556383));
#8089=CARTESIAN_POINT('Ctrl Pts',(-54.3956854549419,16.6096360593895,34.9898390559313));
#8090=CARTESIAN_POINT('Ctrl Pts',(-54.3956854549419,16.5,34.9898390559313));
#8091=CARTESIAN_POINT('',(-60.0217888389385,16.5,29.0175384320027));
#8092=CARTESIAN_POINT('Origin',(-56.05104,16.5,30.9131));
#8093=CARTESIAN_POINT('Ctrl Pts',(-60.0217888389385,16.5,29.0175384320027));
#8094=CARTESIAN_POINT('Ctrl Pts',(-60.0217888389385,16.6147849381889,29.0175384320027));
#8095=CARTESIAN_POINT('Ctrl Pts',(-60.0217719483562,16.7504682082187,28.9938131695346));
#8096=CARTESIAN_POINT('Ctrl Pts',(-60.021715517732,16.9910982247057,28.9145482073215));
#8097=CARTESIAN_POINT('Ctrl Pts',(-60.0216606880629,17.1384634962914,28.8375320178383));
#8098=CARTESIAN_POINT('Ctrl Pts',(-60.0214515254853,17.5805703828988,28.5437329672935));
#8099=CARTESIAN_POINT('Ctrl Pts',(-60.0212030520377,17.8964173270444,28.1947161221815));
#8100=CARTESIAN_POINT('Ctrl Pts',(-60.0207100571479,18.3886714357838,27.5022335940878));
#8101=CARTESIAN_POINT('Ctrl Pts',(-60.0203618256127,18.6375656613853,27.013092106275));
#8102=CARTESIAN_POINT('Ctrl Pts',(-60.0197697391362,18.9124635161091,26.1814211325478));
#8103=CARTESIAN_POINT('Ctrl Pts',(-60.0194176215141,19.,25.6868210744593));
#8104=CARTESIAN_POINT('Ctrl Pts',(-60.0191196299556,19.,25.268248890331));
#8105=CARTESIAN_POINT('Origin',(-56.05104,1.56,30.9131));
#8106=CARTESIAN_POINT('',(-54.395685454942,1.56,34.9898390559313));
#8107=CARTESIAN_POINT('',(-54.395685454942,1.56,34.9898390559313));
#8108=CARTESIAN_POINT('',(-60.0217888389385,1.56,29.0175384320027));
#8109=CARTESIAN_POINT('Origin',(-56.05104,1.56,30.9131));
#8110=CARTESIAN_POINT('',(-60.0217888389385,1.56,29.0175384320027));
#8111=CARTESIAN_POINT('Origin',(-56.05104,16.5,-30.9119));
#8112=CARTESIAN_POINT('',(-59.9805330099194,16.5,-28.9322321781181));
#8113=CARTESIAN_POINT('Ctrl Pts',(-59.9831602162751,19.,-25.2419413930294));
#8114=CARTESIAN_POINT('Ctrl Pts',(-59.9828645575415,19.,-25.6572367876561));
#8115=CARTESIAN_POINT('Ctrl Pts',(-59.9825152332028,18.9128577648159,-26.1479132757878));
#8116=CARTESIAN_POINT('Ctrl Pts',(-59.9819306828996,18.6392520102923,-26.9689986056966));
#8117=CARTESIAN_POINT('Ctrl Pts',(-59.9815885104722,18.3926293374136,-27.4496292013607));
#8118=CARTESIAN_POINT('Ctrl Pts',(-59.981105148533,17.9031740722388,-28.1285808589663));
#8119=CARTESIAN_POINT('Ctrl Pts',(-59.9808626026001,17.5879240027081,-28.4692716536143));
#8120=CARTESIAN_POINT('Ctrl Pts',(-59.9806589499621,17.1467613206939,-28.7553311980738));
#8121=CARTESIAN_POINT('Ctrl Pts',(-59.9806052167728,16.9980387589902,-28.8308072234162));
#8122=CARTESIAN_POINT('Ctrl Pts',(-59.9805496514017,16.754629713754,-28.9088568125754));
#8123=CARTESIAN_POINT('Ctrl Pts',(-59.9805330099194,16.6166343259844,-28.9322321781181));
#8124=CARTESIAN_POINT('Ctrl Pts',(-59.9805330099194,16.5,-28.9322321781181));
#8125=CARTESIAN_POINT('',(-54.4541680577329,16.5,-35.0119));
#8126=CARTESIAN_POINT('Origin',(-56.05104,16.5,-30.9119));
#8127=CARTESIAN_POINT('Ctrl Pts',(-54.4541680577329,16.5,-35.0119));
#8128=CARTESIAN_POINT('Ctrl Pts',(-54.4541680577329,16.6082773416707,-35.0119));
#8129=CARTESIAN_POINT('Ctrl Pts',(-54.4291069103558,16.7357703768055,-35.0119));
#8130=CARTESIAN_POINT('Ctrl Pts',(-54.3451823769319,16.9667770550108,-35.0119));
#8131=CARTESIAN_POINT('Ctrl Pts',(-54.262234789501,17.1094144682498,-35.0119));
#8132=CARTESIAN_POINT('Ctrl Pts',(-53.9392074294672,17.5545759754333,-35.0119));
#8133=CARTESIAN_POINT('Ctrl Pts',(-53.5602488361182,17.8730565259031,-35.0119));
#8134=CARTESIAN_POINT('Ctrl Pts',(-52.8203944556441,18.3753528680871,-35.0119));
#8135=CARTESIAN_POINT('Ctrl Pts',(-52.302529763457,18.6322599248576,-35.0119));
#8136=CARTESIAN_POINT('Ctrl Pts',(-51.4361728925204,18.9113418145388,-35.0119));
#8137=CARTESIAN_POINT('Ctrl Pts',(-50.9297239968856,19.,-35.0119));
#8138=CARTESIAN_POINT('Ctrl Pts',(-50.5012652297954,19.,-35.0119));
#8139=CARTESIAN_POINT('Origin',(-56.05104,1.56,-30.9119));
#8140=CARTESIAN_POINT('',(-59.9805330099194,1.56,-28.9322321781181));
#8141=CARTESIAN_POINT('',(-59.9805330099194,1.56,-28.9322321781181));
#8142=CARTESIAN_POINT('',(-54.4541680577329,1.56,-35.0119));
#8143=CARTESIAN_POINT('Origin',(-56.05104,1.56,-30.9119));
#8144=CARTESIAN_POINT('',(-54.4541680577329,1.56,-35.0119));
#8145=CARTESIAN_POINT('Origin',(62.501863,3.02143827046808,14.6981));
#8146=CARTESIAN_POINT('',(62.501863,3.62856172953167,14.6981));
#8147=CARTESIAN_POINT('',(62.501863,3.02143827046808,14.6981));
#8148=CARTESIAN_POINT('Origin',(62.501863,3.64011680259938,15.7629831974006));
#8149=CARTESIAN_POINT('Origin',(62.501863,3.00988319740061,15.7629831974006));
#8150=CARTESIAN_POINT('',(62.501863,1.945,15.7745382704681));
#8151=CARTESIAN_POINT('Origin',(62.501863,1.945,22.1581));
#8152=CARTESIAN_POINT('Origin',(55.74896,1.56,30.9131));
#8153=CARTESIAN_POINT('',(57.4031579404245,1.56,34.9903085026272));
#8154=CARTESIAN_POINT('',(57.4031579404245,1.56,34.9903085026272));
#8155=CARTESIAN_POINT('',(60.02396,1.56,31.954433279983));
#8156=CARTESIAN_POINT('Origin',(55.74896,1.56,30.9131));
#8157=CARTESIAN_POINT('',(60.02396,1.56,31.954433279983));
#8158=CARTESIAN_POINT('Origin',(57.023959478851,1.56,32.01189928735));
#8159=CARTESIAN_POINT('',(57.1917379999996,1.56,35.0096589999936));
#8160=CARTESIAN_POINT('',(57.1917379999996,1.56,35.0096589999936));
#8161=CARTESIAN_POINT('Origin',(57.023959478851,1.56,32.01189928735));
#8162=CARTESIAN_POINT('Origin',(57.023367,1.56,35.011881));
#8163=CARTESIAN_POINT('',(57.023367,1.56,35.011881));
#8164=CARTESIAN_POINT('',(57.023367,1.56,35.011881));
#8165=CARTESIAN_POINT('',(57.1917379999996,1.56,35.0096589999936));
#8166=CARTESIAN_POINT('Origin',(55.74896,1.56,30.9131));
#8167=CARTESIAN_POINT('',(51.3725351769849,20.,30.4582310425003));
#8168=CARTESIAN_POINT('',(51.3725351769849,20.16,30.4582310425003));
#8169=CARTESIAN_POINT('',(51.3725351769849,1.56,30.4582310425003));
#8170=CARTESIAN_POINT('',(51.3725351769849,20.,31.3679689575));
#8171=CARTESIAN_POINT('Origin',(55.74896,20.,30.9131));
#8172=CARTESIAN_POINT('',(51.3725351769849,20.16,31.3679689575));
#8173=CARTESIAN_POINT('',(51.3725351769849,1.56,31.3679689575));
#8174=CARTESIAN_POINT('Origin',(55.74896,20.16,30.9131));
#8175=CARTESIAN_POINT('Origin',(55.74896,1.56,30.9131));
#8176=CARTESIAN_POINT('',(54.17396,19.,30.9131));
#8177=CARTESIAN_POINT('Origin',(55.74896,19.,30.9131));
#8178=CARTESIAN_POINT('',(54.17396,1.56,30.9131));
#8179=CARTESIAN_POINT('Origin',(54.1475050910745,1.56,35.0113120704862));
#8180=CARTESIAN_POINT('',(57.023367,1.56,35.011881));
#8181=CARTESIAN_POINT('Origin',(60.02396,1.56,31.954433279983));
#8182=CARTESIAN_POINT('',(60.02396,1.56,-32.0119));
#8183=CARTESIAN_POINT('Origin',(55.68646,20.16,30.7624905));
#8184=CARTESIAN_POINT('',(51.372535176984,20.16,-1.20516664227053));
#8185=CARTESIAN_POINT('Origin',(55.68646,1.56,30.7624905));
#8186=CARTESIAN_POINT('Origin',(51.3725351769832,22.,-33.1728237845412));
#8187=CARTESIAN_POINT('',(51.3725351769849,20.,33.3671762154733));
#8188=CARTESIAN_POINT('',(51.3725351769836,20.,-16.5378237845382));
#8189=CARTESIAN_POINT('',(51.3725351769849,22.,33.3671762154733));
#8190=CARTESIAN_POINT('',(51.3725351769832,20.,-33.1728237845412));
#8191=CARTESIAN_POINT('',(51.3725351769832,22.,-33.1728237845412));
#8192=CARTESIAN_POINT('',(51.3725351769836,20.,-16.5378237845382));
#8193=CARTESIAN_POINT('Origin',(-54.4541680577329,1.56,-35.0119));
#8194=CARTESIAN_POINT('',(-56.97834,1.56,-35.0119));
#8195=CARTESIAN_POINT('',(-56.97834,1.56,-35.0119));
#8196=CARTESIAN_POINT('',(-56.97834,1.56,-35.0119));
#8197=CARTESIAN_POINT('Origin',(-59.978339,1.56,-32.014036));
#8198=CARTESIAN_POINT('',(-59.978339,1.56,-32.014036));
#8199=CARTESIAN_POINT('',(-59.978339,1.56,-32.014036));
#8200=CARTESIAN_POINT('',(-60.023903,1.56,31.987183));
#8201=CARTESIAN_POINT('Origin',(-59.9758639999927,1.56,-32.1823019999996));
#8202=CARTESIAN_POINT('',(-59.9758639999927,1.56,-32.1823019999996));
#8203=CARTESIAN_POINT('',(-59.9758639999927,1.56,-32.1823019999996));
#8204=CARTESIAN_POINT('',(-59.978339,1.56,-32.014036));
#8205=CARTESIAN_POINT('Origin',(-56.05104,1.56,-30.9119));
#8206=CARTESIAN_POINT('',(-57.62604,19.,-30.9119));
#8207=CARTESIAN_POINT('Origin',(-56.05104,19.,-30.9119));
#8208=CARTESIAN_POINT('',(-57.62604,1.56,-30.9119));
#8209=CARTESIAN_POINT('Origin',(-56.97833889387,1.56,-32.011898309195));
#8210=CARTESIAN_POINT('',(-59.4906687099956,1.56,-33.6557940098652));
#8211=CARTESIAN_POINT('',(-59.4906687099956,1.56,-33.6557940098652));
#8212=CARTESIAN_POINT('Origin',(-56.97833889387,1.56,-32.011898309195));
#8213=CARTESIAN_POINT('Origin',(-56.05104,1.56,-30.9119));
#8214=CARTESIAN_POINT('',(-58.1735955509816,1.56,-34.7660870651277));
#8215=CARTESIAN_POINT('',(-58.1735955509816,1.56,-34.7660870651277));
#8216=CARTESIAN_POINT('Origin',(-56.05104,1.56,-30.9119));
#8217=CARTESIAN_POINT('Origin',(-56.97833889387,1.56,-32.011898309195));
#8218=CARTESIAN_POINT('',(-57.146608,1.56,-35.0095439999994));
#8219=CARTESIAN_POINT('',(-57.146608,1.56,-35.0095439999994));
#8220=CARTESIAN_POINT('Origin',(-56.97833889387,1.56,-32.011898309195));
#8221=CARTESIAN_POINT('Origin',(-56.97834,1.56,-35.0119));
#8222=CARTESIAN_POINT('',(-57.146608,1.56,-35.0095439999994));
#8223=CARTESIAN_POINT('Origin',(-55.8157865049597,1.56,-30.7619));
#8224=CARTESIAN_POINT('Origin',(2.2520596214548E-5,19.,-1.07686189476652E-5));
#8225=CARTESIAN_POINT('Origin',(60.02396,1.56,-29.7994702269357));
#8226=CARTESIAN_POINT('',(60.02396,1.56,-32.0119));
#8227=CARTESIAN_POINT('',(60.02396,1.56,-32.0119));
#8228=CARTESIAN_POINT('',(60.02396,1.56,-32.0119));
#8229=CARTESIAN_POINT('Origin',(56.8850033579144,1.56,-35.0119));
#8230=CARTESIAN_POINT('',(56.8850033579144,1.56,-35.0119));
#8231=CARTESIAN_POINT('',(56.8850033579144,1.56,-35.0119));
#8232=CARTESIAN_POINT('',(-56.97834,1.56,-35.0119));
#8233=CARTESIAN_POINT('Origin',(55.97396,1.56,-30.9119));
#8234=CARTESIAN_POINT('',(54.39896,19.,-30.9119));
#8235=CARTESIAN_POINT('Origin',(55.97396,19.,-30.9119));
#8236=CARTESIAN_POINT('',(54.39896,1.56,-30.9119));
#8237=CARTESIAN_POINT('Origin',(55.97396,1.56,-30.9119));
#8238=CARTESIAN_POINT('',(60.0237763794163,1.56,-32.0249980608247));
#8239=CARTESIAN_POINT('',(60.0237763794163,1.56,-32.0249980608247));
#8240=CARTESIAN_POINT('Origin',(55.97396,1.56,-30.9119));
#8241=CARTESIAN_POINT('Origin',(60.02396,1.56,-32.0119));
#8242=CARTESIAN_POINT('',(60.0216,1.56,-32.180244));
#8243=CARTESIAN_POINT('Origin',(55.89896,1.56,-30.8619));
#8244=CARTESIAN_POINT('Origin',(2.2520596214548E-5,19.,-1.07686189476652E-5));
#8245=CARTESIAN_POINT('Origin',(-60.0217888389385,1.56,29.0175384320027));
#8246=CARTESIAN_POINT('',(-60.023903,1.56,31.987183));
#8247=CARTESIAN_POINT('',(-60.023903,1.56,31.987183));
#8248=CARTESIAN_POINT('',(-60.023903,1.56,31.987183));
#8249=CARTESIAN_POINT('Origin',(-57.024498,1.56,34.989319));
#8250=CARTESIAN_POINT('',(-57.024498,1.56,34.989319));
#8251=CARTESIAN_POINT('',(-57.024498,1.56,34.989319));
#8252=CARTESIAN_POINT('',(57.023367,1.56,35.011881));
#8253=CARTESIAN_POINT('Origin',(-57.1929029999999,1.56,34.987012));
#8254=CARTESIAN_POINT('',(-57.1929029999998,1.56,34.9870119999968));
#8255=CARTESIAN_POINT('',(-57.1929029999998,1.56,34.9870119999968));
#8256=CARTESIAN_POINT('',(-57.024498,1.56,34.989319));
#8257=CARTESIAN_POINT('Origin',(-56.05104,1.56,30.9131));
#8258=CARTESIAN_POINT('',(-57.62604,19.,30.9131));
#8259=CARTESIAN_POINT('Origin',(-56.05104,19.,30.9131));
#8260=CARTESIAN_POINT('',(-57.62604,1.56,30.9131));
#8261=CARTESIAN_POINT('Origin',(-57.02394014454,1.56,31.98930063725));
#8262=CARTESIAN_POINT('',(-58.2057780676679,1.56,34.7493877707158));
#8263=CARTESIAN_POINT('',(-58.2057780676679,1.56,34.7493877707158));
#8264=CARTESIAN_POINT('Origin',(-57.02394014454,1.56,31.98930063725));
#8265=CARTESIAN_POINT('Origin',(-56.05104,1.56,30.9131));
#8266=CARTESIAN_POINT('',(-59.6511767332323,1.56,33.4427275421555));
#8267=CARTESIAN_POINT('',(-59.6511767332323,1.56,33.4427275421555));
#8268=CARTESIAN_POINT('Origin',(-56.05104,1.56,30.9131));
#8269=CARTESIAN_POINT('Origin',(-57.02394014454,1.56,31.98930063725));
#8270=CARTESIAN_POINT('',(-60.0218010000005,1.56,32.1555900000001));
#8271=CARTESIAN_POINT('',(-60.0218010000005,1.56,32.1555900000001));
#8272=CARTESIAN_POINT('Origin',(-57.02394014454,1.56,31.98930063725));
#8273=CARTESIAN_POINT('Origin',(-60.023903,1.56,31.987183));
#8274=CARTESIAN_POINT('',(-60.0218010000005,1.56,32.1555900000001));
#8275=CARTESIAN_POINT('Origin',(-55.8374715,1.56,30.7514695279657));
#8276=CARTESIAN_POINT('Origin',(2.2520596214548E-5,19.,-1.07686189476652E-5));
#8277=CARTESIAN_POINT('Origin',(48.4725351769836,20.,-26.1354433191766));
#8278=CARTESIAN_POINT('',(48.4725351769835,20.,-31.1728237845415));
#8279=CARTESIAN_POINT('',(48.4725351769839,20.,-26.1354433191766));
#8280=CARTESIAN_POINT('',(48.4725351769843,20.,31.3671762154739));
#8281=CARTESIAN_POINT('',(48.4725351769835,20.,-31.1728237845415));
#8282=CARTESIAN_POINT('',(48.4725351769839,20.,-26.1354433191766));
#8283=CARTESIAN_POINT('Origin',(50.9725351769837,20.,-26.1354433191766));
#8284=CARTESIAN_POINT('',(50.9725351769837,20.,-26.1354433191766));
#8285=CARTESIAN_POINT('',(48.4725351769839,20.,-26.1354433191766));
#8286=CARTESIAN_POINT('',(50.9725351769837,20.,-26.1354433191766));
#8287=CARTESIAN_POINT('Origin',(50.9725351769844,20.,26.3151366598122));
#8288=CARTESIAN_POINT('',(50.9725351769844,20.,26.3151366598122));
#8289=CARTESIAN_POINT('',(50.9725351769845,20.,33.3671762154733));
#8290=CARTESIAN_POINT('',(50.9725351769844,20.,26.3151366598122));
#8291=CARTESIAN_POINT('Origin',(48.4725351769839,20.,26.3151366598122));
#8292=CARTESIAN_POINT('',(48.4725351769839,20.,26.3151366598122));
#8293=CARTESIAN_POINT('',(48.4725351769839,20.,26.3151366598122));
#8294=CARTESIAN_POINT('',(48.4725351769839,20.,26.3151366598122));
#8295=CARTESIAN_POINT('Origin',(48.4725351769843,20.,31.3671762154739));
#8296=CARTESIAN_POINT('',(48.4725351769843,20.,31.3671762154739));
#8297=CARTESIAN_POINT('',(48.4725351769843,20.,31.3671762154739));
#8298=CARTESIAN_POINT('',(48.4725351769843,20.,31.3671762154739));
#8299=CARTESIAN_POINT('Origin',(-48.6274648230171,20.,31.367176215474));
#8300=CARTESIAN_POINT('',(-48.6274648230171,20.,31.367176215474));
#8301=CARTESIAN_POINT('',(-48.6274648230171,20.,31.367176215474));
#8302=CARTESIAN_POINT('',(-48.6274648230171,20.,31.367176215474));
#8303=CARTESIAN_POINT('Origin',(-48.6274648230172,20.,-31.172823784527));
#8304=CARTESIAN_POINT('',(-48.6274648230172,20.,-31.172823784527));
#8305=CARTESIAN_POINT('',(-48.6274648230172,20.,-31.172823784527));
#8306=CARTESIAN_POINT('',(-48.6274648230172,20.,-31.172823784527));
#8307=CARTESIAN_POINT('Origin',(48.4725351769835,20.,-31.1728237845415));
#8308=CARTESIAN_POINT('',(48.4725351769835,20.,-31.1728237845415));
#8309=CARTESIAN_POINT('Origin',(-0.0774648230158981,20.,0.0971762154660682));
#8310=CARTESIAN_POINT('',(50.4725337570196,20.,-34.0728237845418));
#8311=CARTESIAN_POINT('Origin',(50.4725351769829,20.,-33.1728237845412));
#8312=CARTESIAN_POINT('',(-50.6386373744029,20.,-34.0728237845267));
#8313=CARTESIAN_POINT('',(-25.3580510987119,20.,-34.0728237845305));
#8314=CARTESIAN_POINT('',(-51.5274648230172,20.,-33.1771164866662));
#8315=CARTESIAN_POINT('Origin',(-50.5866112499898,20.,-33.1323433978413));
#8316=CARTESIAN_POINT('',(-51.5274648230171,20.,33.3710346400371));
#8317=CARTESIAN_POINT('',(-51.5274648230172,20.,16.7341054277516));
#8318=CARTESIAN_POINT('',(-50.631315764771,20.,34.2671762154737));
#8319=CARTESIAN_POINT('Origin',(-50.588180849023,20.,33.3278918812705));
#8320=CARTESIAN_POINT('',(50.4725351769847,20.,34.267176215474));
#8321=CARTESIAN_POINT('',(25.1975351769844,20.,34.2671762154739));
#8322=CARTESIAN_POINT('Origin',(50.4725351769847,20.,33.3671762154733));
#8323=CARTESIAN_POINT('Origin',(50.4725351769847,22.,33.3671762154733));
#8324=CARTESIAN_POINT('',(50.4725351769847,22.,34.267176215474));
#8325=CARTESIAN_POINT('Origin',(50.4725351769847,22.,34.267176215474));
#8326=CARTESIAN_POINT('',(-50.631315764771,22.,34.2671762154737));
#8327=CARTESIAN_POINT('Origin',(-50.588180849023,22.,33.3278918812705));
#8328=CARTESIAN_POINT('',(-51.5274648230171,22.,33.3710346400371));
#8329=CARTESIAN_POINT('Origin',(-50.6386373744029,22.,-34.0728237845267));
#8330=CARTESIAN_POINT('',(50.4725337570196,22.,-34.0728237845418));
#8331=CARTESIAN_POINT('',(-50.6386373744029,22.,-34.0728237845267));
#8332=CARTESIAN_POINT('Origin',(-50.5866112499898,22.,-33.1323433978413));
#8333=CARTESIAN_POINT('',(-51.5274648230172,22.,-33.1771164866662));
#8334=CARTESIAN_POINT('Origin',(-51.5274648230171,22.,33.3710346400371));
#8335=CARTESIAN_POINT('Origin',(50.4725351769829,22.,-33.1728237845412));
#8336=CARTESIAN_POINT('Origin',(2.2520596214548E-5,19.,-1.07686189476652E-5));
#8337=CARTESIAN_POINT('Origin',(57.001864651423,0.,-32.012201651423));
#8338=CARTESIAN_POINT('',(60.5992751194344,0.,-32.2010046902987));
#8339=CARTESIAN_POINT('',(57.1906676902852,0.,-35.6096121194351));
#8340=CARTESIAN_POINT('Origin',(57.0060684674579,0.,-35.6122000000003));
#8341=CARTESIAN_POINT('',(57.0060684674579,0.,-35.6122000000003));
#8342=CARTESIAN_POINT('Origin',(-57.002504028821,0.,-35.6122));
#8343=CARTESIAN_POINT('',(-57.002504028821,0.,-35.6122));
#8344=CARTESIAN_POINT('Origin',(-57.1870942906178,0.,-35.6096143612708));
#8345=CARTESIAN_POINT('',(-57.1870942906178,0.,-35.6096143612708));
#8346=CARTESIAN_POINT('Origin',(-56.99833849664,0.,-32.012201246918));
#8347=CARTESIAN_POINT('',(-60.5957424392539,0.,-32.2011317599195));
#8348=CARTESIAN_POINT('Origin',(-60.5983017715666,0.,-32.0165407397558));
#8349=CARTESIAN_POINT('Origin',(-60.5992391812685,0.,32.1770155599818));
#8350=CARTESIAN_POINT('',(-60.5992391812685,0.,32.1770155599818));
#8351=CARTESIAN_POINT('Origin',(-57.0018371641,0.,31.98840004974));
#8352=CARTESIAN_POINT('',(-57.1914306546179,0.,35.5857506570877));
#8353=CARTESIAN_POINT('Origin',(-57.0068494066764,0.,35.5884240948387));
#8354=CARTESIAN_POINT('',(-57.0068494066764,0.,35.5884240948387));
#8355=CARTESIAN_POINT('Origin',(57.0051647326205,0.,35.6121758310665));
#8356=CARTESIAN_POINT('',(57.0051647326205,0.,35.6121758310665));
#8357=CARTESIAN_POINT('Origin',(57.1897863507231,0.,35.6097207301061));
#8358=CARTESIAN_POINT('',(57.1897863507231,0.,35.6097207301061));
#8359=CARTESIAN_POINT('Origin',(57.001864978913,0.,32.01220236626));
#8360=CARTESIAN_POINT('',(60.5993432117924,0.,32.2008904266969));
#8361=CARTESIAN_POINT('Origin',(60.6018629999999,0.,32.0162693386851));
#8362=CARTESIAN_POINT('Origin',(60.5992751194344,0.,-32.2010046902987));
#8363=CARTESIAN_POINT('Origin',(57.001864651423,0.,-32.012201651423));
#8364=CARTESIAN_POINT('',(62.4986307917783,0.,-32.2602833154423));
#8365=CARTESIAN_POINT('Origin',(62.501863,0.,-32.0297227811707));
#8366=CARTESIAN_POINT('Origin',(62.501863,0.,32.0292347444965));
#8367=CARTESIAN_POINT('Origin',(62.4987167949615,0.,32.2597524505454));
#8368=CARTESIAN_POINT('',(62.4987167949615,0.,32.2597524505454));
#8369=CARTESIAN_POINT('Origin',(57.001864978913,0.,32.01220236626));
#8370=CARTESIAN_POINT('',(57.2480995600546,0.,37.5091132681098));
#8371=CARTESIAN_POINT('Origin',(57.0175993863984,0.,37.5121784627621));
#8372=CARTESIAN_POINT('',(57.0175993863984,0.,37.5121784627621));
#8373=CARTESIAN_POINT('Origin',(-57.0208061941332,0.,37.4884212284997));
#8374=CARTESIAN_POINT('',(-57.0208061941332,0.,37.4884212284997));
#8375=CARTESIAN_POINT('Origin',(-57.2513840090571,0.,37.4850815857037));
#8376=UNCERTAINTY_MEASURE_WITH_UNIT(LENGTH_MEASURE(0.01),#8380,
'DISTANCE_ACCURACY_VALUE',
'Maximum model space distance between geometric entities at asserted c
onnectivities');
#8377=UNCERTAINTY_MEASURE_WITH_UNIT(LENGTH_MEASURE(0.01),#8380,
'DISTANCE_ACCURACY_VALUE',
'Maximum model space distance between geometric entities at asserted c
onnectivities');
#8378=(
GEOMETRIC_REPRESENTATION_CONTEXT(3)
GLOBAL_UNCERTAINTY_ASSIGNED_CONTEXT((#8376))
GLOBAL_UNIT_ASSIGNED_CONTEXT((#8380,#8382,#8383))
REPRESENTATION_CONTEXT('','3D')
);
#8379=(
GEOMETRIC_REPRESENTATION_CONTEXT(3)
GLOBAL_UNCERTAINTY_ASSIGNED_CONTEXT((#8377))
GLOBAL_UNIT_ASSIGNED_CONTEXT((#8380,#8382,#8383))
REPRESENTATION_CONTEXT('','3D')
);
#8380=(
LENGTH_UNIT()
NAMED_UNIT(*)
SI_UNIT(.MILLI.,.METRE.)
);
#8381=(
LENGTH_UNIT()
NAMED_UNIT(*)
SI_UNIT($,.METRE.)
);
#8382=(
NAMED_UNIT(*)
PLANE_ANGLE_UNIT()
SI_UNIT($,.RADIAN.)
);
#8383=(
NAMED_UNIT(*)
SI_UNIT($,.STERADIAN.)
SOLID_ANGLE_UNIT()
);
#8384=SHAPE_DEFINITION_REPRESENTATION(#8385,#8386);
#8385=PRODUCT_DEFINITION_SHAPE('',$,#8388);
#8386=SHAPE_REPRESENTATION('',(#4633),#8378);
#8387=PRODUCT_DEFINITION_CONTEXT('part definition',#8392,'design');
#8388=PRODUCT_DEFINITION('2026-09-01-18-10-06-402','TEMP_STEP_EXPORT',#8389,
#8387);
#8389=PRODUCT_DEFINITION_FORMATION('',$,#8394);
#8390=PRODUCT_RELATED_PRODUCT_CATEGORY('TEMP_STEP_EXPORT',
'TEMP_STEP_EXPORT',(#8394));
#8391=APPLICATION_PROTOCOL_DEFINITION('international standard',
'automotive_design',2009,#8392);
#8392=APPLICATION_CONTEXT(
'Core Data for Automotive Mechanical Design Process');
#8393=PRODUCT_CONTEXT('part definition',#8392,'mechanical');
#8394=PRODUCT('2026-09-01-18-10-06-402','TEMP_STEP_EXPORT',$,(#8393));
#8395=PRESENTATION_STYLE_ASSIGNMENT((#8396));
#8396=SURFACE_STYLE_USAGE(.BOTH.,#8397);
#8397=SURFACE_SIDE_STYLE('',(#8398));
#8398=SURFACE_STYLE_FILL_AREA(#8399);
#8399=FILL_AREA_STYLE('Steel - Satin',(#8400));
#8400=FILL_AREA_STYLE_COLOUR('Steel - Satin',#8401);
#8401=COLOUR_RGB('Steel - Satin',0.627450980392157,0.627450980392157,0.627450980392157);
ENDSEC;
END-ISO-10303-21;
